-71.1042313354,42.3705834216,-71.1047407565,42.370785628,Broadway,Broadwa_26,1365.0,1348.0,None,
-71.1047407565,42.370785628,-71.104779116,42.370800029,Broadway,Broadwa_27,1348.0,1343.0,None,
-71.104779116,42.370800029,-71.1047839156,42.3708018291,Broadway,Broadwa_27,1348.0,1343.0,None,
-71.1047839156,42.3708018291,-71.1048390682,42.370823395,Broadway,Broadwa_27,1348.0,1343.0,None,
-71.0935018491,42.3663564815,-71.0936048976,42.3663978422,Broadway,Broadwa_9,1662.0,1657.0,None,
-71.0936048976,42.3663978422,-71.0937067739,42.3664373876,Broadway,Broadwa_10,1657.0,1641.0,None,
-71.0937067739,42.3664373876,-71.0941166733,42.3665974427,Broadway,Broadwa_10,1657.0,1641.0,None,
-71.0941166733,42.3665974427,-71.0942461228,42.3666477868,Broadway,Broadwa_10,1657.0,1641.0,None,
-71.0942461228,42.3666477868,-71.0943456001,42.3666864724,Broadway,Broadwa_11,1641.0,1629.0,None,
-71.0943456001,42.3666864724,-71.0947422786,42.3668429113,Broadway,Broadwa_11,1641.0,1629.0,None,
-71.0947422786,42.3668429113,-71.0948429721,42.3668824515,Broadway,Broadwa_11,1641.0,1629.0,None,
-71.0948429721,42.3668824515,-71.094886126,42.3668986564,Broadway,Broadwa_12,1629.0,1611.0,None,
-71.094886126,42.3668986564,-71.0952432793,42.3670389014,Broadway,Broadwa_12,1629.0,1611.0,None,
-71.0952432793,42.3670389014,-71.0954158734,42.3671072325,Broadway,Broadwa_12,1629.0,1611.0,None,
-71.0920696731,42.3657918655,-71.0922374614,42.3658584007,Broadway,Broadwa_7,1694.0,1682.0,None,
-71.0922374614,42.3658584007,-71.092505898,42.3659653833,Broadway,Broadwa_7,1694.0,1682.0,None,
-71.092505898,42.3659653833,-71.0926437159,42.3660202043,Broadway,Broadwa_7,1694.0,1682.0,None,
-71.0911119664,42.3654347253,-71.0911563509,42.3654491523,Broadway,Broadwa_6,1712.0,1694.0,None,
-71.0911563509,42.3654491523,-71.0911731154,42.3654545628,Broadway,Broadwa_6,1712.0,1694.0,None,
-71.0911731154,42.3654545628,-71.0912738563,42.3654860936,Broadway,Broadwa_6,1712.0,1694.0,None,
-71.0912738563,42.3654860936,-71.0918803273,42.3657172408,Broadway,Broadwa_6,1712.0,1694.0,None,
-71.0918803273,42.3657172408,-71.0920696731,42.3657918655,Broadway,Broadwa_6,1712.0,1694.0,None,
-71.1097284631,42.3727521867,-71.1098327485,42.372794415,Broadway,Broadwa_38,1172.0,1128.0,None,
-71.1098327485,42.372794415,-71.1108360647,42.3731960886,Broadway,Broadwa_38,1172.0,1128.0,None,
-71.1124435477,42.3738332562,-71.1125131002,42.3738610959,Broadway,Broadwa_41,1085.0,1076.0,None,
-71.1125131002,42.3738610959,-71.1126941104,42.3739329965,Broadway,Broadwa_41,1085.0,1076.0,None,
-71.1126941104,42.3739329965,-71.1127803892,42.3739671488,Broadway,Broadwa_41,1085.0,1076.0,None,
-71.0826672048,42.3620711553,-71.0829097315,42.3620960732,Broadway,Broadwa_1,1912.0,2185.0,None,
-71.0829097315,42.3620960732,-71.0831161962,42.3621244547,Broadway,Broadwa_1,1912.0,2185.0,None,
-71.0831161962,42.3621244547,-71.0833502067,42.3621671774,Broadway,Broadwa_1,1912.0,2185.0,None,
-71.0833502067,42.3621671774,-71.0835504884,42.3622186958,Broadway,Broadwa_1,1912.0,2185.0,None,
-71.0835504884,42.3622186958,-71.0836979339,42.3622699952,Broadway,Broadwa_1,1912.0,2185.0,None,
-71.0836979339,42.3622699952,-71.083822474,42.362332819,Broadway,Broadwa_1,1912.0,2185.0,None,
-71.083822474,42.362332819,-71.0839349775,42.3623973827,Broadway,Broadwa_1,1912.0,2185.0,None,
-71.0839349775,42.3623973827,-71.0840940797,42.3625048951,Broadway,Broadwa_1,1912.0,2185.0,None,
-71.0840940797,42.3625048951,-71.0842064959,42.362582822,Broadway,Broadwa_1,1912.0,2185.0,None,
-71.0842064959,42.362582822,-71.0843249026,42.3626669995,Broadway,Broadwa_1,1912.0,2185.0,None,
-71.1108360647,42.3731960886,-71.1109127786,42.3732266427,Broadway,Broadwa_39,1128.0,1109.0,None,
-71.1109127786,42.3732266427,-71.1113826638,42.3734135658,Broadway,Broadwa_39,1128.0,1109.0,None,
-71.1113826638,42.3734135658,-71.1123356747,42.3737901127,Broadway,Broadwa_40,1109.0,1085.0,None,
-71.1123356747,42.3737901127,-71.1124435477,42.3738332562,Broadway,Broadwa_40,1109.0,1085.0,None,
-71.089408821,42.3647907138,-71.0897876369,42.3649248242,Broadway,Broadwa_5,2190.0,1712.0,None,
-71.0897876369,42.3649248242,-71.090776397,42.3653070022,Broadway,Broadwa_5,2190.0,1712.0,None,
-71.090776397,42.3653070022,-71.0911119664,42.3654347253,Broadway,Broadwa_5,2190.0,1712.0,None,
-71.0926437159,42.3660202043,-71.0935018491,42.3663564815,Broadway,Broadwa_8,1682.0,1662.0,None,
-71.1036152665,42.3703398215,-71.1036476418,42.3703524186,Broadway,Broadwa_24,1386.0,1383.0,None,
-71.1036476418,42.3703524186,-71.1037099503,42.370377577,Broadway,Broadwa_24,1386.0,1383.0,None,
-71.1037099503,42.370377577,-71.103763881,42.3703991391,Broadway,Broadwa_24,1386.0,1383.0,None,
-71.103763881,42.3703991391,-71.1042313354,42.3705834216,Broadway,Broadwa_25,1383.0,1365.0,None,
-71.1060940437,42.3713195476,-71.1061815366,42.371353709,Broadway,Broadwa_30,1302.0,1275.0,None,
-71.1061815366,42.371353709,-71.1066885702,42.3715550204,Broadway,Broadwa_30,1302.0,1275.0,None,
-71.1066885702,42.3715550204,-71.1068180288,42.371607134,Broadway,Broadwa_30,1302.0,1275.0,None,
-71.1068467899,42.3716179342,-71.1069738488,42.3716691612,Broadway,Broadwa_32,1274.0,1251.0,None,
-71.1069738488,42.3716691612,-71.1072902952,42.3717940821,Broadway,Broadwa_32,1274.0,1251.0,None,
-71.1072902952,42.3717940821,-71.1073993825,42.3718372346,Broadway,Broadwa_32,1274.0,1251.0,None,
-71.1068180288,42.371607134,-71.1068467899,42.3716179342,Broadway,Broadwa_31,1275.0,1274.0,None,
-71.1029332252,42.3700719523,-71.1030231458,42.3701079082,Broadway,Broadwa_23,1403.0,1386.0,None,
-71.1030231458,42.3701079082,-71.1035517312,42.3703155645,Broadway,Broadwa_23,1403.0,1386.0,None,
-71.1035517312,42.3703155645,-71.1036152665,42.3703398215,Broadway,Broadwa_23,1403.0,1386.0,None,
-71.1048390682,42.370823395,-71.1049361588,42.3708611577,Broadway,Broadwa_28,1343.0,1313.0,None,
-71.1049361588,42.3708611577,-71.1056385461,42.371138881,Broadway,Broadwa_28,1343.0,1313.0,None,
-71.1056385461,42.371138881,-71.1057392532,42.3711784391,Broadway,Broadwa_28,1343.0,1313.0,None,
-71.1057392532,42.3711784391,-71.1058255615,42.3712125968,Broadway,Broadwa_29,1313.0,1302.0,None,
-71.1058255615,42.3712125968,-71.1059837794,42.3712755117,Broadway,Broadwa_29,1313.0,1302.0,None,
-71.1059837794,42.3712755117,-71.1060940437,42.3713195476,Broadway,Broadwa_29,1313.0,1302.0,None,
-71.1073993825,42.3718372346,-71.1074916711,42.3718740732,Broadway,Broadwa_33,1251.0,1233.0,None,
-71.1074916711,42.3718740732,-71.1078009514,42.3719971846,Broadway,Broadwa_33,1251.0,1233.0,None,
-71.1078009514,42.3719971846,-71.1079375799,42.3720511049,Broadway,Broadwa_33,1251.0,1233.0,None,
-71.1079975343,42.3720744967,-71.1080946233,42.3721131348,Broadway,Broadwa_35,1229.0,1204.0,None,
-71.1080946233,42.3721131348,-71.1083439252,42.3722110967,Broadway,Broadwa_35,1229.0,1204.0,None,
-71.1083439252,42.3722110967,-71.1085201687,42.3722802985,Broadway,Broadwa_35,1229.0,1204.0,None,
-71.1085201687,42.3722802985,-71.1086172581,42.3723189636,Broadway,Broadwa_35,1229.0,1204.0,None,
-71.1079375799,42.3720511049,-71.1079975343,42.3720744967,Broadway,Broadwa_34,1233.0,1229.0,None,
-71.1127803892,42.3739671488,-71.1128715051,42.374003101,Broadway,Broadwa_42,1076.0,1059.0,None,
-71.1128715051,42.374003101,-71.1130585266,42.3740785611,Broadway,Broadwa_42,1076.0,1059.0,None,
-71.1130585266,42.3740785611,-71.1133317571,42.3741997526,Broadway,Broadwa_42,1076.0,1059.0,None,
-71.1133317571,42.3741997526,-71.1134743075,42.3742733063,Broadway,Broadwa_42,1076.0,1059.0,None,
-71.1134743075,42.3742733063,-71.1135784889,42.3743333674,Broadway,Broadwa_42,1076.0,1059.0,None,
-71.1135784889,42.3743333674,-71.1136383399,42.3743683084,Broadway,Broadwa_43,1059.0,1054.0,None,
-71.1136383399,42.3743683084,-71.1137269589,42.3744193988,Broadway,Broadwa_44,1054.0,1018.0,None,
-71.1137269589,42.3744193988,-71.1137616635,42.374439108,Broadway,Broadwa_44,1054.0,1018.0,None,
-71.1137616635,42.374439108,-71.1142465953,42.3747285335,Broadway,Broadwa_44,1054.0,1018.0,None,
-71.1142465953,42.3747285335,-71.1143448547,42.3747707375,Broadway,Broadwa_44,1054.0,1018.0,None,
-71.1144766773,42.3748317685,-71.1145414045,42.3748622799,Broadway,Broadwa_46,1012.0,950.0,None,
-71.1145414045,42.3748622799,-71.1151219434,42.3752357711,Broadway,Broadwa_46,1012.0,950.0,None,
-71.1151219434,42.3752357711,-71.1154259788,42.3754292571,Broadway,Broadwa_46,1012.0,950.0,None,
-71.1154259788,42.3754292571,-71.1157336917,42.3756147145,Broadway,Broadwa_46,1012.0,950.0,None,
-71.1143448547,42.3747707375,-71.1144766773,42.3748317685,Broadway,Broadwa_45,1018.0,1012.0,None,
-71.0874160645,42.3639807738,-71.0887220803,42.3645298499,Broadway,Broadwa_4,2158.0,2190.0,None,
-71.0887220803,42.3645298499,-71.0890229095,42.3646440912,Broadway,Broadwa_4,2158.0,2190.0,None,
-71.0890229095,42.3646440912,-71.089408821,42.3647907138,Broadway,Broadwa_4,2158.0,2190.0,None,
-71.0859183909,42.3633427705,-71.0863676575,42.3635368572,Broadway,Broadwa_3,1845.0,2158.0,None,
-71.0863676575,42.3635368572,-71.0871896087,42.3638846318,Broadway,Broadwa_3,1845.0,2158.0,None,
-71.0871896087,42.3638846318,-71.0873956978,42.3639717825,Broadway,Broadwa_3,1845.0,2158.0,None,
-71.0873956978,42.3639717825,-71.0874160645,42.3639807738,Broadway,Broadwa_3,1845.0,2158.0,None,
-71.1029332252,42.3700719523,-71.1028061671,42.3700216263,Broadway,Broadwa_22,1442.0,1403.0,None,
-71.1028061671,42.3700216263,-71.1020019293,42.3697025366,Broadway,Broadwa_22,1442.0,1403.0,None,
-71.1020019293,42.3697025366,-71.1019995297,42.3697016228,Broadway,Broadwa_22,1442.0,1403.0,None,
-71.1010214553,42.3693168899,-71.1008656468,42.369254882,Broadway,Broadwa_20,1489.0,1471.0,None,
-71.1008656468,42.369254882,-71.1007937418,42.3692261215,Broadway,Broadwa_20,1489.0,1471.0,None,
-71.1007937418,42.3692261215,-71.1005803789,42.3691425097,Broadway,Broadwa_20,1489.0,1471.0,None,
-71.1005803789,42.3691425097,-71.1005252719,42.3691200364,Broadway,Broadwa_20,1489.0,1471.0,None,
-71.1019995297,42.3697016228,-71.1015069072,42.3695083531,Broadway,Broadwa_21,1471.0,1442.0,None,
-71.1015069072,42.3695083531,-71.1011664924,42.3693735367,Broadway,Broadwa_21,1471.0,1442.0,None,
-71.1011664924,42.3693735367,-71.1010214553,42.3693168899,Broadway,Broadwa_21,1471.0,1442.0,None,
-71.0963950636,42.3674920174,-71.0967378319,42.3676259782,Broadway,Broadwa_14,1587.0,1578.0,None,
-71.0843249026,42.3626669995,-71.0859183909,42.3633427705,Broadway,Broadwa_2,2185.0,1845.0,None,
-71.0990006862,42.3685195409,-71.0991313219,42.3685707891,Broadway,Broadwa_18,1523.0,1504.0,None,
-71.0991313219,42.3685707891,-71.0995232618,42.3687254112,Broadway,Broadwa_18,1523.0,1504.0,None,
-71.0995232618,42.3687254112,-71.0998564761,42.3688566676,Broadway,Broadwa_18,1523.0,1504.0,None,
-71.0998564761,42.3688566676,-71.0999523398,42.3688944028,Broadway,Broadwa_18,1523.0,1504.0,None,
-71.0999523398,42.3688944028,-71.1000518186,42.3689339616,Broadway,Broadwa_19,1504.0,1489.0,None,
-71.1000518186,42.3689339616,-71.1003071159,42.3690337456,Broadway,Broadwa_19,1504.0,1489.0,None,
-71.1003071159,42.3690337456,-71.1004473468,42.3690894711,Broadway,Broadwa_19,1504.0,1489.0,None,
-71.1004473468,42.3690894711,-71.1005252719,42.3691200364,Broadway,Broadwa_19,1504.0,1489.0,None,
-71.0982012431,42.3682031303,-71.0983043405,42.3682435814,Broadway,Broadwa_17,1537.0,1523.0,None,
-71.0983043405,42.3682435814,-71.0986087545,42.3683640389,Broadway,Broadwa_17,1537.0,1523.0,None,
-71.0986087545,42.3683640389,-71.0988808389,42.3684710193,Broadway,Broadwa_17,1537.0,1523.0,None,
-71.0988808389,42.3684710193,-71.0990006862,42.3685195409,Broadway,Broadwa_17,1537.0,1523.0,None,
-71.0973598739,42.3678705145,-71.0974629646,42.3679118444,Broadway,Broadwa_16,1561.0,1537.0,None,
-71.0974629646,42.3679118444,-71.0978213077,42.3680529911,Broadway,Broadwa_16,1561.0,1537.0,None,
-71.0978213077,42.3680529911,-71.0980514178,42.3681438012,Broadway,Broadwa_16,1561.0,1537.0,None,
-71.0980514178,42.3681438012,-71.0982012431,42.3682031303,Broadway,Broadwa_16,1561.0,1537.0,None,
-71.0967378319,42.3676259782,-71.0972699909,42.3678354598,Broadway,Broadwa_15,1578.0,1561.0,None,
-71.0972699909,42.3678354598,-71.0973598739,42.3678705145,Broadway,Broadwa_15,1578.0,1561.0,None,
-71.0954158734,42.3671072325,-71.0955824591,42.367171975,Broadway,Broadwa_13,1611.0,1587.0,None,
-71.0955824591,42.367171975,-71.0962416581,42.3674317678,Broadway,Broadwa_13,1611.0,1587.0,None,
-71.0962416581,42.3674317678,-71.0963950636,42.3674920174,Broadway,Broadwa_13,1611.0,1587.0,None,
-71.1092225762,42.3725573936,-71.1093832176,42.3726209183,Broadway,Broadwa_37,1194.0,1172.0,None,
-71.1093832176,42.3726209183,-71.1094240232,42.372629097,Broadway,Broadwa_37,1194.0,1172.0,None,
-71.1094240232,42.372629097,-71.1094695793,42.3726470607,Broadway,Broadwa_37,1194.0,1172.0,None,
-71.1094695793,42.3726470607,-71.1096374097,42.3727126649,Broadway,Broadwa_37,1194.0,1172.0,None,
-71.1096374097,42.3727126649,-71.1097284631,42.3727521867,Broadway,Broadwa_37,1194.0,1172.0,None,
-71.1086172581,42.3723189636,-71.1087215477,42.3723602874,Broadway,Broadwa_36,1204.0,1194.0,None,
-71.1087215477,42.3723602874,-71.1092225762,42.3725573936,Broadway,Broadwa_36,1204.0,1194.0,None,
-71.1350445519,42.3914839565,-71.1350445519,42.3914839565,Jackson Pl,Jackson_Pl_1,236.0,252.0,Pl\n'],
-71.1350493694,42.3914830662,-71.1350445519,42.3914839565,Jackson Pl,Jackson_Pl_1,236.0,252.0,Pl\n'],
-71.1261710516,42.377732266,-71.1260678261,42.3777141215,St Johns Rd,St-J_Rd_4,815.0,814.0,Rd\n'],
-71.1292808559,42.3937660957,-71.129049214,42.3937109894,Hollis Pk,Hollis_Pk_1,193.0,185.0,Pk\n'],
-71.1000210141,42.3652557728,-71.0998636722,42.365437899,Fiske Pl,Fiske_Pl_1,1703.0,1732.0,Pl\n'],
-71.1349745237,42.3915398503,-71.1349745237,42.3915398503,Jackson Pl,Jackson_Pl_1,236.0,252.0,Pl\n'],
-71.1349854254,42.3915238596,-71.1349745237,42.3915398503,Jackson Pl,Jackson_Pl_1,236.0,252.0,Pl\n'],
-71.1477742079,42.3978523786,-71.1477742079,42.3978523786,Acorn Pk,Acorn_Pk_1,55.0,2132.0,Pk\n'],
-71.1483381107,42.3978353887,-71.1477742079,42.3978523786,Acorn Pk,Acorn_Pk_1,55.0,2132.0,Pk\n'],
-71.1390179754,42.3717554693,-71.1390179754,42.3717554693,Shady Hill Rd,Shady-H_Rd_1,1285.0,1255.0,Rd\n'],
-71.1385316957,42.3719062931,-71.1390179754,42.3717554693,Shady Hill Rd,Shady-H_Rd_1,1285.0,1255.0,Rd\n'],
-71.153711633,42.39978871,-71.153711633,42.39978871,Acorn Pk,Acorn_Pk_1,55.0,2132.0,Pk\n'],
-71.0968312275,42.3565555499,-71.096619543,42.3562162147,Endicott St,Endicot_St_2,2089.0,2077.0,St\n'],
-71.1490631551,42.3978010787,-71.1490631551,42.3978010787,Acorn Pk,Acorn_Pk_1,55.0,2132.0,Pk\n'],
-71.1495800178,42.3978080046,-71.1490631551,42.3978010787,Acorn Pk,Acorn_Pk_1,55.0,2132.0,Pk\n'],
-71.0963698448,42.3558161563,-71.0963746657,42.3558143896,Memorial Dr,Memoria_Dr_6,2230.0,2183.0,Dr\n'],
-71.146738056,42.397842068,-71.1463345478,42.3988423256,Acorn Pk,Acorn_Pk_1,55.0,2132.0,Pk\n'],
-71.1350168545,42.3914981103,-71.1350168545,42.3914981103,Jackson Pl,Jackson_Pl_1,236.0,252.0,Pl\n'],
-71.1350240616,42.3914936878,-71.1350168545,42.3914981103,Jackson Pl,Jackson_Pl_1,236.0,252.0,Pl\n'],
-71.0923795998,42.3572268121,-71.0925024224,42.3571827108,Memorial Dr,Memoria_Dr_12,2200.0,2155.0,Dr\n'],
-71.1350782894,42.3914751453,-71.1350782894,42.3914751453,Jackson Pl,Jackson_Pl_1,236.0,252.0,Pl\n'],
-71.1350926893,42.3914751909,-71.1350782894,42.3914751453,Jackson Pl,Jackson_Pl_1,236.0,252.0,Pl\n'],
-71.1032277341,42.3681403695,-71.10347385,42.367786601,St Paul St,St-P_St_3,1565.0,1544.0,St\n'],
-71.10422898,42.3561749299,-71.1047724236,42.3564913259,Talbot St,Talbot_St_1,2080.0,2088.0,St\n'],
-71.1264421225,42.3776181975,-71.1264421225,42.3776181975,St Johns Rd,St-J_Rd_4,815.0,814.0,Rd\n'],
-71.1264856496,42.3775738026,-71.1264421225,42.3776181975,St Johns Rd,St-J_Rd_4,815.0,814.0,Rd\n'],
-71.1262287495,42.3777324535,-71.1262287495,42.3777324535,St Johns Rd,St-J_Rd_4,815.0,814.0,Rd\n'],
-71.1262756615,42.3777228095,-71.1262287495,42.3777324535,St Johns Rd,St-J_Rd_4,815.0,814.0,Rd\n'],
-71.0979449143,42.3563616276,-71.0979449143,42.3563616276,Amherst Aly,Amherst_Aly_2,2077.0,2093.0,Aly\n'],
-71.0979533182,42.3563607789,-71.0979449143,42.3563616276,Amherst Aly,Amherst_Aly_2,2077.0,2093.0,Aly\n'],
-71.1026226783,42.3548569492,-71.1026226783,42.3548569492,Amherst Aly,Amherst_Aly_1,2093.0,2092.0,Aly\n'],
-71.1026358278,42.354872142,-71.1026226783,42.3548569492,Amherst Aly,Amherst_Aly_1,2093.0,2092.0,Aly\n'],
-71.0973423266,42.3564726855,-71.0973423266,42.3564726855,Amherst Aly,Amherst_Aly_2,2077.0,2093.0,Aly\n'],
-71.0975879167,42.3563915792,-71.0973423266,42.3564726855,Amherst Aly,Amherst_Aly_2,2077.0,2093.0,Aly\n'],
-71.0996787817,42.3650380742,-71.099090173,42.3648284343,Columbia Ter,Columbi_Ter_1,1769.0,1756.0,Ter\n'],
-71.1350493694,42.3914830662,-71.1350493694,42.3914830662,Jackson Pl,Jackson_Pl_1,236.0,252.0,Pl\n'],
-71.1350734669,42.3914769136,-71.1350493694,42.3914830662,Jackson Pl,Jackson_Pl_1,236.0,252.0,Pl\n'],
-71.0919449557,42.3674290906,-71.091990664,42.3674221181,Lilac Ct,Lilac_Ct_1,1595.0,1599.0,Ct\n'],
-71.0991499602,42.3559604229,-71.0991499602,42.3559604229,Amherst Aly,Amherst_Aly_1,2093.0,2092.0,Aly\n'],
-71.0992763587,42.355917205,-71.0991499602,42.3559604229,Amherst Aly,Amherst_Aly_1,2093.0,2092.0,Aly\n'],
-71.1534661298,42.37659527,-71.1534661298,42.37659527,Corcoran Ln,Corcora_Ln_1,915.0,835.0,Ln\n'],
-71.1534995416,42.3766372451,-71.1534661298,42.37659527,Corcoran Ln,Corcora_Ln_1,915.0,835.0,Ln\n'],
-71.1266437014,42.3782791022,-71.1266437014,42.3782791022,Berkeley Pl,Berkele_Pl_1,750.0,813.0,Pl\n'],
-71.1269933378,42.3780913347,-71.1266437014,42.3782791022,Berkeley Pl,Berkele_Pl_1,750.0,813.0,Pl\n'],
-71.1121113242,42.3725544134,-71.1115429937,42.3723511354,Trowbridge Pl,Trowbri_Pl_1,1205.0,1188.0,Pl\n'],
-71.0726872727,42.3715392687,-71.0723658724,42.3713861945,North St,North_St_2,2252.0,2253.0,St\n'],
-71.1276079718,42.3777895027,-71.1276079718,42.3777895027,Berkeley Pl,Berkele_Pl_1,750.0,813.0,Pl\n'],
-71.1277721982,42.3776554925,-71.1276079718,42.3777895027,Berkeley Pl,Berkele_Pl_1,750.0,813.0,Pl\n'],
-71.1535728962,42.3983448939,-71.1535728962,42.3983448939,Acorn Pk,Acorn_Pk_1,55.0,2132.0,Pk\n'],
-71.153602621,42.3984064501,-71.1535728962,42.3983448939,Acorn Pk,Acorn_Pk_1,55.0,2132.0,Pk\n'],
-71.1350035455,42.3915078918,-71.1350035455,42.3915078918,Jackson Pl,Jackson_Pl_1,236.0,252.0,Pl\n'],
-71.1350168545,42.3914981103,-71.1350035455,42.3915078918,Jackson Pl,Jackson_Pl_1,236.0,252.0,Pl\n'],
-71.0997080141,42.3600387325,-71.0997080141,42.3600387325,Purrington St,Purring_St_1,1975.0,2014.0,St\n'],
-71.1349854254,42.3915238596,-71.1349854254,42.3915238596,Jackson Pl,Jackson_Pl_1,236.0,252.0,Pl\n'],
-71.1349939169,42.3915149684,-71.1349854254,42.3915238596,Jackson Pl,Jackson_Pl_1,236.0,252.0,Pl\n'],
-71.1349599284,42.3915736657,-71.1349599284,42.3915736657,Jackson Pl,Jackson_Pl_1,236.0,252.0,Pl\n'],
-71.1349611489,42.3915674406,-71.1349599284,42.3915736657,Jackson Pl,Jackson_Pl_1,236.0,252.0,Pl\n'],
-71.1530331222,42.3979111344,-71.1530331222,42.3979111344,Acorn Pk,Acorn_Pk_1,55.0,2132.0,Pk\n'],
-71.1531087068,42.397940751,-71.1530331222,42.3979111344,Acorn Pk,Acorn_Pk_1,55.0,2132.0,Pk\n'],
-71.102525524,42.3548334533,-71.102525524,42.3548334533,Amherst Aly,Amherst_Aly_1,2093.0,2092.0,Aly\n'],
-71.1025351599,42.3548307974,-71.102525524,42.3548334533,Amherst Aly,Amherst_Aly_1,2093.0,2092.0,Aly\n'],
-71.1349708212,42.3917643849,-71.1349708212,42.3917643849,Jackson Pl,Jackson_Pl_1,236.0,252.0,Pl\n'],
-71.1349585575,42.3915995104,-71.1349708212,42.3917643849,Jackson Pl,Jackson_Pl_1,236.0,252.0,Pl\n'],
-71.1349611489,42.3915674406,-71.1349611489,42.3915674406,Jackson Pl,Jackson_Pl_1,236.0,252.0,Pl\n'],
-71.1349672383,42.3915514346,-71.1349611489,42.3915674406,Jackson Pl,Jackson_Pl_1,236.0,252.0,Pl\n'],
-71.1386207581,42.3830227076,-71.1389395727,42.3829675924,Waterman Rd,Waterma_Rd_1,579.0,575.0,Rd\n'],
-71.1540127849,42.3801019094,-71.1540127849,42.3801019094,Fresh Pond Pl,Fresh-P_Pl_1,670.0,707.0,Pl\n'],
-71.154017273,42.3800730828,-71.1540127849,42.3801019094,Fresh Pond Pl,Fresh-P_Pl_1,670.0,707.0,Pl\n'],
-71.1019159914,42.3589807819,-71.1019159914,42.3589807819,Waverly St,Waverly_St_8,2014.0,2038.0,St\n'],
-71.1026247903,42.3586283125,-71.1019159914,42.3589807819,Waverly St,Waverly_St_8,2014.0,2038.0,St\n'],
-71.0976397403,42.3563641276,-71.0976397403,42.3563641276,Amherst Aly,Amherst_Aly_2,2077.0,2093.0,Aly\n'],
-71.0976433403,42.3563623565,-71.0976397403,42.3563641276,Amherst Aly,Amherst_Aly_2,2077.0,2093.0,Aly\n'],
-71.1025615751,42.3548308887,-71.1025615751,42.3548308887,Amherst Aly,Amherst_Aly_1,2093.0,2092.0,Aly\n'],
-71.1025711829,42.3548327056,-71.1025615751,42.3548308887,Amherst Aly,Amherst_Aly_1,2093.0,2092.0,Aly\n'],
-71.0990103309,42.3560071619,-71.0990103309,42.3560071619,Amherst Aly,Amherst_Aly_2,2077.0,2093.0,Aly\n'],
-71.0991499602,42.3559604229,-71.0990103309,42.3560071619,Amherst Aly,Amherst_Aly_2,2077.0,2093.0,Aly\n'],
-71.1349886457,42.3920112421,-71.1349886457,42.3920112421,Jackson Cir,Jackson_Cir_2,236.0,238.0,Cir\n'],
-71.1356993235,42.3919865476,-71.1349886457,42.3920112421,Jackson Cir,Jackson_Cir_2,236.0,238.0,Cir\n'],
-71.1026023292,42.3548452988,-71.1026023292,42.3548452988,Amherst Aly,Amherst_Aly_1,2093.0,2092.0,Aly\n'],
-71.1026155347,42.3548515735,-71.1026023292,42.3548452988,Amherst Aly,Amherst_Aly_1,2093.0,2092.0,Aly\n'],
-71.1263492038,42.3776847412,-71.1263492038,42.3776847412,St Johns Rd,St-J_Rd_4,815.0,814.0,Rd\n'],
-71.1264421225,42.3776181975,-71.1263492038,42.3776847412,St Johns Rd,St-J_Rd_4,815.0,814.0,Rd\n'],
-71.0923924074,42.3731375648,-71.0923924074,42.3731375648,Evereteze Way,Everete_Way_1,1174.0,1083.0,Way\n'],
-71.0923367668,42.3733815081,-71.0923924074,42.3731375648,Evereteze Way,Everete_Way_1,1174.0,1083.0,Way\n'],
-71.1025038791,42.3548396076,-71.1025038791,42.3548396076,Amherst Aly,Amherst_Aly_1,2093.0,2092.0,Aly\n'],
-71.102525524,42.3548334533,-71.1025038791,42.3548396076,Amherst Aly,Amherst_Aly_1,2093.0,2092.0,Aly\n'],
-71.0980520081,42.3563290455,-71.0980520081,42.3563290455,Amherst Aly,Amherst_Aly_2,2077.0,2093.0,Aly\n'],
-71.0990103309,42.3560071619,-71.0980520081,42.3563290455,Amherst Aly,Amherst_Aly_2,2077.0,2093.0,Aly\n'],
-71.1293060507,42.3937750676,-71.1293060507,42.3937750676,Hollis Pk,Hollis_Pk_1,193.0,185.0,Pk\n'],
-71.1293168394,42.3937786696,-71.1293060507,42.3937750676,Hollis Pk,Hollis_Pk_1,193.0,185.0,Pk\n'],
-71.1276395488,42.3950803589,-71.1276395488,42.3950803589,Meacham Rd,Meacham_Rd_1,2167.0,119.0,Rd\n'],
-71.1275816885,42.3951113442,-71.1276395488,42.3950803589,Meacham Rd,Meacham_Rd_1,2167.0,119.0,Rd\n'],
-71.1269933378,42.3780913347,-71.1269933378,42.3780913347,Berkeley Pl,Berkele_Pl_1,750.0,813.0,Pl\n'],
-71.1270776499,42.3780533009,-71.1269933378,42.3780913347,Berkeley Pl,Berkele_Pl_1,750.0,813.0,Pl\n'],
-71.1487132709,42.3978124966,-71.1487132709,42.3978124966,Acorn Pk,Acorn_Pk_1,55.0,2132.0,Pk\n'],
-71.1490631551,42.3978010787,-71.1487132709,42.3978124966,Acorn Pk,Acorn_Pk_1,55.0,2132.0,Pk\n'],
-71.1346541214,42.3781390786,-71.1345065967,42.3776717343,Kennedy Rd,Kennedy_Rd_1,831.0,771.0,Rd\n'],
-71.0980851988,42.3607485652,-71.0977033964,42.3605208983,Cross St,Cross_St_1,1988.0,1975.0,St\n'],
-71.1130658755,42.3781763083,-71.1130658755,42.3781763083,Kirkland Pl,Kirklan_Pl_1,850.0,762.0,Pl\n'],
-71.1131057204,42.3783421842,-71.1130658755,42.3781763083,Kirkland Pl,Kirklan_Pl_1,850.0,762.0,Pl\n'],
-71.1532405487,42.398007088,-71.1532405487,42.398007088,Acorn Pk,Acorn_Pk_1,55.0,2132.0,Pk\n'],
-71.1533052548,42.3980491572,-71.1532405487,42.398007088,Acorn Pk,Acorn_Pk_1,55.0,2132.0,Pk\n'],
-71.135436585,42.3914566884,-71.135436585,42.3914566884,Jackson Pl,Jackson_Pl_1,236.0,252.0,Pl\n'],
-71.1354954853,42.3914559695,-71.135436585,42.3914566884,Jackson Pl,Jackson_Pl_1,236.0,252.0,Pl\n'],
-71.1352934874,42.3914669093,-71.1352934874,42.3914669093,Jackson Pl,Jackson_Pl_1,236.0,252.0,Pl\n'],
-71.1353007109,42.3914660541,-71.1352934874,42.3914669093,Jackson Pl,Jackson_Pl_1,236.0,252.0,Pl\n'],
-71.1025399749,42.354829936,-71.1025399749,42.354829936,Amherst Aly,Amherst_Aly_1,2093.0,2092.0,Aly\n'],
-71.1025495939,42.3548299692,-71.1025399749,42.354829936,Amherst Aly,Amherst_Aly_1,2093.0,2092.0,Aly\n'],
-71.0963698448,42.3558161563,-71.0963698448,42.3558161563,Endicott St,Endicot_St_1,2183.0,2089.0,St\n'],
-71.0975105414,42.3632672152,-71.0974444859,42.3632625112,Main St,Main_St_12,1851.0,1847.0,St\n'],
-71.135428145,42.3914566617,-71.135428145,42.3914566617,Jackson Pl,Jackson_Pl_1,236.0,252.0,Pl\n'],
-71.135436585,42.3914566884,-71.135428145,42.3914566617,Jackson Pl,Jackson_Pl_1,236.0,252.0,Pl\n'],
-71.086254571,42.3650315642,-71.0849809914,42.3644807934,Potter St,Potter_St_2,1789.0,1749.0,St\n'],
-71.0977707804,42.356347655,-71.0977707804,42.356347655,Amherst Aly,Amherst_Aly_2,2077.0,2093.0,Aly\n'],
-71.097877611,42.3563622978,-71.0977707804,42.356347655,Amherst Aly,Amherst_Aly_2,2077.0,2093.0,Aly\n'],
-71.0977071254,42.3563447706,-71.0977071254,42.3563447706,Amherst Aly,Amherst_Aly_2,2077.0,2093.0,Aly\n'],
-71.0977467806,42.3563457874,-71.0977071254,42.3563447706,Amherst Aly,Amherst_Aly_2,2077.0,2093.0,Aly\n'],
-71.0922798989,42.3736263251,-71.0922798989,42.3736263251,Evereteze Way,Everete_Way_1,1174.0,1083.0,Way\n'],
-71.0922906646,42.3736326198,-71.0922798989,42.3736263251,Evereteze Way,Everete_Way_1,1174.0,1083.0,Way\n'],
-71.154017273,42.3800730828,-71.154017273,42.3800730828,Fresh Pond Pl,Fresh-P_Pl_1,670.0,707.0,Pl\n'],
-71.1540097006,42.3800500373,-71.154017273,42.3800730828,Fresh Pond Pl,Fresh-P_Pl_1,670.0,707.0,Pl\n'],
-71.0991107656,42.3558925897,-71.0991107656,42.3558925897,Fowler St,Fowler_St_1,2105.0,2093.0,St\n'],
-71.0991499602,42.3559604229,-71.0991107656,42.3558925897,Fowler St,Fowler_St_1,2105.0,2093.0,St\n'],
-71.1130057813,42.3779809753,-71.1130057813,42.3779809753,Kirkland Pl,Kirklan_Pl_1,850.0,762.0,Pl\n'],
-71.1130658755,42.3781763083,-71.1130057813,42.3779809753,Kirkland Pl,Kirklan_Pl_1,850.0,762.0,Pl\n'],
-71.1293168394,42.3937786696,-71.1293168394,42.3937786696,Hollis Pk,Hollis_Pk_1,193.0,185.0,Pk\n'],
-71.1293372164,42.3937885316,-71.1293168394,42.3937786696,Hollis Pk,Hollis_Pk_1,193.0,185.0,Pk\n'],
-71.1535390463,42.3766614296,-71.1535390463,42.3766614296,Corcoran Ln,Corcora_Ln_1,915.0,835.0,Ln\n'],
-71.1535966604,42.3766767503,-71.1535390463,42.3766614296,Corcoran Ln,Corcora_Ln_1,915.0,835.0,Ln\n'],
-71.0967018531,42.3566878551,-71.0967018531,42.3566878551,Amherst Aly,Amherst_Aly_3,2060.0,2077.0,Aly\n'],
-71.0968776374,42.3566287601,-71.0967018531,42.3566878551,Amherst Aly,Amherst_Aly_3,2060.0,2077.0,Aly\n'],
-71.0968312275,42.3565555499,-71.0968312275,42.3565555499,Endicott St,Endicot_St_2,2089.0,2077.0,St\n'],
-71.0968776374,42.3566287601,-71.0968312275,42.3565555499,Endicott St,Endicot_St_2,2089.0,2077.0,St\n'],
-71.1349696753,42.3915460914,-71.1349696753,42.3915460914,Jackson Pl,Jackson_Pl_1,236.0,252.0,Pl\n'],
-71.1349745237,42.3915398503,-71.1349696753,42.3915460914,Jackson Pl,Jackson_Pl_1,236.0,252.0,Pl\n'],
-71.097877611,42.3563622978,-71.097877611,42.3563622978,Amherst Aly,Amherst_Aly_2,2077.0,2093.0,Aly\n'],
-71.0979100405,42.356365073,-71.097877611,42.3563622978,Amherst Aly,Amherst_Aly_2,2077.0,2093.0,Aly\n'],
-71.1529539174,42.3978868302,-71.1529539174,42.3978868302,Acorn Pk,Acorn_Pk_1,55.0,2132.0,Pk\n'],
-71.1530331222,42.3979111344,-71.1529539174,42.3978868302,Acorn Pk,Acorn_Pk_1,55.0,2132.0,Pk\n'],
-71.1025711829,42.3548327056,-71.1025711829,42.3548327056,Amherst Aly,Amherst_Aly_1,2093.0,2092.0,Aly\n'],
-71.1025748085,42.3548327181,-71.1025711829,42.3548327056,Amherst Aly,Amherst_Aly_1,2093.0,2092.0,Aly\n'],
-71.1483381107,42.3978353887,-71.1483381107,42.3978353887,Acorn Pk,Acorn_Pk_1,55.0,2132.0,Pk\n'],
-71.1487132709,42.3978124966,-71.1483381107,42.3978353887,Acorn Pk,Acorn_Pk_1,55.0,2132.0,Pk\n'],
-71.1353416245,42.3914581712,-71.1353416245,42.3914581712,Jackson Pl,Jackson_Pl_1,236.0,252.0,Pl\n'],
-71.1353440307,42.3914581788,-71.1353416245,42.3914581712,Jackson Pl,Jackson_Pl_1,236.0,252.0,Pl\n'],
-71.1270776499,42.3780533009,-71.1270776499,42.3780533009,Berkeley Pl,Berkele_Pl_1,750.0,813.0,Pl\n'],
-71.1273690553,42.3779553489,-71.1270776499,42.3780533009,Berkeley Pl,Berkele_Pl_1,750.0,813.0,Pl\n'],
-71.1534661298,42.37659527,-71.1534554961,42.3765569308,Corcoran Ln,Corcora_Ln_1,915.0,835.0,Ln\n'],
-71.1533052548,42.3980491572,-71.1533052548,42.3980491572,Acorn Pk,Acorn_Pk_1,55.0,2132.0,Pk\n'],
-71.1533567316,42.3980867411,-71.1533052548,42.3980491572,Acorn Pk,Acorn_Pk_1,55.0,2132.0,Pk\n'],
-71.1026247903,42.3586283125,-71.1026247903,42.3586283125,Waverly St,Waverly_St_8,2014.0,2038.0,St\n'],
-71.1274208575,42.3779323293,-71.1274208575,42.3779323293,Berkeley Pl,Berkele_Pl_1,750.0,813.0,Pl\n'],
-71.1274281006,42.3779279074,-71.1274208575,42.3779323293,Berkeley Pl,Berkele_Pl_1,750.0,813.0,Pl\n'],
-71.1510441464,42.3978178046,-71.1510441464,42.3978178046,Acorn Pk,Acorn_Pk_1,55.0,2132.0,Pk\n'],
-71.1520659463,42.3978191148,-71.1510441464,42.3978178046,Acorn Pk,Acorn_Pk_1,55.0,2132.0,Pk\n'],
-71.153602621,42.3984064501,-71.153602621,42.3984064501,Acorn Pk,Acorn_Pk_1,55.0,2132.0,Pk\n'],
-71.1536463421,42.3985420281,-71.153602621,42.3984064501,Acorn Pk,Acorn_Pk_1,55.0,2132.0,Pk\n'],
-71.1534571766,42.3981805884,-71.1534571766,42.3981805884,Acorn Pk,Acorn_Pk_1,55.0,2132.0,Pk\n'],
-71.1535371643,42.3982850758,-71.1534571766,42.3981805884,Acorn Pk,Acorn_Pk_1,55.0,2132.0,Pk\n'],
-71.1436388351,42.3983011967,-71.1430521172,42.3981024651,Concord Tpk,Concord_Tpk_7,76.0,2211.0,Tpk\n'],
-71.1142846639,42.3779407341,-71.1142846639,42.3779407341,Divinity Ave,Divinit_Ave_1,869.0,737.0,Ave\n'],
-71.1146004175,42.3787819992,-71.1142846639,42.3779407341,Divinity Ave,Divinit_Ave_1,869.0,737.0,Ave\n'],
-71.0979100405,42.356365073,-71.0979100405,42.356365073,Amherst Aly,Amherst_Aly_2,2077.0,2093.0,Aly\n'],
-71.0979136292,42.3563650855,-71.0979100405,42.356365073,Amherst Aly,Amherst_Aly_2,2077.0,2093.0,Aly\n'],
-71.1192242883,42.3763993536,-71.1192242883,42.3763993536,Cambridge St,Cambrid_St_55,886.0,2231.0,St\n'],
-71.1142846639,42.3779407341,-71.1138565723,42.3768059418,Divinity Ave,Divinit_Ave_1,869.0,737.0,Ave\n'],
-71.097650583,42.3563579365,-71.097650583,42.3563579365,Amherst Aly,Amherst_Aly_2,2077.0,2093.0,Aly\n'],
-71.0976782765,42.3563491151,-71.097650583,42.3563579365,Amherst Aly,Amherst_Aly_2,2077.0,2093.0,Aly\n'],
-71.1379163851,42.3975233132,-71.1376624619,42.3975733064,Harvey St,Harvey_St_8,83.0,84.0,St\n'],
-71.1534141377,42.3981368009,-71.1534141377,42.3981368009,Acorn Pk,Acorn_Pk_1,55.0,2132.0,Pk\n'],
-71.1534571766,42.3981805884,-71.1534141377,42.3981368009,Acorn Pk,Acorn_Pk_1,55.0,2132.0,Pk\n'],
-71.1025748085,42.3548327181,-71.1025748085,42.3548327181,Amherst Aly,Amherst_Aly_1,2093.0,2092.0,Aly\n'],
-71.1025831842,42.3548363144,-71.1025748085,42.3548327181,Amherst Aly,Amherst_Aly_1,2093.0,2092.0,Aly\n'],
-71.1527930377,42.3978498216,-71.1527930377,42.3978498216,Acorn Pk,Acorn_Pk_1,55.0,2132.0,Pk\n'],
-71.1529539174,42.3978868302,-71.1527930377,42.3978498216,Acorn Pk,Acorn_Pk_1,55.0,2132.0,Pk\n'],
-71.1349886457,42.3920112421,-71.1350214789,42.3923579483,Jackson Pl,Jackson_Pl_2,2248.0,236.0,Pl\n'],
-71.0992763587,42.355917205,-71.0992763587,42.355917205,Amherst Aly,Amherst_Aly_1,2093.0,2092.0,Aly\n'],
-71.1019188098,42.3550335939,-71.0992763587,42.355917205,Amherst Aly,Amherst_Aly_1,2093.0,2092.0,Aly\n'],
-71.0923924074,42.3731375648,-71.0924492744,42.3728927476,Evereteze Way,Everete_Way_1,1174.0,1083.0,Way\n'],
-71.0922906646,42.3736326198,-71.0922906646,42.3736326198,Evereteze Way,Everete_Way_1,1174.0,1083.0,Way\n'],
-71.0923122335,42.3736451543,-71.0922906646,42.3736326198,Evereteze Way,Everete_Way_1,1174.0,1083.0,Way\n'],
-71.0979364677,42.3563633817,-71.0979364677,42.3563633817,Amherst Aly,Amherst_Aly_2,2077.0,2093.0,Aly\n'],
-71.0979449143,42.3563616276,-71.0979364677,42.3563633817,Amherst Aly,Amherst_Aly_2,2077.0,2093.0,Aly\n'],
-71.1350734669,42.3914769136,-71.1350734669,42.3914769136,Jackson Pl,Jackson_Pl_1,236.0,252.0,Pl\n'],
-71.1350782894,42.3914751453,-71.1350734669,42.3914769136,Jackson Pl,Jackson_Pl_1,236.0,252.0,Pl\n'],
-71.1239224598,42.3749307603,-71.124650892,42.3750944084,Ash Street Pl,Ash-S_Pl_1,985.0,1005.0,Pl\n'],
-71.0923367668,42.3733815081,-71.0923367668,42.3733815081,Evereteze Way,Everete_Way_1,1174.0,1083.0,Way\n'],
-71.0922798989,42.3736263251,-71.0923367668,42.3733815081,Evereteze Way,Everete_Way_1,1174.0,1083.0,Way\n'],
-71.1026358278,42.354872142,-71.1026358278,42.354872142,Amherst Aly,Amherst_Aly_1,2093.0,2092.0,Aly\n'],
-71.1026536771,42.354898931,-71.1026358278,42.354872142,Amherst Aly,Amherst_Aly_1,2093.0,2092.0,Aly\n'],
-71.1536684086,42.3986837425,-71.1536684086,42.3986837425,Acorn Pk,Acorn_Pk_1,55.0,2132.0,Pk\n'],
-71.1536958205,42.3996068965,-71.1536684086,42.3986837425,Acorn Pk,Acorn_Pk_1,55.0,2132.0,Pk\n'],
-71.1272249578,42.3880164355,-71.1272249578,42.3880164355,Walden Mews,Walden_Mews_1,2249.0,2250.0,Mews\n'],
-71.1520659463,42.3978191148,-71.1520659463,42.3978191148,Acorn Pk,Acorn_Pk_1,55.0,2132.0,Pk\n'],
-71.1526116393,42.397827898,-71.1520659463,42.3978191148,Acorn Pk,Acorn_Pk_1,55.0,2132.0,Pk\n'],
-71.1266437014,42.3782791022,-71.1264640424,42.3783809825,Berkeley Pl,Berkele_Pl_1,750.0,813.0,Pl\n'],
-71.1262756615,42.3777228095,-71.1262756615,42.3777228095,St Johns Rd,St-J_Rd_4,815.0,814.0,Rd\n'],
-71.1263492038,42.3776847412,-71.1262756615,42.3777228095,St Johns Rd,St-J_Rd_4,815.0,814.0,Rd\n'],
-71.09762287,42.3563756486,-71.09762287,42.3563756486,Amherst Aly,Amherst_Aly_2,2077.0,2093.0,Aly\n'],
-71.0976397403,42.3563641276,-71.09762287,42.3563756486,Amherst Aly,Amherst_Aly_2,2077.0,2093.0,Aly\n'],
-71.0990334844,42.3557631012,-71.0990263377,42.3557524018,Fowler St,Fowler_St_1,2105.0,2093.0,St\n'],
-71.1536463421,42.3985420281,-71.1536463421,42.3985420281,Acorn Pk,Acorn_Pk_1,55.0,2132.0,Pk\n'],
-71.1536684086,42.3986837425,-71.1536463421,42.3985420281,Acorn Pk,Acorn_Pk_1,55.0,2132.0,Pk\n'],
-71.0923456432,42.3736809183,-71.0923456432,42.3736809183,Evereteze Way,Everete_Way_1,1174.0,1083.0,Way\n'],
-71.1185029805,42.3862696257,-71.1185869695,42.3862939696,Frost Ter,Frost_Ter_1,422.0,423.0,Ter\n'],
-71.1349599128,42.3915763548,-71.1349599128,42.3915763548,Jackson Pl,Jackson_Pl_1,236.0,252.0,Pl\n'],
-71.1349599284,42.3915736657,-71.1349599128,42.3915763548,Jackson Pl,Jackson_Pl_1,236.0,252.0,Pl\n'],
-71.0970305058,42.3565776247,-71.0970305058,42.3565776247,Amherst Aly,Amherst_Aly_2,2077.0,2093.0,Aly\n'],
-71.0973423266,42.3564726855,-71.0970305058,42.3565776247,Amherst Aly,Amherst_Aly_2,2077.0,2093.0,Aly\n'],
-71.1293372164,42.3937885316,-71.1293372164,42.3937885316,Hollis Pk,Hollis_Pk_1,193.0,185.0,Pk\n'],
-71.1293731844,42.3938100511,-71.1293372164,42.3937885316,Hollis Pk,Hollis_Pk_1,193.0,185.0,Pk\n'],
-71.0979244749,42.3563642453,-71.0979244749,42.3563642453,Amherst Aly,Amherst_Aly_2,2077.0,2093.0,Aly\n'],
-71.0979364677,42.3563633817,-71.0979244749,42.3563642453,Amherst Aly,Amherst_Aly_2,2077.0,2093.0,Aly\n'],
-71.1113927506,42.3635626385,-71.1111584962,42.3631644765,Mildred Hamilton Pl,Mildred-H_Pl_1,1862.0,1840.0,Pl\n'],
-71.0976433403,42.3563623565,-71.0976433403,42.3563623565,Amherst Aly,Amherst_Aly_2,2077.0,2093.0,Aly\n'],
-71.097650583,42.3563579365,-71.0976433403,42.3563623565,Amherst Aly,Amherst_Aly_2,2077.0,2093.0,Aly\n'],
-71.1026536771,42.354898931,-71.1026536771,42.354898931,Amherst Aly,Amherst_Aly_1,2093.0,2092.0,Aly\n'],
-71.0879482268,42.3706331542,-71.0876396204,42.3706008756,Thorndike St,Thorndi_St_9,1363.0,1355.0,St\n'],
-71.1540097006,42.3800500373,-71.1540097006,42.3800500373,Fresh Pond Pl,Fresh-P_Pl_1,670.0,707.0,Pl\n'],
-71.1130057813,42.3779809753,-71.1126966911,42.3770408317,Kirkland Pl,Kirklan_Pl_1,850.0,762.0,Pl\n'],
-71.1536958205,42.3996068965,-71.1536958205,42.3996068965,Acorn Pk,Acorn_Pk_1,55.0,2132.0,Pk\n'],
-71.153711633,42.39978871,-71.1536958205,42.3996068965,Acorn Pk,Acorn_Pk_1,55.0,2132.0,Pk\n'],
-71.0758765937,42.3717761562,-71.0754022637,42.3716534893,East St,East_St_3,2232.0,1227.0,St\n'],
-71.0923313425,42.3736603694,-71.0923313425,42.3736603694,Evereteze Way,Everete_Way_1,1174.0,1083.0,Way\n'],
-71.0923456432,42.3736809183,-71.0923313425,42.3736603694,Evereteze Way,Everete_Way_1,1174.0,1083.0,Way\n'],
-71.1353343958,42.3914599319,-71.1353343958,42.3914599319,Jackson Pl,Jackson_Pl_1,236.0,252.0,Pl\n'],
-71.1353416245,42.3914581712,-71.1353343958,42.3914599319,Jackson Pl,Jackson_Pl_1,236.0,252.0,Pl\n'],
-71.1349585575,42.3915995104,-71.1349585575,42.3915995104,Jackson Pl,Jackson_Pl_1,236.0,252.0,Pl\n'],
-71.1349599128,42.3915763548,-71.1349585575,42.3915995104,Jackson Pl,Jackson_Pl_1,236.0,252.0,Pl\n'],
-71.1357765267,42.3925637475,-71.1355693343,42.3925227366,Jefferson Pk,Jeffereson_Pk_1,2248.0,2249.0,Pk\n'],
-71.1317936443,42.3895508093,-71.1317936443,42.3895508093,Walden Square Rd,Walden-S_Rd_1,338.0,335.0,Rd\n'],
-71.0726872727,42.3715392687,-71.0726872727,42.3715392687,North St,North_St_3,2253.0,2254.0,St\n'],
-71.0732535025,42.3718068819,-71.0726872727,42.3715392687,North St,North_St_3,2253.0,2254.0,St\n'],
-71.1281510152,42.3823104086,-71.1278605762,42.3824484839,Garden Ter,Garden_Ter_1,585.0,603.0,Ter\n'],
-71.0877180987,42.3685135159,-71.0875800299,42.3684969955,Charles St,Charles_St_6,1532.0,1519.0,St\n'],
-71.1286902572,42.3791018666,-71.1293633638,42.3788705993,Buckingham Pl,Bucking_Pl_1,738.0,723.0,Pl\n'],
-71.1019159914,42.3589807819,-71.1009978088,42.3594301836,Waverly St,Waverly_St_8,2014.0,2038.0,St\n'],
-71.1273690553,42.3779553489,-71.1273690553,42.3779553489,Berkeley Pl,Berkele_Pl_1,750.0,813.0,Pl\n'],
-71.1273907585,42.377946501,-71.1273690553,42.3779553489,Berkeley Pl,Berkele_Pl_1,750.0,813.0,Pl\n'],
-71.1349841471,42.3919568955,-71.1349841471,42.3919568955,Jackson Pl,Jackson_Pl_1,236.0,252.0,Pl\n'],
-71.1349708212,42.3917643849,-71.1349841471,42.3919568955,Jackson Pl,Jackson_Pl_1,236.0,252.0,Pl\n'],
-71.0976011531,42.3563871527,-71.0976011531,42.3563871527,Amherst Aly,Amherst_Aly_2,2077.0,2093.0,Aly\n'],
-71.09762287,42.3563756486,-71.0976011531,42.3563871527,Amherst Aly,Amherst_Aly_2,2077.0,2093.0,Aly\n'],
-71.1349672383,42.3915514346,-71.1349672383,42.3915514346,Jackson Pl,Jackson_Pl_1,236.0,252.0,Pl\n'],
-71.1349696753,42.3915460914,-71.1349672383,42.3915514346,Jackson Pl,Jackson_Pl_1,236.0,252.0,Pl\n'],
-71.1535966604,42.3766767503,-71.1535966604,42.3766767503,Corcoran Ln,Corcora_Ln_1,915.0,835.0,Ln\n'],
-71.1292808559,42.3937660957,-71.1292808559,42.3937660957,Hollis Pk,Hollis_Pk_1,193.0,185.0,Pk\n'],
-71.1293060507,42.3937750676,-71.1292808559,42.3937660957,Hollis Pk,Hollis_Pk_1,193.0,185.0,Pk\n'],
-71.0968776374,42.3566287601,-71.0968776374,42.3566287601,Amherst Aly,Amherst_Aly_2,2077.0,2093.0,Aly\n'],
-71.0970305058,42.3565776247,-71.0968776374,42.3566287601,Amherst Aly,Amherst_Aly_2,2077.0,2093.0,Aly\n'],
-71.1301800032,42.3925296074,-71.1304297224,42.3925820804,Wilson Ave,Wilson_Ave_1,227.0,228.0,Ave\n'],
-71.1009448974,42.3667879558,-71.1012409715,42.3668985812,Percy Pl,Percy_Pl_1,1623.0,1635.0,Pl\n'],
-71.1274969152,42.3778755538,-71.1274969152,42.3778755538,Berkeley Pl,Berkele_Pl_1,750.0,813.0,Pl\n'],
-71.1276079718,42.3777895027,-71.1274969152,42.3778755538,Berkeley Pl,Berkele_Pl_1,750.0,813.0,Pl\n'],
-71.1293731844,42.3938100511,-71.1293731844,42.3938100511,Hollis Pk,Hollis_Pk_1,193.0,185.0,Pk\n'],
-71.129389918,42.393822563,-71.1293731844,42.3938100511,Hollis Pk,Hollis_Pk_1,193.0,185.0,Pk\n'],
-71.1317936443,42.3895508093,-71.1319451409,42.3895406196,Walden Square Rd,Walden-S_Rd_1,338.0,335.0,Rd\n'],
-71.1353440307,42.3914581788,-71.1353440307,42.3914581788,Jackson Pl,Jackson_Pl_1,236.0,252.0,Pl\n'],
-71.135428145,42.3914566617,-71.1353440307,42.3914581788,Jackson Pl,Jackson_Pl_1,236.0,252.0,Pl\n'],
-71.0967018531,42.3566878551,-71.0952222334,42.3571842758,Amherst Aly,Amherst_Aly_3,2060.0,2077.0,Aly\n'],
-71.0980851988,42.3607485652,-71.0980851988,42.3607485652,Purrington St,Purring_St_1,1975.0,2014.0,St\n'],
-71.098588785,42.3605311265,-71.0980851988,42.3607485652,Purrington St,Purring_St_1,1975.0,2014.0,St\n'],
-71.1531087068,42.397940751,-71.1531087068,42.397940751,Acorn Pk,Acorn_Pk_1,55.0,2132.0,Pk\n'],
-71.1532405487,42.398007088,-71.1531087068,42.397940751,Acorn Pk,Acorn_Pk_1,55.0,2132.0,Pk\n'],
-71.098588785,42.3605311265,-71.098588785,42.3605311265,Purrington St,Purring_St_1,1975.0,2014.0,St\n'],
-71.0997080141,42.3600387325,-71.098588785,42.3605311265,Purrington St,Purring_St_1,1975.0,2014.0,St\n'],
-71.0923122335,42.3736451543,-71.0923122335,42.3736451543,Evereteze Way,Everete_Way_1,1174.0,1083.0,Way\n'],
-71.0923313425,42.3736603694,-71.0923122335,42.3736451543,Evereteze Way,Everete_Way_1,1174.0,1083.0,Way\n'],
-71.0977467806,42.3563457874,-71.0977467806,42.3563457874,Amherst Aly,Amherst_Aly_2,2077.0,2093.0,Aly\n'],
-71.0977707804,42.356347655,-71.0977467806,42.3563457874,Amherst Aly,Amherst_Aly_2,2077.0,2093.0,Aly\n'],
-71.1495800178,42.3978080046,-71.1495800178,42.3978080046,Acorn Pk,Acorn_Pk_1,55.0,2132.0,Pk\n'],
-71.1510441464,42.3978178046,-71.1495800178,42.3978080046,Acorn Pk,Acorn_Pk_1,55.0,2132.0,Pk\n'],
-71.1534995416,42.3766372451,-71.1534995416,42.3766372451,Corcoran Ln,Corcora_Ln_1,915.0,835.0,Ln\n'],
-71.1535390463,42.3766614296,-71.1534995416,42.3766372451,Corcoran Ln,Corcora_Ln_1,915.0,835.0,Ln\n'],
-71.1349939169,42.3915149684,-71.1349939169,42.3915149684,Jackson Pl,Jackson_Pl_1,236.0,252.0,Pl\n'],
-71.1350035455,42.3915078918,-71.1349939169,42.3915149684,Jackson Pl,Jackson_Pl_1,236.0,252.0,Pl\n'],
-71.1526116393,42.397827898,-71.1526116393,42.397827898,Acorn Pk,Acorn_Pk_1,55.0,2132.0,Pk\n'],
-71.1527930377,42.3978498216,-71.1526116393,42.397827898,Acorn Pk,Acorn_Pk_1,55.0,2132.0,Pk\n'],
-71.0919449557,42.3674290906,-71.0919449557,42.3674290906,Lilac Ct,Lilac_Ct_1,1595.0,1599.0,Ct\n'],
-71.146738056,42.397842068,-71.146738056,42.397842068,Acorn Pk,Acorn_Pk_1,55.0,2132.0,Pk\n'],
-71.1477742079,42.3978523786,-71.146738056,42.397842068,Acorn Pk,Acorn_Pk_1,55.0,2132.0,Pk\n'],
-71.0979533182,42.3563607789,-71.0979533182,42.3563607789,Amherst Aly,Amherst_Aly_2,2077.0,2093.0,Aly\n'],
-71.0980520081,42.3563290455,-71.0979533182,42.3563607789,Amherst Aly,Amherst_Aly_2,2077.0,2093.0,Aly\n'],
-71.1535371643,42.3982850758,-71.1535371643,42.3982850758,Acorn Pk,Acorn_Pk_1,55.0,2132.0,Pk\n'],
-71.1535728962,42.3983448939,-71.1535371643,42.3982850758,Acorn Pk,Acorn_Pk_1,55.0,2132.0,Pk\n'],
-71.1533567316,42.3980867411,-71.1533567316,42.3980867411,Acorn Pk,Acorn_Pk_1,55.0,2132.0,Pk\n'],
-71.1534141377,42.3981368009,-71.1533567316,42.3980867411,Acorn Pk,Acorn_Pk_1,55.0,2132.0,Pk\n'],
-71.1350240616,42.3914936878,-71.1350240616,42.3914936878,Jackson Pl,Jackson_Pl_1,236.0,252.0,Pl\n'],
-71.1350445519,42.3914839565,-71.1350240616,42.3914936878,Jackson Pl,Jackson_Pl_1,236.0,252.0,Pl\n'],
-71.0975879167,42.3563915792,-71.0975879167,42.3563915792,Amherst Aly,Amherst_Aly_2,2077.0,2093.0,Aly\n'],
-71.0976011531,42.3563871527,-71.0975879167,42.3563915792,Amherst Aly,Amherst_Aly_2,2077.0,2093.0,Aly\n'],
-71.1350926893,42.3914751909,-71.1350926893,42.3914751909,Jackson Pl,Jackson_Pl_1,236.0,252.0,Pl\n'],
-71.1352934874,42.3914669093,-71.1350926893,42.3914751909,Jackson Pl,Jackson_Pl_1,236.0,252.0,Pl\n'],
-71.1391138428,42.3718038737,-71.1400678748,42.3716028137,Shady Hill Rd,Shady-H_Rd_1,1285.0,1255.0,Rd\n'],
-71.1273907585,42.377946501,-71.1273907585,42.377946501,Berkeley Pl,Berkele_Pl_1,750.0,813.0,Pl\n'],
-71.1274112404,42.3779376491,-71.1273907585,42.377946501,Berkeley Pl,Berkele_Pl_1,750.0,813.0,Pl\n'],
-71.1025351599,42.3548307974,-71.1025351599,42.3548307974,Amherst Aly,Amherst_Aly_1,2093.0,2092.0,Aly\n'],
-71.1025399749,42.354829936,-71.1025351599,42.3548307974,Amherst Aly,Amherst_Aly_1,2093.0,2092.0,Aly\n'],
-71.1357765267,42.3925637475,-71.1357765267,42.3925637475,Jefferson Pk,Jeffereson_Pk_1,2248.0,2249.0,Pk\n'],
-71.1365545025,42.3925358563,-71.1357765267,42.3925637475,Jefferson Pk,Jeffereson_Pk_1,2248.0,2249.0,Pk\n'],
-71.0975105414,42.3632672152,-71.0975105414,42.3632672152,Main St,Main_St_13,1847.0,1846.0,St\n'],
-71.0976378367,42.363277457,-71.0975105414,42.3632672152,Main St,Main_St_13,1847.0,1846.0,St\n'],
-71.1019188098,42.3550335939,-71.1019188098,42.3550335939,Amherst Aly,Amherst_Aly_1,2093.0,2092.0,Aly\n'],
-71.1025038791,42.3548396076,-71.1019188098,42.3550335939,Amherst Aly,Amherst_Aly_1,2093.0,2092.0,Aly\n'],
-71.1026155347,42.3548515735,-71.1026155347,42.3548515735,Amherst Aly,Amherst_Aly_1,2093.0,2092.0,Aly\n'],
-71.1026226783,42.3548569492,-71.1026155347,42.3548515735,Amherst Aly,Amherst_Aly_1,2093.0,2092.0,Aly\n'],
-71.1025831842,42.3548363144,-71.1025831842,42.3548363144,Amherst Aly,Amherst_Aly_1,2093.0,2092.0,Aly\n'],
-71.1026023292,42.3548452988,-71.1025831842,42.3548363144,Amherst Aly,Amherst_Aly_1,2093.0,2092.0,Aly\n'],
-71.0976782765,42.3563491151,-71.0976782765,42.3563491151,Amherst Aly,Amherst_Aly_2,2077.0,2093.0,Aly\n'],
-71.0976903232,42.3563455899,-71.0976782765,42.3563491151,Amherst Aly,Amherst_Aly_2,2077.0,2093.0,Aly\n'],
-71.0990334844,42.3557631012,-71.0990334844,42.3557631012,Fowler St,Fowler_St_1,2105.0,2093.0,St\n'],
-71.0991107656,42.3558925897,-71.0990334844,42.3557631012,Fowler St,Fowler_St_1,2105.0,2093.0,St\n'],
-71.0923795998,42.3572268121,-71.0923795998,42.3572268121,Memorial Dr,Memoria_Dr_12,2200.0,2155.0,Dr\n'],
-71.0976903232,42.3563455899,-71.0976903232,42.3563455899,Amherst Aly,Amherst_Aly_2,2077.0,2093.0,Aly\n'],
-71.0977071254,42.3563447706,-71.0976903232,42.3563455899,Amherst Aly,Amherst_Aly_2,2077.0,2093.0,Aly\n'],
-71.1025495939,42.3548299692,-71.1025495939,42.3548299692,Amherst Aly,Amherst_Aly_1,2093.0,2092.0,Aly\n'],
-71.1025615751,42.3548308887,-71.1025495939,42.3548299692,Amherst Aly,Amherst_Aly_1,2093.0,2092.0,Aly\n'],
-71.1390562178,42.3717983419,-71.1390562178,42.3717983419,Shady Hill Rd,Shady-H_Rd_1,1285.0,1255.0,Rd\n'],
-71.1390179754,42.3717554693,-71.1390562178,42.3717983419,Shady Hill Rd,Shady-H_Rd_1,1285.0,1255.0,Rd\n'],
-71.0976378367,42.363277457,-71.0976378367,42.363277457,Main St,Main_St_13,1847.0,1846.0,St\n'],
-71.1274112404,42.3779376491,-71.1274112404,42.3779376491,Berkeley Pl,Berkele_Pl_1,750.0,813.0,Pl\n'],
-71.1274208575,42.3779323293,-71.1274112404,42.3779376491,Berkeley Pl,Berkele_Pl_1,750.0,813.0,Pl\n'],
-71.1274281006,42.3779279074,-71.1274281006,42.3779279074,Berkeley Pl,Berkele_Pl_1,750.0,813.0,Pl\n'],
-71.1274969152,42.3778755538,-71.1274281006,42.3779279074,Berkeley Pl,Berkele_Pl_1,750.0,813.0,Pl\n'],
-71.0979136292,42.3563650855,-71.0979136292,42.3563650855,Amherst Aly,Amherst_Aly_2,2077.0,2093.0,Aly\n'],
-71.0979244749,42.3563642453,-71.0979136292,42.3563650855,Amherst Aly,Amherst_Aly_2,2077.0,2093.0,Aly\n'],
-71.1391138428,42.3718038737,-71.1391138428,42.3718038737,Shady Hill Rd,Shady-H_Rd_1,1285.0,1255.0,Rd\n'],
-71.1390562178,42.3717983419,-71.1391138428,42.3718038737,Shady Hill Rd,Shady-H_Rd_1,1285.0,1255.0,Rd\n'],
-71.1353007109,42.3914660541,-71.1353007109,42.3914660541,Jackson Pl,Jackson_Pl_1,236.0,252.0,Pl\n'],
-71.1353343958,42.3914599319,-71.1353007109,42.3914660541,Jackson Pl,Jackson_Pl_1,236.0,252.0,Pl\n'],
-71.1540127849,42.3801019094,-71.1535397709,42.3806433714,Fresh Pond Pl,Fresh-P_Pl_1,670.0,707.0,Pl\n'],
-71.1261710516,42.377732266,-71.1261710516,42.377732266,St Johns Rd,St-J_Rd_4,815.0,814.0,Rd\n'],
-71.1262287495,42.3777324535,-71.1261710516,42.377732266,St Johns Rd,St-J_Rd_4,815.0,814.0,Rd\n'],
