0,1,1103.0,5927.0
0,2,1008.0,3951.0
0,3,674.0,3713.0
0,4,878.0,4532.0
0,5,853.0,3297.0
0,6,889.0,3628.0
0,7,628.0,3307.0
0,8,1144.0,4476.0
0,9,345.0,1607.0
0,10,804.0,4760.0
0,11,892.0,5301.0
0,12,506.0,3236.0
0,13,649.0,3161.0
0,14,1127.0,5941.0
0,15,2776.0,15955.0
0,16,437.0,1556.0
0,17,768.0,3261.0
0,18,696.0,2726.0
0,19,920.0,3782.0
0,20,570.0,2720.0
0,21,780.0,3491.0
0,22,1657.0,6197.0
0,23,1333.0,5472.0
0,24,525.0,2328.0
0,25,568.0,2875.0
0,26,589.0,2931.0
0,27,1005.0,4383.0
0,28,290.0,1400.0
0,29,637.0,2612.0
0,30,1800.0,7021.0
0,31,384.0,1604.0
0,32,262.0,1700.0
0,33,1536.0,6331.0
0,34,665.0,2386.0
0,35,733.0,3548.0
0,36,1184.0,5014.0
0,37,125.0,559.0
0,38,243.0,1037.0
0,39,938.0,5881.0
0,40,718.0,2946.0
0,41,498.0,2270.0
0,42,489.0,2476.0
0,43,782.0,2266.0
0,44,626.0,1867.0
0,45,1454.0,7885.0
0,46,1166.0,6620.0
0,47,713.0,2438.0
0,48,602.0,2165.0
0,49,325.0,1436.0
0,50,613.0,2082.0
0,51,949.0,4515.0
0,52,889.0,3811.0
0,53,1025.0,4927.0
0,54,1167.0,5522.0
0,55,1471.0,6869.0
0,56,1804.0,7486.0
0,57,1490.0,6680.0
0,58,1546.0,6736.0
0,59,1712.0,7375.0
0,60,1920.0,7919.0
0,61,2096.0,8394.0
0,62,1085.0,6171.0
0,63,965.0,4873.0
0,64,1287.0,5041.0
0,65,1016.0,4137.0
0,66,1948.0,11484.0
0,0,0.0,0.0
1,0,1051.0,5422.0
2,0,706.0,3948.0
3,0,679.0,3810.0
4,0,769.0,4017.0
5,0,620.0,3364.0
6,0,743.0,3695.0
7,0,517.0,2658.0
8,0,851.0,4544.0
9,0,338.0,1821.0
10,0,817.0,4256.0
11,0,898.0,4797.0
12,0,510.0,2733.0
13,0,541.0,2792.0
14,0,1295.0,6408.0
15,0,2785.0,14174.0
16,0,296.0,1551.0
17,0,674.0,3103.0
18,0,493.0,2793.0
19,0,816.0,3827.0
20,0,517.0,2714.0
21,0,671.0,3485.0
22,0,1097.0,5998.0
23,0,1034.0,5265.0
24,0,426.0,1824.0
25,0,489.0,2506.0
26,0,492.0,2562.0
27,0,939.0,4539.0
28,0,223.0,1395.0
29,0,637.0,2683.0
30,0,1440.0,7192.0
31,0,358.0,1392.0
32,0,221.0,1196.0
33,0,1184.0,6123.0
34,0,541.0,2179.0
35,0,600.0,3176.0
36,0,989.0,5025.0
37,0,118.0,559.0
38,0,241.0,1081.0
39,0,978.0,5377.0
40,0,578.0,2848.0
41,0,428.0,2458.0
42,0,371.0,2471.0
43,0,363.0,2262.0
44,0,315.0,1863.0
45,0,1300.0,7038.0
46,0,1145.0,5855.0
47,0,494.0,2434.0
48,0,276.0,1416.0
49,0,291.0,1229.0
50,0,371.0,2078.0
51,0,780.0,4146.0
52,0,714.0,3561.0
53,0,808.0,4557.0
54,0,919.0,5153.0
55,0,1163.0,6115.0
56,0,1288.0,6732.0
57,0,1095.0,5926.0
58,0,1107.0,5982.0
59,0,1215.0,6621.0
60,0,1285.0,7165.0
61,0,1395.0,7729.0
62,0,1002.0,5668.0
63,0,958.0,5553.0
64,0,993.0,4834.0
65,0,832.0,4332.0
66,0,2051.0,11091.0
1,1,0.0,0.0
1,2,1831.0,8482.0
1,3,941.0,4705.0
1,4,197.0,904.0
1,5,1212.0,4889.0
1,6,1075.0,4537.0
1,7,393.0,1807.0
1,8,1124.0,4383.0
1,9,924.0,4342.0
1,10,851.0,4271.0
1,11,939.0,4812.0
1,12,720.0,3746.0
1,13,964.0,4391.0
1,14,397.0,2047.0
1,15,1622.0,9173.0
1,16,1260.0,5836.0
1,17,489.0,2074.0
1,18,1192.0,4943.0
1,19,564.0,2401.0
1,20,741.0,3355.0
1,21,822.0,3827.0
1,22,1403.0,4935.0
1,23,1043.0,4378.0
1,24,886.0,4187.0
1,25,883.0,4105.0
1,26,997.0,4875.0
1,27,487.0,2047.0
1,28,1289.0,6520.0
1,29,385.0,1990.0
1,30,1501.0,5868.0
1,31,672.0,3211.0
1,32,837.0,4257.0
1,33,1246.0,5236.0
1,34,817.0,3383.0
1,35,1184.0,6047.0
1,36,770.0,3223.0
1,37,841.0,3834.0
1,38,741.0,3568.0
1,39,440.0,2515.0
1,40,969.0,4164.0
1,41,1497.0,7390.0
1,42,1488.0,7596.0
1,43,1687.0,7173.0
1,44,1531.0,6774.0
1,45,1427.0,7321.0
1,46,1213.0,6131.0
1,47,1569.0,6880.0
1,48,1601.0,7285.0
1,49,713.0,3355.0
1,50,1543.0,6718.0
1,51,1328.0,6583.0
1,52,1454.0,7302.0
1,53,1404.0,6991.0
1,54,1546.0,7590.0
1,55,1850.0,8937.0
1,56,2183.0,9554.0
1,57,1869.0,8748.0
1,58,1925.0,8804.0
1,59,2091.0,9443.0
1,60,2299.0,9987.0
1,61,2475.0,10462.0
1,62,1191.0,6138.0
1,63,1344.0,6941.0
1,64,985.0,4001.0
1,65,818.0,3393.0
1,66,794.0,4702.0
2,1,1485.0,8245.0
2,2,0.0,0.0
2,3,606.0,3628.0
2,4,1230.0,6463.0
2,5,1359.0,6010.0
2,6,1395.0,6341.0
2,7,948.0,4864.0
2,8,1650.0,7189.0
2,9,851.0,4320.0
2,10,874.0,5283.0
2,11,900.0,5400.0
2,12,852.0,5315.0
2,13,454.0,2416.0
2,14,1988.0,11351.0
2,15,3158.0,18273.0
2,16,456.0,2643.0
2,17,1202.0,5747.0
2,18,1202.0,5439.0
2,19,1335.0,6437.0
2,20,1076.0,5433.0
2,21,1286.0,6204.0
2,22,2163.0,8910.0
2,23,1872.0,8824.0
2,24,549.0,3250.0
2,25,495.0,2866.0
2,26,552.0,3075.0
2,27,1420.0,7038.0
2,28,670.0,3532.0
2,29,1052.0,5267.0
2,30,2427.0,9988.0
2,31,952.0,4867.0
2,32,614.0,3631.0
2,33,2075.0,9682.0
2,34,1233.0,5649.0
2,35,451.0,2655.0
2,36,1599.0,7669.0
2,37,775.0,4228.0
2,38,658.0,3693.0
2,39,1320.0,8199.0
2,40,1224.0,5659.0
2,41,1004.0,4983.0
2,42,995.0,5189.0
2,43,666.0,2564.0
2,44,685.0,3181.0
2,45,1067.0,5765.0
2,46,987.0,5195.0
2,47,248.0,1307.0
2,48,841.0,3983.0
2,49,893.0,4699.0
2,50,408.0,1954.0
2,51,377.0,2169.0
2,52,234.0,1249.0
2,53,409.0,2368.0
2,54,553.0,2703.0
2,55,706.0,3603.0
2,56,1039.0,4220.0
2,57,725.0,3414.0
2,58,781.0,3470.0
2,59,947.0,4109.0
2,60,1155.0,4653.0
2,61,1331.0,5128.0
2,62,651.0,3896.0
2,63,527.0,3071.0
2,64,1855.0,8304.0
2,65,1584.0,7400.0
2,66,2330.0,13802.0
3,1,936.0,4805.0
3,2,1004.0,4280.0
3,3,0.0,0.0
3,4,1003.0,5100.0
3,5,1480.0,6805.0
3,6,1516.0,7136.0
3,7,712.0,3778.0
3,8,1771.0,7984.0
3,9,972.0,5115.0
3,10,325.0,1843.0
3,11,351.0,1960.0
3,12,258.0,1642.0
3,13,328.0,1382.0
3,14,1439.0,7911.0
3,15,2609.0,14833.0
3,16,682.0,2866.0
3,17,1157.0,5882.0
3,18,1323.0,6234.0
3,19,1316.0,6641.0
3,20,1197.0,6228.0
3,21,1418.0,6993.0
3,22,2212.0,9535.0
3,23,1853.0,9029.0
3,24,339.0,1491.0
3,25,336.0,1409.0
3,26,159.0,742.0
3,27,1337.0,6996.0
3,28,917.0,4908.0
3,29,1016.0,5265.0
3,30,2311.0,10519.0
3,31,999.0,4968.0
3,32,465.0,2645.0
3,33,2056.0,9887.0
3,34,1413.0,6549.0
3,35,357.0,1845.0
3,36,1580.0,7874.0
3,37,840.0,4589.0
3,38,757.0,4028.0
3,39,771.0,4759.0
3,40,1345.0,6454.0
3,41,1125.0,5778.0
3,42,1116.0,5984.0
3,43,1237.0,4821.0
3,44,1143.0,4833.0
3,45,769.0,3716.0
3,46,492.0,2277.0
3,47,896.0,3864.0
3,48,1229.0,5673.0
3,49,920.0,4722.0
3,50,970.0,4213.0
3,51,501.0,2381.0
3,52,627.0,3100.0
3,53,577.0,2789.0
3,54,719.0,3388.0
3,55,1023.0,4735.0
3,56,1356.0,5352.0
3,57,1042.0,4546.0
3,58,1098.0,4602.0
3,59,1264.0,5241.0
3,60,1472.0,5785.0
3,61,1648.0,6260.0
3,62,388.0,2091.0
3,63,517.0,2739.0
3,64,1794.0,8601.0
3,65,1570.0,7633.0
3,66,1781.0,10362.0
4,1,144.0,904.0
4,2,1509.0,6312.0
4,3,974.0,5001.0
4,4,0.0,0.0
4,5,1097.0,4447.0
4,6,960.0,4095.0
4,7,280.0,1365.0
4,8,985.0,3794.0
4,9,809.0,3900.0
4,10,884.0,4567.0
4,11,972.0,5108.0
4,12,753.0,4042.0
4,13,851.0,3949.0
4,14,249.0,1409.0
4,15,1877.0,10669.0
4,16,978.0,4431.0
4,17,350.0,1485.0
4,18,1077.0,4501.0
4,19,462.0,2101.0
4,20,626.0,2913.0
4,21,650.0,2924.0
4,22,1255.0,4297.0
4,23,895.0,3740.0
4,24,773.0,3745.0
4,25,770.0,3663.0
4,26,791.0,3719.0
4,27,339.0,1409.0
4,28,1007.0,5115.0
4,29,270.0,1548.0
4,30,1353.0,5230.0
4,31,557.0,2769.0
4,32,548.0,2821.0
4,33,1098.0,4598.0
4,34,702.0,2941.0
4,35,1217.0,6343.0
4,36,622.0,2585.0
4,37,726.0,3392.0
4,38,626.0,3126.0
4,39,473.0,2811.0
4,40,854.0,3722.0
4,41,1215.0,5985.0
4,42,1206.0,6191.0
4,43,1405.0,5768.0
4,44,1249.0,5369.0
4,45,1460.0,7617.0
4,46,1246.0,6427.0
4,47,1287.0,5475.0
4,48,1319.0,5880.0
4,49,598.0,2913.0
4,50,1261.0,5313.0
4,51,1361.0,6879.0
4,52,1487.0,7598.0
4,53,1437.0,7287.0
4,54,1579.0,7886.0
4,55,1883.0,9233.0
4,56,2216.0,9850.0
4,57,1902.0,9044.0
4,58,1958.0,9100.0
4,59,2124.0,9739.0
4,60,2332.0,10283.0
4,61,2508.0,10758.0
4,62,1224.0,6434.0
4,63,1377.0,7237.0
4,64,837.0,3363.0
4,65,716.0,3093.0
4,66,1049.0,6198.0
5,1,939.0,4895.0
5,2,1388.0,5972.0
5,3,1158.0,6275.0
5,4,859.0,4453.0
5,5,0.0,0.0
5,6,169.0,935.0
5,7,824.0,4175.0
5,8,427.0,1703.0
5,9,387.0,1958.0
5,10,1288.0,7322.0
5,11,1376.0,7863.0
5,12,990.0,5798.0
5,13,1171.0,5357.0
5,14,1391.0,7289.0
5,15,2738.0,15106.0
5,16,851.0,3800.0
5,17,625.0,3224.0
5,18,133.0,633.0
5,19,803.0,3889.0
5,20,280.0,1478.0
5,21,461.0,2254.0
5,22,804.0,2899.0
5,23,1139.0,5064.0
5,24,1009.0,4890.0
5,25,1052.0,5437.0
5,26,1073.0,5493.0
5,27,1071.0,5276.0
5,28,550.0,2607.0
5,29,684.0,3515.0
5,30,1068.0,3976.0
5,31,532.0,2648.0
5,32,746.0,4262.0
5,33,1388.0,6009.0
5,34,527.0,2371.0
5,35,1262.0,5918.0
5,36,1118.0,5075.0
5,37,697.0,3643.0
5,38,823.0,4326.0
5,39,1009.0,5772.0
5,40,130.0,807.0
5,41,289.0,1279.0
5,42,425.0,1749.0
5,43,1030.0,3378.0
5,44,842.0,2974.0
5,45,1938.0,10447.0
5,46,1650.0,9182.0
5,47,1107.0,4567.0
5,48,690.0,2530.0
5,49,554.0,2956.0
5,50,1017.0,4255.0
5,51,1431.0,6597.0
5,52,1283.0,5940.0
5,53,1507.0,7005.0
5,54,1649.0,7604.0
5,55,1779.0,8248.0
5,56,2112.0,8865.0
5,57,1798.0,8059.0
5,58,1854.0,8115.0
5,59,2020.0,8754.0
5,60,2228.0,9298.0
5,61,2404.0,9773.0
5,62,1569.0,8733.0
5,63,1447.0,6955.0
5,64,989.0,4211.0
5,65,686.0,3116.0
5,66,1910.0,10635.0
6,1,898.0,4541.0
6,2,1511.0,6303.0
6,3,1281.0,6606.0
6,4,818.0,4099.0
6,5,269.0,935.0
6,6,0.0,0.0
6,7,875.0,4346.0
6,8,365.0,1194.0
6,9,438.0,2129.0
6,10,1411.0,7653.0
6,11,1499.0,8194.0
6,12,1113.0,6129.0
6,13,1294.0,5688.0
6,14,1223.0,6632.0
6,15,2570.0,14449.0
6,16,974.0,4131.0
6,17,506.0,2587.0
6,18,291.0,1114.0
6,19,661.0,3335.0
6,20,315.0,1542.0
6,21,346.0,1622.0
6,22,742.0,2390.0
6,23,1077.0,4555.0
6,24,1132.0,5221.0
6,25,1175.0,5768.0
6,26,1196.0,5824.0
6,27,903.0,4618.0
6,28,673.0,2938.0
6,29,643.0,3161.0
6,30,1006.0,3467.0
6,31,537.0,2553.0
6,32,869.0,4593.0
6,33,1326.0,5500.0
6,34,527.0,2213.0
6,35,1385.0,6249.0
6,36,970.0,4521.0
6,37,699.0,3292.0
6,38,771.0,4032.0
6,39,968.0,5418.0
6,40,244.0,1149.0
6,41,517.0,2166.0
6,42,653.0,2696.0
6,43,1153.0,3709.0
6,44,965.0,3305.0
6,45,2061.0,10778.0
6,46,1773.0,9513.0
6,47,1230.0,4898.0
6,48,813.0,2861.0
6,49,605.0,3127.0
6,50,1140.0,4586.0
6,51,1554.0,6928.0
6,52,1406.0,6271.0
6,53,1630.0,7336.0
6,54,1772.0,7935.0
6,55,1902.0,8579.0
6,56,2235.0,9196.0
6,57,1921.0,8390.0
6,58,1977.0,8446.0
6,59,2143.0,9085.0
6,60,2351.0,9629.0
6,61,2527.0,10104.0
6,62,1692.0,9064.0
6,63,1570.0,7286.0
6,64,927.0,3702.0
6,65,624.0,2607.0
6,66,1742.0,9978.0
7,1,426.0,1817.0
7,2,1257.0,4953.0
7,3,678.0,3643.0
7,4,348.0,1374.0
7,5,1318.0,5653.0
7,6,1060.0,3924.0
7,7,0.0,0.0
7,8,1181.0,4412.0
7,9,564.0,2477.0
7,10,588.0,3209.0
7,11,676.0,3750.0
7,12,457.0,2685.0
7,13,599.0,2590.0
7,14,597.0,2783.0
7,15,2093.0,10968.0
7,16,726.0,3072.0
7,17,546.0,2103.0
7,18,1161.0,5082.0
7,19,705.0,2862.0
7,20,724.0,2816.0
7,21,807.0,3214.0
7,22,1603.0,5671.0
7,23,1243.0,5114.0
7,24,521.0,2386.0
7,25,518.0,2304.0
7,26,539.0,2360.0
7,27,687.0,2783.0
7,28,755.0,3756.0
7,29,389.0,1572.0
7,30,1701.0,6604.0
7,31,426.0,1408.0
7,32,296.0,1462.0
7,33,1446.0,5972.0
7,34,756.0,2834.0
7,35,683.0,2977.0
7,36,970.0,3959.0
7,37,483.0,1903.0
7,38,337.0,1256.0
7,39,433.0,2123.0
7,40,899.0,3720.0
7,41,963.0,4626.0
7,42,954.0,4832.0
7,43,1153.0,4409.0
7,44,997.0,4010.0
7,45,1164.0,6259.0
7,46,950.0,5069.0
7,47,1035.0,4116.0
7,48,1067.0,4521.0
7,49,353.0,1490.0
7,50,1009.0,3954.0
7,51,1065.0,5521.0
7,52,1191.0,6240.0
7,53,1141.0,5929.0
7,54,1283.0,6528.0
7,55,1587.0,7875.0
7,56,1920.0,8492.0
7,57,1606.0,7686.0
7,58,1662.0,7742.0
7,59,1828.0,8381.0
7,60,2036.0,8925.0
7,61,2212.0,9400.0
7,62,928.0,5076.0
7,63,1081.0,5879.0
7,64,1185.0,4737.0
7,65,959.0,3854.0
7,66,1265.0,6497.0
8,1,717.0,3992.0
8,2,1619.0,7152.0
8,3,1389.0,7455.0
8,4,594.0,3353.0
8,5,358.0,1703.0
8,6,220.0,1194.0
8,7,769.0,4171.0
8,8,0.0,0.0
8,9,563.0,3016.0
8,10,1519.0,8502.0
8,11,1607.0,9043.0
8,12,1221.0,6978.0
8,13,1402.0,6537.0
8,14,1064.0,6034.0
8,15,2411.0,13851.0
8,16,1082.0,4980.0
8,17,381.0,2223.0
8,18,491.0,2336.0
8,19,476.0,2634.0
8,20,440.0,2428.0
8,21,328.0,1925.0
8,22,477.0,1644.0
8,23,812.0,3809.0
8,24,1240.0,6070.0
8,25,1283.0,6617.0
8,26,1304.0,6673.0
8,27,744.0,4021.0
8,28,781.0,3787.0
8,29,517.0,3146.0
8,30,741.0,2722.0
8,31,641.0,3388.0
8,32,977.0,5442.0
8,33,1061.0,4754.0
8,34,623.0,3048.0
8,35,1493.0,7098.0
8,36,791.0,3820.0
8,37,824.0,4179.0
8,38,896.0,4919.0
8,39,940.0,5679.0
8,40,352.0,1998.0
8,41,625.0,3015.0
8,42,761.0,3545.0
8,43,1261.0,4558.0
8,44,1073.0,4154.0
8,45,2169.0,11627.0
8,46,1881.0,10362.0
8,47,1338.0,5747.0
8,48,921.0,3710.0
8,49,730.0,4014.0
8,50,1248.0,5435.0
8,51,1662.0,7777.0
8,52,1514.0,7120.0
8,53,1738.0,8185.0
8,54,1880.0,8784.0
8,55,2010.0,9428.0
8,56,2343.0,10045.0
8,57,2029.0,9239.0
8,58,2085.0,9295.0
8,59,2251.0,9934.0
8,60,2459.0,10478.0
8,61,2635.0,10953.0
8,62,1800.0,9913.0
8,63,1678.0,8135.0
8,64,662.0,2956.0
8,65,359.0,1861.0
8,66,1583.0,9380.0
9,1,934.0,4355.0
9,2,1106.0,4429.0
9,3,876.0,4732.0
9,4,854.0,3913.0
9,5,572.0,1810.0
9,6,528.0,2007.0
9,7,523.0,2350.0
9,8,800.0,2867.0
9,9,0.0,0.0
9,10,1006.0,5779.0
9,11,1094.0,6320.0
9,12,708.0,4255.0
9,13,889.0,3814.0
9,14,1315.0,6538.0
9,15,2662.0,14355.0
9,16,569.0,2257.0
9,17,599.0,2854.0
9,18,415.0,1239.0
9,19,754.0,3602.0
9,20,225.0,1113.0
9,21,435.0,1884.0
9,22,1271.0,4447.0
9,23,1164.0,5065.0
9,24,727.0,3347.0
9,25,770.0,3894.0
9,26,791.0,3950.0
9,27,995.0,4524.0
9,28,268.0,1064.0
9,29,627.0,2753.0
9,30,1535.0,5525.0
9,31,312.0,1298.0
9,32,464.0,2719.0
9,33,1367.0,5924.0
9,34,492.0,1943.0
9,35,980.0,4375.0
9,36,1174.0,5155.0
9,37,347.0,1295.0
9,38,419.0,2036.0
9,39,920.0,4864.0
9,40,337.0,1247.0
9,41,419.0,1587.0
9,42,410.0,1793.0
9,43,904.0,2896.0
9,44,748.0,2497.0
9,45,1656.0,8904.0
9,46,1368.0,7639.0
9,47,825.0,3024.0
9,48,580.0,1829.0
9,49,253.0,1130.0
9,50,735.0,2712.0
9,51,1149.0,5054.0
9,52,1001.0,4397.0
9,53,1225.0,5462.0
9,54,1367.0,6061.0
9,55,1497.0,6705.0
9,56,1830.0,7322.0
9,57,1516.0,6516.0
9,58,1572.0,6572.0
9,59,1738.0,7211.0
9,60,1946.0,7755.0
9,61,2122.0,8230.0
9,62,1287.0,7190.0
9,63,1165.0,5412.0
9,64,1118.0,4634.0
9,65,650.0,2743.0
9,66,1834.0,9884.0
10,1,916.0,4272.0
10,2,1276.0,5521.0
10,3,386.0,1744.0
10,4,983.0,4567.0
10,5,1618.0,7251.0
10,6,1654.0,7582.0
10,7,692.0,3245.0
10,8,1772.0,7658.0
10,9,1110.0,5561.0
10,10,0.0,0.0
10,11,256.0,1270.0
10,12,466.0,2523.0
10,13,831.0,4237.0
10,14,1419.0,7378.0
10,15,2589.0,14300.0
10,16,913.0,3855.0
10,17,1137.0,5349.0
10,18,1461.0,6680.0
10,19,1296.0,6108.0
10,20,1317.0,5988.0
10,21,1398.0,6460.0
10,22,2192.0,9002.0
10,23,1833.0,8496.0
10,24,634.0,3050.0
10,25,631.0,2968.0
10,26,529.0,2387.0
10,27,1317.0,6463.0
10,28,1055.0,5354.0
10,29,996.0,4732.0
10,30,2291.0,9986.0
10,31,976.0,4460.0
10,32,603.0,3091.0
10,33,2036.0,9354.0
10,34,1393.0,6016.0
10,35,629.0,3086.0
10,36,1560.0,7341.0
10,37,978.0,5035.0
10,38,895.0,4474.0
10,39,751.0,4226.0
10,40,1483.0,6900.0
10,41,1263.0,6224.0
10,42,1254.0,6430.0
10,43,1509.0,6062.0
10,44,1415.0,6074.0
10,45,813.0,4337.0
10,46,473.0,2350.0
10,47,1168.0,5105.0
10,48,1367.0,6119.0
10,49,900.0,4189.0
10,50,1242.0,5454.0
10,51,773.0,3622.0
10,52,899.0,4341.0
10,53,849.0,4030.0
10,54,991.0,4629.0
10,55,1295.0,5976.0
10,56,1628.0,6593.0
10,57,1314.0,5787.0
10,58,1370.0,5843.0
10,59,1536.0,6482.0
10,60,1744.0,7026.0
10,61,1920.0,7501.0
10,62,636.0,3177.0
10,63,789.0,3980.0
10,64,1774.0,8068.0
10,65,1550.0,7100.0
10,66,1761.0,9829.0
11,1,997.0,4813.0
11,2,1216.0,5025.0
11,3,404.0,1859.0
11,4,1064.0,5108.0
11,5,1699.0,7792.0
11,6,1735.0,8123.0
11,7,773.0,3786.0
11,8,1853.0,8199.0
11,9,1191.0,6102.0
11,10,232.0,1270.0
11,11,0.0,0.0
11,12,494.0,2640.0
11,13,652.0,2868.0
11,14,1500.0,7919.0
11,15,2670.0,14841.0
11,16,941.0,3972.0
11,17,1218.0,5890.0
11,18,1542.0,7221.0
11,19,1377.0,6649.0
11,20,1398.0,6529.0
11,21,1479.0,7001.0
11,22,2273.0,9543.0
11,23,1914.0,9037.0
11,24,662.0,3167.0
11,25,659.0,3085.0
11,26,557.0,2504.0
11,27,1398.0,7004.0
11,28,1136.0,5895.0
11,29,1077.0,5273.0
11,30,2372.0,10527.0
11,31,1057.0,5001.0
11,32,684.0,3632.0
11,33,2117.0,9895.0
11,34,1474.0,6557.0
11,35,569.0,2590.0
11,36,1641.0,7882.0
11,37,1059.0,5576.0
11,38,976.0,5015.0
11,39,832.0,4767.0
11,40,1564.0,7441.0
11,41,1344.0,6765.0
11,42,1335.0,6971.0
11,43,1449.0,5566.0
11,44,1355.0,5578.0
11,45,544.0,2690.0
11,46,265.0,1250.0
11,47,1108.0,4609.0
11,48,1448.0,6660.0
11,49,981.0,4730.0
11,50,1182.0,4958.0
11,51,713.0,3126.0
11,52,839.0,3845.0
11,53,789.0,3534.0
11,54,931.0,4133.0
11,55,1235.0,5480.0
11,56,1568.0,6097.0
11,57,1254.0,5291.0
11,58,1310.0,5347.0
11,59,1476.0,5986.0
11,60,1684.0,6530.0
11,61,1860.0,7005.0
11,62,302.0,1546.0
11,63,522.0,2713.0
11,64,1855.0,8609.0
11,65,1631.0,7641.0
11,66,1842.0,10370.0
12,1,774.0,3727.0
12,2,1295.0,5801.0
12,3,388.0,1890.0
12,4,841.0,4022.0
12,5,1311.0,5728.0
12,6,1347.0,6059.0
12,7,550.0,2700.0
12,8,1602.0,6907.0
12,9,803.0,4038.0
12,10,508.0,2771.0
12,11,534.0,2888.0
12,12,0.0,0.0
12,13,530.0,2206.0
12,14,1277.0,6833.0
12,15,2447.0,13755.0
12,16,719.0,3147.0
12,17,995.0,4804.0
12,18,1154.0,5157.0
12,19,1154.0,5563.0
12,20,1028.0,5151.0
12,21,1256.0,5915.0
12,22,2050.0,8457.0
12,23,1691.0,7951.0
12,24,452.0,2002.0
12,25,449.0,1920.0
12,26,349.0,1541.0
12,27,1175.0,5918.0
12,28,748.0,3831.0
12,29,854.0,4187.0
12,30,2149.0,9441.0
12,31,830.0,3891.0
12,32,296.0,1568.0
12,33,1894.0,8809.0
12,34,1205.0,5296.0
12,35,648.0,3366.0
12,36,1418.0,6796.0
12,37,671.0,3512.0
12,38,588.0,2951.0
12,39,609.0,3681.0
12,40,1176.0,5377.0
12,41,956.0,4701.0
12,42,947.0,4907.0
12,43,1146.0,4484.0
12,44,990.0,4085.0
12,45,1073.0,5462.0
12,46,814.0,3935.0
12,47,1028.0,4191.0
12,48,1060.0,4596.0
12,49,782.0,3615.0
12,50,1002.0,4029.0
12,51,792.0,3902.0
12,52,918.0,4621.0
12,53,868.0,4310.0
12,54,1010.0,4909.0
12,55,1314.0,6256.0
12,56,1647.0,6873.0
12,57,1333.0,6067.0
12,58,1389.0,6123.0
12,59,1555.0,6762.0
12,60,1763.0,7306.0
12,61,1939.0,7781.0
12,62,704.0,3748.0
12,63,808.0,4260.0
12,64,1632.0,7523.0
12,65,1408.0,6555.0
12,66,1619.0,9284.0
13,1,1075.0,5354.0
13,2,644.0,2227.0
13,3,267.0,1380.0
13,4,819.0,3946.0
13,5,1342.0,5787.0
13,6,1378.0,6118.0
13,7,593.0,2637.0
13,8,1633.0,6966.0
13,9,834.0,4097.0
13,10,575.0,3025.0
13,11,599.0,2902.0
13,12,358.0,1959.0
13,13,0.0,0.0
13,14,1068.0,5356.0
13,15,2748.0,15382.0
13,16,453.0,1912.0
13,17,1163.0,5064.0
13,18,1185.0,5216.0
13,19,1296.0,5754.0
13,20,1059.0,5210.0
13,21,1269.0,5981.0
13,22,2146.0,8687.0
13,23,1714.0,7687.0
13,24,229.0,978.0
13,25,226.0,896.0
13,26,130.0,637.0
13,27,1158.0,5356.0
13,28,667.0,2801.0
13,29,860.0,4144.0
13,30,2172.0,9177.0
13,31,861.0,3950.0
13,32,327.0,1627.0
13,33,1917.0,8545.0
13,34,1236.0,5355.0
13,35,174.0,854.0
13,36,1441.0,6532.0
13,37,702.0,3571.0
13,38,619.0,3010.0
13,39,910.0,5308.0
13,40,1207.0,5436.0
13,41,987.0,4760.0
13,42,978.0,4966.0
13,43,776.0,2439.0
13,44,682.0,2450.0
13,45,945.0,4880.0
13,46,696.0,3285.0
13,47,461.0,1622.0
13,48,838.0,3252.0
13,49,813.0,3674.0
13,50,509.0,1831.0
13,51,389.0,1828.0
13,52,388.0,1485.0
13,53,465.0,2236.0
13,54,607.0,2835.0
13,55,911.0,4182.0
13,56,1244.0,4799.0
13,57,930.0,3993.0
13,58,986.0,4049.0
13,59,1152.0,4688.0
13,60,1360.0,5232.0
13,61,1536.0,5707.0
13,62,529.0,3011.0
13,63,405.0,2186.0
13,64,1656.0,7310.0
13,65,1550.0,6746.0
13,66,1920.0,10911.0
14,1,364.0,2047.0
14,2,2293.0,11384.0
14,3,1403.0,7607.0
14,4,262.0,1407.0
14,5,1620.0,7289.0
14,6,1391.0,6636.0
14,7,542.0,2772.0
14,8,1362.0,6034.0
14,9,1295.0,6526.0
14,10,1313.0,7173.0
14,11,1401.0,7714.0
14,12,1182.0,6648.0
14,13,1113.0,5356.0
14,14,0.0,0.0
14,15,1571.0,9129.0
14,16,1511.0,7006.0
14,17,773.0,4045.0
14,18,1563.0,7127.0
14,19,640.0,3388.0
14,20,1110.0,5540.0
14,21,1073.0,5484.0
14,22,1285.0,4834.0
14,23,867.0,3911.0
14,24,1035.0,5152.0
14,25,1032.0,5070.0
14,26,1459.0,7777.0
14,27,455.0,2445.0
14,28,1269.0,6522.0
14,29,532.0,2955.0
14,30,1325.0,5401.0
14,31,1043.0,5395.0
14,32,810.0,4228.0
14,33,1070.0,4769.0
14,34,1186.0,5568.0
14,35,1646.0,8949.0
14,36,594.0,2756.0
14,37,1212.0,6018.0
14,38,1112.0,5752.0
14,39,775.0,4330.0
14,40,1379.0,6594.0
14,41,1645.0,7808.0
14,42,1636.0,8014.0
14,43,2019.0,8608.0
14,44,1863.0,8209.0
14,45,1882.0,10265.0
14,46,1584.0,8385.0
14,47,1549.0,6882.0
14,48,1581.0,7287.0
14,49,1084.0,5539.0
14,50,1523.0,6720.0
14,51,1790.0,9485.0
14,52,1916.0,10204.0
14,53,1866.0,9893.0
14,54,2008.0,10492.0
14,55,2312.0,11839.0
14,56,2645.0,12456.0
14,57,2331.0,11650.0
14,58,2387.0,11706.0
14,59,2553.0,12345.0
14,60,2761.0,12889.0
14,61,2937.0,13364.0
14,62,1653.0,9040.0
14,63,1806.0,9843.0
14,64,867.0,3900.0
14,65,894.0,4380.0
14,66,743.0,4658.0
15,1,1957.0,9581.0
15,2,3563.0,17225.0
15,3,2673.0,13448.0
15,4,2208.0,10907.0
15,5,3275.0,15345.0
15,6,3046.0,14692.0
15,7,2573.0,12203.0
15,8,3017.0,14090.0
15,9,3076.0,15470.0
15,10,2583.0,13014.0
15,11,2671.0,13555.0
15,12,2452.0,12489.0
15,13,2891.0,14138.0
15,14,1879.0,9368.0
15,15,0.0,0.0
15,16,2992.0,14579.0
15,17,2428.0,12101.0
15,18,3427.0,16589.0
15,19,2295.0,11444.0
15,20,2765.0,13596.0
15,21,2728.0,13540.0
15,22,2940.0,12890.0
15,23,2522.0,11967.0
15,24,2813.0,13934.0
15,25,2810.0,13852.0
15,26,2729.0,13618.0
15,27,2110.0,10501.0
15,28,3021.0,15263.0
15,29,2226.0,11371.0
15,30,2980.0,13457.0
15,31,2698.0,13451.0
15,32,2569.0,13000.0
15,33,2725.0,12825.0
15,34,2841.0,13624.0
15,35,2916.0,14790.0
15,36,2249.0,10812.0
15,37,2944.0,14944.0
15,38,2861.0,14383.0
15,39,2238.0,11326.0
15,40,3034.0,14650.0
15,41,3229.0,16133.0
15,42,3220.0,16339.0
15,43,3419.0,15916.0
15,44,3263.0,15517.0
15,45,2847.0,14370.0
15,46,2567.0,12635.0
15,47,3301.0,15623.0
15,48,3333.0,16028.0
15,49,2739.0,13595.0
15,50,3275.0,15461.0
15,51,3060.0,15326.0
15,52,3186.0,16045.0
15,53,3136.0,15734.0
15,54,3278.0,16333.0
15,55,3582.0,17680.0
15,56,3915.0,18297.0
15,57,3601.0,17491.0
15,58,3657.0,17547.0
15,59,3823.0,18186.0
15,60,4031.0,18730.0
15,61,4207.0,19205.0
15,62,2923.0,14881.0
15,63,3076.0,15684.0
15,64,2522.0,11956.0
15,65,2549.0,12436.0
15,66,994.0,4929.0
16,1,1114.0,5847.0
16,2,661.0,2885.0
16,3,568.0,2823.0
16,4,889.0,4452.0
16,5,970.0,3729.0
16,6,1006.0,4060.0
16,7,607.0,2853.0
16,8,1261.0,4908.0
16,9,462.0,2039.0
16,10,729.0,3849.0
16,11,755.0,3966.0
16,12,517.0,3156.0
16,13,444.0,2270.0
16,14,1399.0,7041.0
16,15,2787.0,15875.0
16,16,0.0,0.0
16,17,861.0,3736.0
16,18,813.0,3158.0
16,19,994.0,4426.0
16,20,687.0,3152.0
16,21,897.0,3923.0
16,22,1774.0,6629.0
16,23,1531.0,6813.0
16,24,245.0,1472.0
16,25,326.0,1850.0
16,26,412.0,2123.0
16,27,1079.0,5027.0
16,28,281.0,1251.0
16,29,711.0,3256.0
16,30,2038.0,7707.0
16,31,542.0,2470.0
16,32,273.0,1620.0
16,33,1734.0,7671.0
16,34,823.0,3252.0
16,35,535.0,2831.0
16,36,1258.0,5658.0
16,37,365.0,1831.0
16,38,317.0,1682.0
16,39,949.0,5801.0
16,40,835.0,3378.0
16,41,615.0,2702.0
16,42,535.0,2385.0
16,43,530.0,1742.0
16,44,374.0,1343.0
16,45,1260.0,6562.0
16,46,1032.0,5137.0
16,47,380.0,1481.0
16,48,435.0,1604.0
16,49,483.0,2302.0
16,50,358.0,1326.0
16,51,704.0,3510.0
16,52,556.0,2853.0
16,53,780.0,3918.0
16,54,922.0,4517.0
16,55,1052.0,5161.0
16,56,1385.0,5778.0
16,57,1071.0,4972.0
16,58,1127.0,5028.0
16,59,1293.0,5667.0
16,60,1501.0,6211.0
16,61,1677.0,6686.0
16,62,844.0,4693.0
16,63,720.0,3868.0
16,64,1445.0,5907.0
16,65,1174.0,5003.0
16,66,1959.0,11404.0
17,1,458.0,2389.0
17,2,1405.0,5634.0
17,3,1081.0,5784.0
17,4,314.0,1485.0
17,5,822.0,3222.0
17,6,618.0,2591.0
17,7,409.0,2086.0
17,8,635.0,2309.0
17,9,618.0,3002.0
17,10,991.0,5350.0
17,11,1079.0,5891.0
17,12,860.0,4825.0
17,13,980.0,4669.0
17,14,717.0,4045.0
17,15,2064.0,11862.0
17,16,890.0,3701.0
17,17,0.0,0.0
17,18,833.0,3377.0
17,19,312.0,1430.0
17,20,370.0,1696.0
17,21,300.0,1439.0
17,22,1000.0,3198.0
17,23,742.0,3109.0
17,24,1004.0,4147.0
17,25,899.0,4383.0
17,26,1137.0,5954.0
17,27,397.0,2031.0
17,28,825.0,3698.0
17,29,169.0,930.0
17,30,1209.0,4658.0
17,31,422.0,2090.0
17,32,741.0,3519.0
17,33,945.0,3967.0
17,34,446.0,1723.0
17,35,1324.0,7126.0
17,36,576.0,2662.0
17,37,591.0,2713.0
17,38,491.0,2447.0
17,39,580.0,3594.0
17,40,606.0,2549.0
17,41,976.0,4221.0
17,42,967.0,4427.0
17,43,1398.0,5303.0
17,44,1242.0,4904.0
17,45,1567.0,8400.0
17,46,1353.0,7210.0
17,47,1183.0,4797.0
17,48,1137.0,4463.0
17,49,463.0,2234.0
17,50,1157.0,4635.0
17,51,1468.0,7662.0
17,52,1594.0,8381.0
17,53,1544.0,8070.0
17,54,1686.0,8669.0
17,55,1990.0,10016.0
17,56,2323.0,10633.0
17,57,2009.0,9827.0
17,58,2065.0,9883.0
17,59,2231.0,10522.0
17,60,2439.0,11066.0
17,61,2615.0,11541.0
17,62,1331.0,7217.0
17,63,1484.0,8020.0
17,64,696.0,2678.0
17,65,425.0,1774.0
17,66,1236.0,7391.0
18,1,970.0,4944.0
18,2,1261.0,5401.0
18,3,1031.0,5704.0
18,4,890.0,4502.0
18,5,163.0,633.0
18,6,255.0,1114.0
18,7,697.0,3604.0
18,8,590.0,2336.0
18,9,260.0,1387.0
18,10,1161.0,6751.0
18,11,1249.0,7292.0
18,12,863.0,5227.0
18,13,1044.0,4786.0
18,14,1351.0,7127.0
18,15,2698.0,14944.0
18,16,724.0,3229.0
18,17,678.0,3374.0
18,18,0.0,0.0
18,19,833.0,4122.0
18,20,333.0,1628.0
18,21,514.0,2404.0
18,22,967.0,3532.0
18,23,1302.0,5697.0
18,24,882.0,4319.0
18,25,925.0,4866.0
18,26,946.0,4922.0
18,27,1031.0,5113.0
18,28,423.0,2036.0
18,29,663.0,3342.0
18,30,1231.0,4609.0
18,31,405.0,2077.0
18,32,619.0,3691.0
18,33,1551.0,6642.0
18,34,580.0,2521.0
18,35,1135.0,5347.0
18,36,1210.0,5744.0
18,37,570.0,3072.0
18,38,696.0,3755.0
18,39,956.0,5453.0
18,40,183.0,957.0
18,41,177.0,796.0
18,42,322.0,1280.0
18,43,903.0,2807.0
18,44,715.0,2403.0
18,45,1811.0,9876.0
18,46,1523.0,8611.0
18,47,980.0,3996.0
18,48,563.0,1959.0
18,49,427.0,2385.0
18,50,890.0,3684.0
18,51,1304.0,6026.0
18,52,1156.0,5369.0
18,53,1380.0,6434.0
18,54,1522.0,7033.0
18,55,1652.0,7677.0
18,56,1985.0,8294.0
18,57,1671.0,7488.0
18,58,1727.0,7544.0
18,59,1893.0,8183.0
18,60,2101.0,8727.0
18,61,2277.0,9202.0
18,62,1442.0,8162.0
18,63,1320.0,6384.0
18,64,1152.0,4844.0
18,65,849.0,3749.0
18,66,1870.0,10473.0
19,1,484.0,2401.0
19,2,1547.0,6358.0
19,3,1244.0,6666.0
19,4,448.0,2225.0
19,5,978.0,3889.0
19,6,840.0,3380.0
19,7,572.0,2968.0
19,8,720.0,2634.0
19,9,771.0,3750.0
19,10,1154.0,6232.0
19,11,1242.0,6773.0
19,12,1023.0,5707.0
19,13,1143.0,5551.0
19,14,587.0,3388.0
19,15,1934.0,11205.0
19,16,1032.0,4425.0
19,17,294.0,1464.0
19,18,986.0,4125.0
19,19,0.0,0.0
19,20,523.0,2444.0
19,21,453.0,2187.0
19,22,848.0,2404.0
19,23,590.0,2315.0
19,24,1146.0,4871.0
19,25,1062.0,5265.0
19,26,1300.0,6836.0
19,27,267.0,1375.0
19,28,978.0,4446.0
19,29,311.0,1654.0
19,30,1057.0,3864.0
19,31,564.0,2814.0
19,32,883.0,4243.0
19,33,793.0,3173.0
19,34,599.0,2471.0
19,35,1487.0,8008.0
19,36,446.0,2006.0
19,37,733.0,3437.0
19,38,633.0,3171.0
19,39,743.0,4476.0
19,40,759.0,3297.0
19,41,1129.0,4969.0
19,42,1120.0,5175.0
19,43,1540.0,6027.0
19,44,1384.0,5628.0
19,45,1730.0,9282.0
19,46,1516.0,8092.0
19,47,1325.0,5521.0
19,48,1290.0,5211.0
19,49,605.0,2958.0
19,50,1299.0,5359.0
19,51,1631.0,8544.0
19,52,1757.0,9263.0
19,53,1707.0,8952.0
19,54,1849.0,9551.0
19,55,2153.0,10898.0
19,56,2486.0,11515.0
19,57,2172.0,10709.0
19,58,2228.0,10765.0
19,59,2394.0,11404.0
19,60,2602.0,11948.0
19,61,2778.0,12423.0
19,62,1494.0,8099.0
19,63,1647.0,8902.0
19,64,544.0,1884.0
19,65,252.0,980.0
19,66,1106.0,6734.0
20,1,669.0,3357.0
20,2,1285.0,5322.0
20,3,1055.0,5625.0
20,4,589.0,2915.0
20,5,482.0,1475.0
20,6,431.0,1552.0
20,7,540.0,2521.0
20,8,686.0,2401.0
20,9,240.0,1261.0
20,10,1185.0,6672.0
20,11,1273.0,7213.0
20,12,887.0,5148.0
20,13,1068.0,4707.0
20,14,1048.0,5541.0
20,15,2254.0,12187.0
20,16,748.0,3150.0
20,17,357.0,1705.0
20,18,504.0,1780.0
20,19,512.0,2453.0
20,20,0.0,0.0
20,21,268.0,1153.0
20,22,1180.0,4005.0
20,23,922.0,3916.0
20,24,906.0,4240.0
20,25,949.0,4787.0
20,26,970.0,4843.0
20,27,728.0,3527.0
20,28,447.0,1957.0
20,29,414.0,1977.0
20,30,1389.0,5465.0
20,31,277.0,1170.0
20,32,643.0,3612.0
20,33,1125.0,4775.0
20,34,267.0,830.0
20,35,1159.0,5268.0
20,36,821.0,3639.0
20,37,501.0,2424.0
20,38,486.0,2375.0
20,39,739.0,4234.0
20,40,228.0,809.0
20,41,598.0,2480.0
20,42,589.0,2686.0
20,43,1083.0,3789.0
20,44,927.0,3390.0
20,45,1835.0,9797.0
20,46,1547.0,8532.0
20,47,1004.0,3917.0
20,48,759.0,2722.0
20,49,320.0,1470.0
20,50,914.0,3605.0
20,51,1328.0,5947.0
20,52,1180.0,5290.0
20,53,1404.0,6355.0
20,54,1546.0,6954.0
20,55,1676.0,7598.0
20,56,2009.0,8215.0
20,57,1695.0,7409.0
20,58,1751.0,7465.0
20,59,1917.0,8104.0
20,60,2125.0,8648.0
20,61,2301.0,9123.0
20,62,1466.0,8083.0
20,63,1344.0,6305.0
20,64,876.0,3485.0
20,65,605.0,2581.0
20,66,1426.0,7716.0
21,1,698.0,3828.0
21,2,1439.0,6093.0
21,3,1272.0,6895.0
21,4,554.0,2924.0
21,5,598.0,2252.0
21,6,394.0,1621.0
21,7,600.0,3197.0
21,8,535.0,2116.0
21,9,394.0,2032.0
21,10,1182.0,6461.0
21,11,1270.0,7002.0
21,12,1041.0,5919.0
21,13,1222.0,5478.0
21,14,957.0,5484.0
21,15,2304.0,13301.0
21,16,902.0,3921.0
21,17,240.0,1439.0
21,18,609.0,2407.0
21,19,395.0,2187.0
21,20,219.0,1153.0
21,21,0.0,0.0
21,22,1063.0,3739.0
21,23,805.0,3650.0
21,24,1060.0,5011.0
21,25,1103.0,5558.0
21,26,1124.0,5614.0
21,27,637.0,3470.0
21,28,601.0,2728.0
21,29,409.0,2369.0
21,30,1272.0,5199.0
21,31,401.0,1912.0
21,32,797.0,4383.0
21,33,1008.0,4509.0
21,34,383.0,1572.0
21,35,1313.0,6039.0
21,36,704.0,3373.0
21,37,566.0,2593.0
21,38,610.0,3117.0
21,39,771.0,4705.0
21,40,382.0,1579.0
21,41,752.0,3251.0
21,42,743.0,3457.0
21,43,1237.0,4560.0
21,44,1081.0,4161.0
21,45,1758.0,9511.0
21,46,1544.0,8321.0
21,47,1158.0,4688.0
21,48,913.0,3493.0
21,49,444.0,2212.0
21,50,1068.0,4376.0
21,51,1482.0,6718.0
21,52,1334.0,6061.0
21,53,1558.0,7126.0
21,54,1700.0,7725.0
21,55,1830.0,8369.0
21,56,2163.0,8986.0
21,57,1849.0,8180.0
21,58,1905.0,8236.0
21,59,2071.0,8875.0
21,60,2279.0,9419.0
21,61,2455.0,9894.0
21,62,1522.0,8328.0
21,63,1498.0,7076.0
21,64,759.0,3219.0
21,65,356.0,1738.0
21,66,1476.0,8830.0
22,1,897.0,4935.0
22,2,1865.0,8606.0
22,3,1617.0,8843.0
22,4,795.0,4295.0
22,5,512.0,2774.0
22,6,374.0,2265.0
22,7,945.0,5145.0
22,8,254.0,1519.0
22,9,809.0,4470.0
22,10,1527.0,8409.0
22,11,1615.0,8950.0
22,12,1396.0,7884.0
22,13,1648.0,7991.0
22,14,791.0,4833.0
22,15,2138.0,12650.0
22,16,1328.0,6434.0
22,17,557.0,3197.0
22,18,645.0,3407.0
22,19,407.0,2403.0
22,20,723.0,3995.0
22,21,513.0,3158.0
22,22,0.0,0.0
22,23,387.0,2288.0
22,24,1486.0,7524.0
22,25,1529.0,8071.0
22,26,1550.0,8127.0
22,27,499.0,2964.0
22,28,1027.0,5241.0
22,29,761.0,4512.0
22,30,387.0,1726.0
22,31,817.0,4362.0
22,32,1223.0,6896.0
22,33,636.0,3233.0
22,34,799.0,4022.0
22,35,1860.0,10185.0
22,36,399.0,2404.0
22,37,982.0,5043.0
22,38,1083.0,6029.0
22,39,1116.0,6653.0
22,40,598.0,3452.0
22,41,801.0,4054.0
22,42,937.0,4524.0
22,43,1507.0,6012.0
22,44,1319.0,5608.0
22,45,2103.0,11459.0
22,46,1889.0,10269.0
22,47,1584.0,7201.0
22,48,1167.0,5164.0
22,49,860.0,4662.0
22,50,1494.0,6889.0
22,51,2004.0,10721.0
22,52,1760.0,8574.0
22,53,2080.0,11129.0
22,54,2222.0,11728.0
22,55,2256.0,10882.0
22,56,2589.0,11499.0
22,57,2275.0,10693.0
22,58,2331.0,10749.0
22,59,2497.0,11388.0
22,60,2705.0,11932.0
22,61,2881.0,12407.0
22,62,1867.0,10276.0
22,63,2020.0,11079.0
22,64,237.0,1435.0
22,65,328.0,1931.0
22,66,1310.0,8179.0
23,1,803.0,4473.0
23,2,1989.0,9274.0
23,3,1616.0,9023.0
23,4,701.0,3833.0
23,5,1187.0,5297.0
23,6,1049.0,4788.0
23,7,1045.0,5716.0
23,8,929.0,4042.0
23,9,944.0,5213.0
23,10,1526.0,8589.0
23,11,1614.0,9130.0
23,12,1395.0,8064.0
23,13,1552.0,7782.0
23,14,636.0,4005.0
23,15,1983.0,11822.0
23,16,1395.0,6872.0
23,17,530.0,3109.0
23,18,1159.0,5588.0
23,19,380.0,2315.0
23,20,696.0,3907.0
23,21,626.0,3650.0
23,22,616.0,2288.0
23,23,0.0,0.0
23,24,1509.0,7318.0
23,25,1471.0,7496.0
23,26,1672.0,9193.0
23,27,433.0,2553.0
23,28,1151.0,5909.0
23,29,674.0,4101.0
23,30,453.0,1488.0
23,31,790.0,4274.0
23,32,1246.0,6690.0
23,33,332.0,1398.0
23,34,772.0,3934.0
23,35,1859.0,10365.0
23,36,202.0,1228.0
23,37,955.0,4955.0
23,38,996.0,5618.0
23,39,1115.0,6833.0
23,40,932.0,4760.0
23,41,1302.0,6432.0
23,42,1293.0,6638.0
23,43,1787.0,7741.0
23,44,1631.0,7342.0
23,45,2102.0,11639.0
23,46,1888.0,10449.0
23,47,1708.0,7869.0
23,48,1463.0,6674.0
23,49,833.0,4574.0
23,50,1618.0,7557.0
23,51,2003.0,10901.0
23,52,1884.0,9242.0
23,53,2079.0,11309.0
23,54,2221.0,11908.0
23,55,2525.0,13255.0
23,56,2858.0,13872.0
23,57,2544.0,13066.0
23,58,2600.0,13122.0
23,59,2766.0,13761.0
23,60,2974.0,14305.0
23,61,3150.0,14780.0
23,62,1866.0,10456.0
23,63,2019.0,11259.0
23,64,342.0,1787.0
23,65,431.0,2443.0
23,66,1155.0,7351.0
24,1,1036.0,5150.0
24,2,808.0,3141.0
24,3,318.0,1491.0
24,4,780.0,3741.0
24,5,1227.0,4819.0
24,6,1263.0,5150.0
24,7,554.0,2432.0
24,8,1518.0,5998.0
24,9,719.0,3129.0
24,10,558.0,3017.0
24,11,584.0,3134.0
24,12,319.0,1754.0
24,13,241.0,978.0
24,14,1029.0,5151.0
24,15,2709.0,15178.0
24,16,358.0,1472.0
24,17,1043.0,4100.0
24,18,1070.0,4248.0
24,19,1176.0,4790.0
24,20,944.0,4242.0
24,21,1154.0,5013.0
24,22,2031.0,7719.0
24,23,1713.0,7177.0
24,24,0.0,0.0
24,25,52.0,246.0
24,26,181.0,748.0
24,27,1119.0,5151.0
24,28,617.0,2517.0
24,29,893.0,3620.0
24,30,2171.0,8667.0
24,31,741.0,2986.0
24,32,288.0,1423.0
24,33,1916.0,8035.0
24,34,1159.0,4518.0
24,35,325.0,1365.0
24,36,1440.0,6022.0
24,37,587.0,2603.0
24,38,499.0,2046.0
24,39,871.0,5104.0
24,40,1092.0,4468.0
24,41,872.0,3792.0
24,42,863.0,3998.0
24,43,840.0,2894.0
24,44,684.0,2495.0
24,45,1097.0,5384.0
24,46,826.0,3796.0
24,47,586.0,2304.0
24,48,771.0,2870.0
24,49,693.0,2711.0
24,50,560.0,2142.0
24,51,541.0,2332.0
24,52,684.0,2903.0
24,53,617.0,2740.0
24,54,759.0,3339.0
24,55,1063.0,4686.0
24,56,1396.0,5303.0
24,57,1082.0,4497.0
24,58,1138.0,4553.0
24,59,1304.0,5192.0
24,60,1512.0,5736.0
24,61,1688.0,6211.0
24,62,681.0,3515.0
24,63,557.0,2690.0
24,64,1654.0,6749.0
24,65,1430.0,5782.0
24,66,1881.0,10707.0
25,1,1023.0,5068.0
25,2,780.0,2976.0
25,3,305.0,1409.0
25,4,767.0,3659.0
25,5,1290.0,5501.0
25,6,1326.0,5832.0
25,7,541.0,2350.0
25,8,1581.0,6680.0
25,9,782.0,3811.0
25,10,545.0,2935.0
25,11,571.0,3052.0
25,12,306.0,1672.0
25,13,228.0,896.0
25,14,1016.0,5069.0
25,15,2696.0,15096.0
25,16,426.0,1850.0
25,17,1111.0,4778.0
25,18,1133.0,4930.0
25,19,1244.0,5468.0
25,20,1007.0,4924.0
25,21,1217.0,5695.0
25,22,2094.0,8401.0
25,23,1662.0,7400.0
25,24,43.0,246.0
25,25,0.0,0.0
25,26,168.0,666.0
25,27,1106.0,5069.0
25,28,727.0,3604.0
25,29,808.0,3857.0
25,30,2120.0,8890.0
25,31,809.0,3664.0
25,32,275.0,1341.0
25,33,1865.0,8258.0
25,34,1184.0,5069.0
25,35,312.0,1283.0
25,36,1389.0,6245.0
25,37,650.0,3285.0
25,38,567.0,2724.0
25,39,858.0,5022.0
25,40,1155.0,5150.0
25,41,935.0,4474.0
25,42,926.0,4680.0
25,43,908.0,3272.0
25,44,752.0,2873.0
25,45,1084.0,5302.0
25,46,813.0,3714.0
25,47,654.0,2682.0
25,48,839.0,3248.0
25,49,761.0,3388.0
25,50,628.0,2520.0
25,51,528.0,2250.0
25,52,654.0,2969.0
25,53,604.0,2658.0
25,54,746.0,3257.0
25,55,1050.0,4604.0
25,56,1383.0,5221.0
25,57,1069.0,4415.0
25,58,1125.0,4471.0
25,59,1291.0,5110.0
25,60,1499.0,5654.0
25,61,1675.0,6129.0
25,62,668.0,3433.0
25,63,544.0,2608.0
25,64,1604.0,7023.0
25,65,1498.0,6460.0
25,66,1868.0,10625.0
26,1,955.0,4859.0
26,2,801.0,2882.0
26,3,137.0,742.0
26,4,770.0,3715.0
26,5,1293.0,5557.0
26,6,1329.0,5888.0
26,7,544.0,2406.0
26,8,1584.0,6736.0
26,9,785.0,3867.0
26,10,445.0,2387.0
26,11,471.0,2504.0
26,12,211.0,1293.0
26,13,169.0,640.0
26,14,1458.0,7965.0
26,15,2628.0,14887.0
26,16,523.0,2123.0
26,17,1176.0,5936.0
26,18,1136.0,4986.0
26,19,1335.0,6695.0
26,20,1010.0,4980.0
26,21,1220.0,5751.0
26,22,2097.0,8457.0
26,23,1872.0,9083.0
26,24,180.0,748.0
26,25,177.0,666.0
26,26,0.0,0.0
26,27,1109.0,5125.0
26,28,730.0,3660.0
26,29,1035.0,5319.0
26,30,2330.0,10573.0
26,31,812.0,3720.0
26,32,278.0,1397.0
26,33,2075.0,9941.0
26,34,1187.0,5125.0
26,35,234.0,1003.0
26,36,1599.0,7928.0
26,37,653.0,3341.0
26,38,570.0,2780.0
26,39,790.0,4813.0
26,40,1158.0,5206.0
26,41,938.0,4530.0
26,42,929.0,4736.0
26,43,880.0,2945.0
26,44,786.0,2956.0
26,45,906.0,4460.0
26,46,629.0,3020.0
26,47,618.0,2277.0
26,48,1042.0,4425.0
26,49,764.0,3444.0
26,50,613.0,2337.0
26,51,455.0,1997.0
26,52,581.0,2716.0
26,53,531.0,2405.0
26,54,673.0,3004.0
26,55,977.0,4351.0
26,56,1310.0,4968.0
26,57,996.0,4162.0
26,58,1052.0,4218.0
26,59,1218.0,4857.0
26,60,1426.0,5401.0
26,61,1602.0,5876.0
26,62,525.0,2834.0
26,63,471.0,2355.0
26,64,1607.0,7079.0
26,65,1589.0,7687.0
26,66,1800.0,10416.0
27,1,411.0,2048.0
27,2,1670.0,7070.0
27,3,1267.0,6950.0
27,4,309.0,1408.0
27,5,1264.0,5420.0
27,6,1035.0,4767.0
27,7,589.0,2773.0
27,8,1006.0,4165.0
27,9,939.0,4657.0
27,10,1177.0,6516.0
27,11,1265.0,7057.0
27,12,1046.0,5991.0
27,13,1160.0,5357.0
27,14,391.0,2445.0
27,15,1738.0,10262.0
27,16,1155.0,5137.0
27,17,417.0,2176.0
27,18,1207.0,5258.0
27,19,284.0,1519.0
27,20,754.0,3671.0
27,21,717.0,3615.0
27,22,929.0,2965.0
27,23,591.0,2459.0
27,24,1082.0,5153.0
27,25,1079.0,5071.0
27,26,1323.0,7120.0
27,27,0.0,0.0
27,28,1213.0,5845.0
27,29,392.0,2258.0
27,30,1084.0,4291.0
27,31,687.0,3526.0
27,32,857.0,4229.0
27,33,794.0,3317.0
27,34,830.0,3699.0
27,35,1510.0,8292.0
27,36,318.0,1304.0
27,37,856.0,4149.0
27,38,756.0,3883.0
27,39,766.0,4760.0
27,40,1023.0,4725.0
27,41,1289.0,5939.0
27,42,1280.0,6145.0
27,43,1663.0,6739.0
27,44,1507.0,6340.0
27,45,1753.0,9566.0
27,46,1539.0,8376.0
27,47,1448.0,6233.0
27,48,1525.0,6610.0
27,49,728.0,3670.0
27,50,1422.0,6071.0
27,51,1654.0,8828.0
27,52,1780.0,9547.0
27,53,1730.0,9236.0
27,54,1872.0,9835.0
27,55,2176.0,11182.0
27,56,2509.0,11799.0
27,57,2195.0,10993.0
27,58,2251.0,11049.0
27,59,2417.0,11688.0
27,60,2625.0,12232.0
27,61,2801.0,12707.0
27,62,1517.0,8383.0
27,63,1670.0,9186.0
27,64,511.0,2031.0
27,65,538.0,2511.0
27,66,910.0,5791.0
28,1,1190.0,6520.0
28,2,865.0,3423.0
28,3,761.0,4306.0
28,4,965.0,5125.0
28,5,716.0,2536.0
28,6,752.0,2867.0
28,7,716.0,3899.0
28,8,1007.0,3715.0
28,9,208.0,846.0
28,10,891.0,5353.0
28,11,979.0,5894.0
28,12,593.0,3829.0
28,13,648.0,2808.0
28,14,1214.0,6534.0
28,15,2863.0,16548.0
28,16,328.0,1251.0
28,17,818.0,3666.0
28,18,559.0,1965.0
28,19,1032.0,4633.0
28,20,433.0,1959.0
28,21,643.0,2730.0
28,22,1520.0,5436.0
28,23,1383.0,5877.0
28,24,553.0,2517.0
28,25,634.0,2895.0
28,26,676.0,3524.0
28,27,1117.0,5234.0
28,28,0.0,0.0
28,29,749.0,3463.0
28,30,1784.0,6514.0
28,31,434.0,2009.0
28,32,349.0,2293.0
28,33,1586.0,6736.0
28,34,715.0,2791.0
28,35,739.0,3369.0
28,36,1296.0,5865.0
28,37,300.0,1674.0
28,38,426.0,2357.0
28,39,1025.0,6474.0
28,40,581.0,2185.0
28,41,361.0,1509.0
28,42,352.0,1715.0
28,43,663.0,1890.0
28,44,507.0,1491.0
28,45,1464.0,7100.0
28,46,1253.0,7213.0
28,47,584.0,2018.0
28,48,339.0,823.0
28,49,375.0,1841.0
28,50,494.0,1706.0
28,51,908.0,4048.0
28,52,760.0,3391.0
28,53,984.0,4456.0
28,54,1126.0,5055.0
28,55,1256.0,5699.0
28,56,1589.0,6316.0
28,57,1275.0,5510.0
28,58,1331.0,5566.0
28,59,1497.0,6205.0
28,60,1705.0,6749.0
28,61,1881.0,7224.0
28,62,1048.0,5231.0
28,63,924.0,4406.0
28,64,1337.0,5446.0
28,65,858.0,3589.0
28,66,2035.0,12077.0
29,1,432.0,2183.0
29,2,1368.0,5214.0
29,3,1084.0,5720.0
29,4,288.0,1279.0
29,5,925.0,3346.0
29,6,788.0,2994.0
29,7,412.0,2022.0
29,8,841.0,3078.0
29,9,637.0,2801.0
29,10,994.0,5286.0
29,11,1082.0,5827.0
29,12,863.0,4761.0
29,13,983.0,4605.0
29,14,744.0,4074.0
29,15,2091.0,11891.0
29,16,853.0,3281.0
29,17,206.0,769.0
29,18,905.0,3403.0
29,19,339.0,1459.0
29,20,454.0,1812.0
29,21,506.0,2208.0
29,22,1235.0,4352.0
29,23,876.0,3846.0
29,24,967.0,3727.0
29,25,902.0,4319.0
29,26,1140.0,5890.0
29,27,418.0,2045.0
29,28,911.0,3989.0
29,29,0.0,0.0
29,30,1334.0,5336.0
29,31,385.0,1670.0
29,32,704.0,3099.0
29,33,1079.0,4704.0
29,34,530.0,1840.0
29,35,1327.0,7062.0
29,36,603.0,2691.0
29,37,554.0,2293.0
29,38,454.0,2027.0
29,39,583.0,3530.0
29,40,682.0,2621.0
29,41,987.0,4084.0
29,42,978.0,4290.0
29,43,1361.0,4883.0
29,44,1205.0,4484.0
29,45,1570.0,8336.0
29,46,1356.0,7146.0
29,47,1146.0,4377.0
29,48,1223.0,4754.0
29,49,426.0,1814.0
29,50,1120.0,4215.0
29,51,1471.0,7598.0
29,52,1597.0,8317.0
29,53,1547.0,8006.0
29,54,1689.0,8605.0
29,55,1993.0,9952.0
29,56,2326.0,10569.0
29,57,2012.0,9763.0
29,58,2068.0,9819.0
29,59,2234.0,10458.0
29,60,2442.0,11002.0
29,61,2618.0,11477.0
29,62,1334.0,7153.0
29,63,1487.0,7956.0
29,64,817.0,3418.0
29,65,593.0,2451.0
29,66,1263.0,7420.0
30,1,1037.0,5885.0
30,2,2208.0,9800.0
30,3,1850.0,10435.0
30,4,935.0,5245.0
30,5,855.0,3968.0
30,6,717.0,3459.0
30,7,1279.0,7128.0
30,8,597.0,2713.0
30,9,1152.0,5664.0
30,10,1760.0,10001.0
30,11,1848.0,10542.0
30,12,1629.0,9476.0
30,13,1991.0,9185.0
30,14,870.0,5417.0
30,15,2217.0,13234.0
30,16,1671.0,7628.0
30,17,762.0,4425.0
30,18,988.0,4601.0
30,19,612.0,3631.0
30,20,1029.0,5076.0
30,21,858.0,4966.0
30,22,432.0,1717.0
30,23,243.0,1488.0
30,24,1829.0,8718.0
30,25,1872.0,9265.0
30,26,1893.0,9321.0
30,27,657.0,4058.0
30,28,1370.0,6435.0
30,29,908.0,5513.0
30,30,0.0,0.0
30,31,1022.0,5590.0
30,32,1566.0,8090.0
30,33,388.0,2059.0
30,34,1004.0,5250.0
30,35,2093.0,11777.0
30,36,500.0,3070.0
30,37,1187.0,6271.0
30,38,1230.0,7030.0
30,39,1349.0,8245.0
30,40,941.0,4646.0
30,41,1144.0,5248.0
30,42,1280.0,5718.0
30,43,1850.0,7206.0
30,44,1662.0,6802.0
30,45,2336.0,13051.0
30,46,2122.0,11861.0
30,47,1927.0,8395.0
30,48,1510.0,6358.0
30,49,1065.0,5890.0
30,50,1837.0,8083.0
30,51,2237.0,12313.0
30,52,2103.0,9768.0
30,53,2313.0,12721.0
30,54,2455.0,13320.0
30,55,2599.0,12076.0
30,56,2932.0,12693.0
30,57,2618.0,11887.0
30,58,2674.0,11943.0
30,59,2840.0,12582.0
30,60,3048.0,13126.0
30,61,3224.0,13601.0
30,62,2100.0,11868.0
30,63,2253.0,12671.0
30,64,333.0,2035.0
30,65,671.0,3124.0
30,66,1389.0,8763.0
31,1,636.0,3110.0
31,2,1161.0,4507.0
31,3,1005.0,5041.0
31,4,556.0,2668.0
31,5,750.0,2522.0
31,6,652.0,2424.0
31,7,344.0,1595.0
31,8,910.0,3247.0
31,9,295.0,1281.0
31,10,915.0,4607.0
31,11,1003.0,5148.0
31,12,741.0,3928.0
31,13,884.0,3853.0
31,14,1017.0,5293.0
31,15,2364.0,13110.0
31,16,646.0,2574.0
31,17,479.0,1988.0
31,18,593.0,1950.0
31,19,612.0,2678.0
31,20,319.0,1041.0
31,21,478.0,1783.0
31,22,1277.0,4234.0
31,23,1019.0,4145.0
31,24,760.0,3020.0
31,25,803.0,3567.0
31,26,824.0,3623.0
31,27,697.0,3279.0
31,28,524.0,2108.0
31,29,329.0,1508.0
31,30,1486.0,5694.0
31,31,0.0,0.0
31,32,497.0,2392.0
31,33,1222.0,5004.0
31,34,351.0,1059.0
31,35,968.0,4240.0
31,36,876.0,3910.0
31,37,268.0,989.0
31,38,295.0,1497.0
31,39,622.0,3619.0
31,40,521.0,1959.0
31,41,675.0,2631.0
31,42,666.0,2837.0
31,43,1065.0,3280.0
31,44,909.0,2881.0
31,45,1491.0,7657.0
31,46,1277.0,6467.0
31,47,939.0,3670.0
31,48,836.0,2873.0
31,49,117.0,445.0
31,50,896.0,3096.0
31,51,1184.0,5207.0
31,52,1056.0,4475.0
31,53,1260.0,5615.0
31,54,1402.0,6214.0
31,55,1552.0,6783.0
31,56,1885.0,7400.0
31,57,1571.0,6594.0
31,58,1627.0,6650.0
31,59,1793.0,7289.0
31,60,2001.0,7833.0
31,61,2177.0,8308.0
31,62,1255.0,6474.0
31,63,1200.0,5565.0
31,64,973.0,3714.0
31,65,702.0,2810.0
31,66,1536.0,8639.0
32,1,848.0,4258.0
32,2,961.0,3491.0
32,3,419.0,2044.0
32,4,616.0,2832.0
32,5,1022.0,4191.0
32,6,1058.0,4522.0
32,7,367.0,1606.0
32,8,1313.0,5370.0
32,9,514.0,2501.0
32,10,549.0,3091.0
32,11,637.0,3632.0
32,12,251.0,1567.0
32,13,394.0,1492.0
32,14,865.0,4241.0
32,15,2521.0,14286.0
32,16,430.0,1610.0
32,17,843.0,3468.0
32,18,865.0,3620.0
32,19,976.0,4158.0
32,20,739.0,3614.0
32,21,949.0,4385.0
32,22,1826.0,7091.0
32,23,1513.0,6545.0
32,24,316.0,1288.0
32,25,313.0,1206.0
32,26,334.0,1262.0
32,27,955.0,4241.0
32,28,459.0,2294.0
32,29,693.0,2988.0
32,30,2090.0,8169.0
32,31,541.0,2354.0
32,32,0.0,0.0
32,33,1716.0,7403.0
32,34,916.0,3759.0
32,35,478.0,1879.0
32,36,1240.0,5390.0
32,37,382.0,1975.0
32,38,299.0,1414.0
32,39,683.0,4212.0
32,40,887.0,3840.0
32,41,667.0,3164.0
32,42,658.0,3370.0
32,43,857.0,2947.0
32,44,701.0,2548.0
32,45,1199.0,6216.0
32,46,911.0,4951.0
32,47,739.0,2654.0
32,48,771.0,3059.0
32,49,493.0,2078.0
32,50,713.0,2492.0
32,51,694.0,2846.0
32,52,817.0,3170.0
32,53,770.0,3254.0
32,54,912.0,3853.0
32,55,1216.0,5200.0
32,56,1549.0,5817.0
32,57,1235.0,5011.0
32,58,1291.0,5067.0
32,59,1457.0,5706.0
32,60,1665.0,6250.0
32,61,1841.0,6725.0
32,62,830.0,4502.0
32,63,710.0,3204.0
32,64,1454.0,6117.0
32,65,1230.0,5150.0
32,66,1693.0,9815.0
33,1,945.0,5331.0
33,2,2139.0,10132.0
33,3,1758.0,9881.0
33,4,843.0,4691.0
33,5,1295.0,5870.0
33,6,1157.0,5361.0
33,7,1187.0,6574.0
33,8,1037.0,4615.0
33,9,1094.0,6071.0
33,10,1668.0,9447.0
33,11,1756.0,9988.0
33,12,1537.0,8922.0
33,13,1694.0,8640.0
33,14,778.0,4863.0
33,15,2125.0,12680.0
33,16,1537.0,7730.0
33,17,680.0,3967.0
33,18,1428.0,6503.0
33,19,530.0,3173.0
33,20,846.0,4765.0
33,21,776.0,4508.0
33,22,724.0,2861.0
33,23,251.0,1398.0
33,24,1651.0,8176.0
33,25,1613.0,8354.0
33,26,1814.0,10051.0
33,27,575.0,3411.0
33,28,1301.0,6767.0
33,29,816.0,4959.0
33,30,555.0,2050.0
33,31,940.0,5132.0
33,32,1388.0,7548.0
33,33,0.0,0.0
33,34,922.0,4792.0
33,35,2001.0,11223.0
33,36,352.0,2087.0
33,37,1105.0,5813.0
33,38,1138.0,6476.0
33,39,1257.0,7691.0
33,40,1082.0,5618.0
33,41,1452.0,7290.0
33,42,1443.0,7496.0
33,43,1937.0,8599.0
33,44,1781.0,8200.0
33,45,2244.0,12497.0
33,46,2030.0,11307.0
33,47,1858.0,8727.0
33,48,1613.0,7532.0
33,49,983.0,5432.0
33,50,1768.0,8415.0
33,51,2145.0,11759.0
33,52,2034.0,10100.0
33,53,2221.0,12167.0
33,54,2363.0,12766.0
33,55,2667.0,14113.0
33,56,3000.0,14730.0
33,57,2686.0,13924.0
33,58,2742.0,13980.0
33,59,2908.0,14619.0
33,60,3116.0,15163.0
33,61,3292.0,15638.0
33,62,2008.0,11314.0
33,63,2161.0,12117.0
33,64,492.0,2645.0
33,65,581.0,3301.0
33,66,1297.0,8209.0
34,1,666.0,3384.0
34,2,1407.0,5535.0
34,3,1237.0,6451.0
34,4,586.0,2942.0
34,5,666.0,2369.0
34,6,549.0,2213.0
34,7,466.0,2374.0
34,8,813.0,3036.0
34,9,425.0,1959.0
34,10,1147.0,6017.0
34,11,1235.0,6558.0
34,12,1016.0,5492.0
34,13,1054.0,4809.0
34,14,1045.0,5568.0
34,15,2251.0,12214.0
34,16,850.0,3248.0
34,17,357.0,1723.0
34,18,720.0,2610.0
34,19,512.0,2471.0
34,20,216.0,830.0
34,21,381.0,1572.0
34,22,1180.0,4023.0
34,23,922.0,3934.0
34,24,930.0,3976.0
34,25,973.0,4523.0
34,26,994.0,4579.0
34,27,725.0,3554.0
34,28,654.0,2786.0
34,29,411.0,2004.0
34,30,1389.0,5483.0
34,31,297.0,1188.0
34,32,667.0,3348.0
34,33,1125.0,4793.0
34,34,0.0,0.0
34,35,1480.0,7793.0
34,36,821.0,3657.0
34,37,462.0,1869.0
34,38,417.0,2276.0
34,39,736.0,4261.0
34,40,444.0,1639.0
34,41,805.0,3309.0
34,42,796.0,3515.0
34,43,1195.0,3958.0
34,44,1039.0,3559.0
34,45,1723.0,9067.0
34,46,1509.0,7877.0
34,47,1126.0,4130.0
34,48,966.0,3551.0
34,49,340.0,1488.0
34,50,1026.0,3774.0
34,51,1624.0,8329.0
34,52,1302.0,5503.0
34,53,1700.0,8737.0
34,54,1842.0,9336.0
34,55,2146.0,10683.0
34,56,2479.0,11300.0
34,57,2165.0,10494.0
34,58,2221.0,10550.0
34,59,2387.0,11189.0
34,60,2595.0,11733.0
34,61,2771.0,12208.0
34,62,1487.0,7884.0
34,63,1640.0,8687.0
34,64,876.0,3503.0
34,65,605.0,2599.0
34,66,1423.0,7743.0
35,1,1111.0,6048.0
35,2,724.0,2893.0
35,3,232.0,1431.0
35,4,878.0,4330.0
35,5,1401.0,6171.0
35,6,1437.0,6502.0
35,7,652.0,3021.0
35,8,1692.0,7350.0
35,9,893.0,4481.0
35,10,500.0,3086.0
35,11,526.0,3203.0
35,12,305.0,1890.0
35,13,206.0,1182.0
35,14,1614.0,9154.0
35,15,2784.0,16076.0
35,16,561.0,2481.0
35,17,1332.0,7125.0
35,18,1244.0,5600.0
35,19,1491.0,7884.0
35,20,1118.0,5594.0
35,21,1328.0,6365.0
35,22,2387.0,10778.0
35,23,2028.0,10272.0
35,24,288.0,1362.0
35,25,285.0,1280.0
35,26,188.0,1015.0
35,27,1512.0,8239.0
35,28,775.0,3370.0
35,29,1191.0,6508.0
35,30,2486.0,11762.0
35,31,920.0,4334.0
35,32,386.0,2011.0
35,33,2231.0,11130.0
35,34,1295.0,5739.0
35,35,0.0,0.0
35,36,1755.0,9117.0
35,37,761.0,3955.0
35,38,678.0,3394.0
35,39,946.0,6002.0
35,40,1266.0,5820.0
35,41,1046.0,5144.0
35,42,1037.0,5350.0
35,43,884.0,3007.0
35,44,790.0,3019.0
35,45,777.0,4046.0
35,46,570.0,2801.0
35,47,543.0,2050.0
35,48,946.0,3821.0
35,49,872.0,4058.0
35,50,617.0,2399.0
35,51,221.0,994.0
35,52,347.0,1713.0
35,53,297.0,1402.0
35,54,439.0,2001.0
35,55,743.0,3348.0
35,56,1076.0,3965.0
35,57,762.0,3159.0
35,58,818.0,3215.0
35,59,984.0,3854.0
35,60,1192.0,4398.0
35,61,1368.0,4873.0
35,62,361.0,2177.0
35,63,237.0,1352.0
35,64,1969.0,9844.0
35,65,1745.0,8876.0
35,66,1956.0,11605.0
36,1,613.0,3224.0
36,2,1720.0,7556.0
36,3,1426.0,7774.0
36,4,511.0,2584.0
36,5,1193.0,5075.0
36,6,980.0,4525.0
36,7,855.0,4467.0
36,8,935.0,3820.0
36,9,989.0,5143.0
36,10,1336.0,7340.0
36,11,1424.0,7881.0
36,12,1205.0,6815.0
36,13,1362.0,6533.0
36,14,446.0,2756.0
36,15,1793.0,10573.0
36,16,1205.0,5623.0
36,17,467.0,2662.0
36,18,1257.0,5744.0
36,19,334.0,2006.0
36,20,732.0,3630.0
36,21,662.0,3373.0
36,22,737.0,2405.0
36,23,313.0,1228.0
36,24,1319.0,6069.0
36,25,1281.0,6247.0
36,26,1482.0,7944.0
36,27,243.0,1304.0
36,28,1263.0,6331.0
36,29,484.0,2852.0
36,30,791.0,3024.0
36,31,737.0,4012.0
36,32,1056.0,5441.0
36,33,516.0,2087.0
36,34,808.0,3657.0
36,35,1669.0,9116.0
36,36,0.0,0.0
36,37,906.0,4635.0
36,38,806.0,4369.0
36,39,925.0,5584.0
36,40,968.0,4483.0
36,41,1339.0,6425.0
36,42,1330.0,6631.0
36,43,1713.0,7225.0
36,44,1557.0,6826.0
36,45,1912.0,10390.0
36,46,1698.0,9200.0
36,47,1498.0,6719.0
36,48,1575.0,7096.0
36,49,778.0,4156.0
36,50,1472.0,6557.0
36,51,1813.0,9652.0
36,52,1939.0,10371.0
36,53,1889.0,10060.0
36,54,2031.0,10659.0
36,55,2335.0,12006.0
36,56,2668.0,12623.0
36,57,2354.0,11817.0
36,58,2410.0,11873.0
36,59,2576.0,12512.0
36,60,2784.0,13056.0
36,61,2960.0,13531.0
36,62,1676.0,9207.0
36,63,1829.0,10010.0
36,64,304.0,1232.0
36,65,467.0,2166.0
36,66,965.0,6102.0
37,1,837.0,3791.0
37,2,972.0,3725.0
37,3,747.0,3988.0
37,4,757.0,3349.0
37,5,926.0,3572.0
37,6,830.0,3223.0
37,7,426.0,1786.0
37,8,1102.0,4083.0
37,9,304.0,1228.0
37,10,877.0,5035.0
37,11,965.0,5576.0
37,12,579.0,3511.0
37,13,722.0,3436.0
37,14,1218.0,5974.0
37,15,2565.0,13791.0
37,16,457.0,1792.0
37,17,680.0,2669.0
37,18,769.0,3001.0
37,19,813.0,3359.0
37,20,527.0,2329.0
37,21,673.0,2569.0
37,22,1472.0,5020.0
37,23,1214.0,4931.0
37,24,598.0,2603.0
37,25,641.0,3150.0
37,26,662.0,3206.0
37,27,898.0,3960.0
37,28,363.0,1675.0
37,29,530.0,2189.0
37,30,1681.0,6480.0
37,31,259.0,998.0
37,32,335.0,1975.0
37,33,1417.0,5790.0
37,34,546.0,1845.0
37,35,806.0,3823.0
37,36,1077.0,4591.0
37,37,0.0,0.0
37,38,182.0,839.0
37,39,1011.0,6156.0
37,40,639.0,2463.0
37,41,571.0,2545.0
37,42,562.0,2751.0
37,43,850.0,2561.0
37,44,694.0,2162.0
37,45,1527.0,8160.0
37,46,1239.0,6895.0
37,47,750.0,2888.0
37,48,605.0,1883.0
37,49,177.0,698.0
37,50,681.0,2377.0
37,51,1022.0,4790.0
37,52,867.0,3693.0
37,53,1098.0,5198.0
37,54,1240.0,5797.0
37,55,1363.0,6001.0
37,56,1696.0,6618.0
37,57,1382.0,5812.0
37,58,1438.0,5868.0
37,59,1604.0,6507.0
37,60,1812.0,7051.0
37,61,1988.0,7526.0
37,62,1158.0,6446.0
37,63,1038.0,5148.0
37,64,1168.0,4500.0
37,65,897.0,3596.0
37,66,1737.0,9320.0
38,1,789.0,3555.0
38,2,972.0,3612.0
38,3,653.0,3048.0
38,4,709.0,3113.0
38,5,1078.0,4284.0
38,6,1019.0,4034.0
38,7,333.0,1242.0
38,8,1267.0,4742.0
38,9,493.0,2030.0
38,10,784.0,3978.0
38,11,872.0,4519.0
38,12,485.0,2571.0
38,13,685.0,2571.0
38,14,1170.0,5738.0
38,15,2517.0,13555.0
38,16,457.0,1679.0
38,17,632.0,2433.0
38,18,921.0,3713.0
38,19,765.0,3123.0
38,20,653.0,2409.0
38,21,812.0,3151.0
38,22,1661.0,6016.0
38,23,1302.0,5510.0
38,24,571.0,2125.0
38,25,604.0,2286.0
38,26,625.0,2341.0
38,27,850.0,3724.0
38,28,515.0,2387.0
38,29,482.0,1953.0
38,30,1760.0,7000.0
38,31,330.0,1318.0
38,32,244.0,1058.0
38,33,1505.0,6368.0
38,34,685.0,2427.0
38,35,769.0,2958.0
38,36,1029.0,4355.0
38,37,214.0,841.0
38,38,0.0,0.0
38,39,775.0,4064.0
38,40,828.0,3274.0
38,41,723.0,3257.0
38,42,714.0,3463.0
38,43,965.0,3281.0
38,44,809.0,2882.0
38,45,1360.0,7028.0
38,46,1146.0,5838.0
38,47,750.0,2775.0
38,48,827.0,3152.0
38,49,282.0,1043.0
38,50,724.0,2613.0
38,51,985.0,3925.0
38,52,867.0,3580.0
38,53,1061.0,4333.0
38,54,1203.0,4932.0
38,55,1363.0,5888.0
38,56,1696.0,6505.0
38,57,1382.0,5699.0
38,58,1438.0,5755.0
38,59,1604.0,6394.0
38,60,1812.0,6938.0
38,61,1988.0,7413.0
38,62,1124.0,5845.0
38,63,1001.0,4283.0
38,64,1243.0,5082.0
38,65,1019.0,4115.0
38,66,1689.0,9084.0
39,1,528.0,2516.0
39,2,1758.0,8437.0
39,3,868.0,4660.0
39,4,595.0,2811.0
39,5,1400.0,5766.0
39,6,1263.0,5414.0
39,7,503.0,2123.0
39,8,1384.0,5902.0
39,9,1271.0,6682.0
39,10,778.0,4226.0
39,11,866.0,4767.0
39,12,647.0,3701.0
39,13,1086.0,5350.0
39,14,908.0,4536.0
39,15,2078.0,11458.0
39,16,1187.0,5791.0
39,17,749.0,3593.0
39,18,1283.0,5452.0
39,19,908.0,4352.0
39,20,929.0,4232.0
39,21,1010.0,4704.0
39,22,1804.0,7246.0
39,23,1445.0,6740.0
39,24,1008.0,5146.0
39,25,1005.0,5064.0
39,26,924.0,4830.0
39,27,929.0,4707.0
39,28,1216.0,6475.0
39,29,608.0,2976.0
39,30,1903.0,8230.0
39,31,763.0,3720.0
39,32,764.0,4212.0
39,33,1648.0,7598.0
39,34,1005.0,4260.0
39,35,1111.0,6002.0
39,36,1172.0,5585.0
39,37,1139.0,6156.0
39,38,832.0,4077.0
39,39,0.0,0.0
39,40,1157.0,5041.0
39,41,1424.0,7345.0
39,42,1415.0,7551.0
39,43,1614.0,7128.0
39,44,1458.0,6729.0
39,45,1347.0,7318.0
39,46,1049.0,5438.0
39,47,1496.0,6835.0
39,48,1528.0,7240.0
39,49,804.0,3864.0
39,50,1470.0,6673.0
39,51,1255.0,6538.0
39,52,1381.0,7257.0
39,53,1331.0,6946.0
39,54,1473.0,7545.0
39,55,1777.0,8892.0
39,56,2110.0,9509.0
39,57,1796.0,8703.0
39,58,1852.0,8759.0
39,59,2018.0,9398.0
39,60,2226.0,9942.0
39,61,2402.0,10417.0
39,62,1118.0,6093.0
39,63,1271.0,6896.0
39,64,1386.0,6312.0
39,65,1162.0,5344.0
39,66,1250.0,6987.0
40,1,846.0,4166.0
40,2,1346.0,5456.0
40,3,1116.0,5759.0
40,4,766.0,3724.0
40,5,276.0,807.0
40,6,281.0,1149.0
40,7,738.0,3612.0
40,8,536.0,1998.0
40,9,301.0,1395.0
40,10,1246.0,6806.0
40,11,1334.0,7347.0
40,12,948.0,5282.0
40,13,1129.0,4841.0
40,14,1225.0,6350.0
40,15,2431.0,12996.0
40,16,809.0,3284.0
40,17,551.0,2549.0
40,18,271.0,901.0
40,19,706.0,3297.0
40,20,177.0,809.0
40,21,387.0,1579.0
40,22,1007.0,3578.0
40,23,1116.0,4760.0
40,24,967.0,4374.0
40,25,1010.0,4921.0
40,26,1031.0,4977.0
40,27,905.0,4336.0
40,28,508.0,2091.0
40,29,591.0,2786.0
40,30,1271.0,4655.0
40,31,430.0,2073.0
40,32,704.0,3746.0
40,33,1319.0,5619.0
40,34,444.0,1639.0
40,35,1220.0,5402.0
40,36,1015.0,4483.0
40,37,562.0,2558.0
40,38,634.0,3298.0
40,39,916.0,5043.0
40,40,0.0,0.0
40,41,409.0,1485.0
40,42,545.0,2015.0
40,43,1045.0,3028.0
40,44,857.0,2624.0
40,45,1896.0,9931.0
40,46,1608.0,8666.0
40,47,1065.0,4051.0
40,48,705.0,2180.0
40,49,468.0,2393.0
40,50,975.0,3739.0
40,51,1389.0,6081.0
40,52,1241.0,5424.0
40,53,1465.0,6489.0
40,54,1607.0,7088.0
40,55,1737.0,7732.0
40,56,2070.0,8349.0
40,57,1756.0,7543.0
40,58,1812.0,7599.0
40,59,1978.0,8238.0
40,60,2186.0,8782.0
40,61,2362.0,9257.0
40,62,1527.0,8217.0
40,63,1405.0,6439.0
40,64,1070.0,4329.0
40,65,602.0,2438.0
40,66,1603.0,8525.0
41,1,1395.0,7583.0
41,2,1196.0,5066.0
41,3,966.0,5369.0
41,4,1020.0,4926.0
41,5,365.0,1119.0
41,6,534.0,2054.0
41,7,689.0,3363.0
41,8,792.0,2823.0
41,9,252.0,1145.0
41,10,1096.0,6416.0
41,11,1184.0,6957.0
41,12,798.0,4892.0
41,13,979.0,4451.0
41,14,1481.0,7551.0
41,15,3068.0,17611.0
41,16,659.0,2894.0
41,17,855.0,3866.0
41,18,249.0,890.0
41,19,1010.0,4614.0
41,20,481.0,2125.0
41,21,691.0,2896.0
41,22,1169.0,4019.0
41,23,1504.0,6184.0
41,24,817.0,3984.0
41,25,860.0,4531.0
41,26,881.0,4587.0
41,27,1161.0,5537.0
41,28,358.0,1701.0
41,29,793.0,3766.0
41,30,1433.0,5096.0
41,31,478.0,2311.0
41,32,554.0,3356.0
41,33,1623.0,6936.0
41,34,759.0,3093.0
41,35,1070.0,5012.0
41,36,1340.0,6168.0
41,37,505.0,2737.0
41,38,631.0,3420.0
41,39,1230.0,7537.0
41,40,409.0,1565.0
41,41,0.0,0.0
41,42,231.0,822.0
41,43,837.0,2566.0
41,44,649.0,2161.0
41,45,1746.0,9541.0
41,46,1458.0,8276.0
41,47,915.0,3661.0
41,48,478.0,1715.0
41,49,419.0,2144.0
41,50,825.0,3349.0
41,51,1239.0,5691.0
41,52,1091.0,5034.0
41,53,1315.0,6099.0
41,54,1457.0,6698.0
41,55,1587.0,7342.0
41,56,1920.0,7959.0
41,57,1606.0,7153.0
41,58,1662.0,7209.0
41,59,1828.0,7848.0
41,60,2036.0,8392.0
41,61,2212.0,8867.0
41,62,1377.0,7827.0
41,63,1255.0,6049.0
41,64,1354.0,5331.0
41,65,906.0,3755.0
41,66,2240.0,13140.0
42,1,1338.0,7596.0
42,2,1047.0,4647.0
42,3,909.0,5382.0
42,4,1113.0,6201.0
42,5,530.0,1748.0
42,6,702.0,2696.0
42,7,736.0,3788.0
42,8,957.0,3544.0
42,9,299.0,1574.0
42,10,1039.0,6429.0
42,11,1127.0,6970.0
42,12,741.0,4905.0
42,13,830.0,4032.0
42,14,1528.0,7976.0
42,15,3011.0,17624.0
42,16,495.0,2377.0
42,17,909.0,4394.0
42,18,397.0,1282.0
42,19,1123.0,5361.0
42,20,524.0,2687.0
42,21,734.0,3458.0
42,22,1334.0,4648.0
42,23,1474.0,6605.0
42,24,760.0,3997.0
42,25,803.0,4544.0
42,26,824.0,4600.0
42,27,1208.0,5962.0
42,28,301.0,1714.0
42,29,840.0,4191.0
42,30,1598.0,5726.0
42,31,525.0,2737.0
42,32,497.0,3369.0
42,33,1677.0,7464.0
42,34,806.0,3519.0
42,35,921.0,4593.0
42,36,1387.0,6593.0
42,37,448.0,2750.0
42,38,574.0,3433.0
42,39,1173.0,7550.0
42,40,531.0,2014.0
42,41,183.0,628.0
42,42,0.0,0.0
42,43,691.0,2196.0
42,44,503.0,1791.0
42,45,1689.0,9554.0
42,46,1401.0,8289.0
42,47,766.0,3242.0
42,48,332.0,1346.0
42,49,466.0,2569.0
42,50,666.0,2886.0
42,51,1090.0,5272.0
42,52,942.0,4615.0
42,53,1166.0,5680.0
42,54,1308.0,6279.0
42,55,1438.0,6923.0
42,56,1771.0,7540.0
42,57,1457.0,6734.0
42,58,1513.0,6790.0
42,59,1679.0,7429.0
42,60,1887.0,7973.0
42,61,2063.0,8448.0
42,62,1320.0,7840.0
42,63,1106.0,5630.0
42,64,1428.0,6174.0
42,65,949.0,4317.0
42,66,2183.0,13153.0
43,1,1291.0,7175.0
43,2,551.0,2564.0
43,3,744.0,4376.0
43,4,1066.0,5780.0
43,5,880.0,3379.0
43,6,916.0,3710.0
43,7,817.0,4554.0
43,8,1171.0,4558.0
43,9,519.0,2678.0
43,10,1012.0,6031.0
43,11,1038.0,6148.0
43,12,694.0,4484.0
43,13,431.0,2445.0
43,14,1315.0,7189.0
43,15,2964.0,17203.0
43,16,253.0,1742.0
43,17,993.0,4838.0
43,18,723.0,2808.0
43,19,1225.0,6028.0
43,20,744.0,3791.0
43,21,954.0,4562.0
43,22,1684.0,6279.0
43,23,1558.0,7049.0
43,24,450.0,2894.0
43,25,531.0,3272.0
43,26,486.0,2945.0
43,27,1310.0,6629.0
43,28,338.0,1890.0
43,29,942.0,4858.0
43,30,1948.0,7357.0
43,31,609.0,3181.0
43,32,450.0,2948.0
43,33,1761.0,7908.0
43,34,890.0,3963.0
43,35,522.0,3007.0
43,36,1489.0,7260.0
43,37,432.0,2542.0
43,38,548.0,3284.0
43,39,1126.0,7129.0
43,40,745.0,3028.0
43,41,518.0,2370.0
43,42,417.0,2194.0
43,43,0.0,0.0
43,44,62.0,478.0
43,45,1247.0,6738.0
43,46,1019.0,5313.0
43,47,236.0,1261.0
43,48,188.0,1017.0
43,49,550.0,3013.0
43,50,113.0,722.0
43,51,590.0,3477.0
43,52,524.0,2766.0
43,53,767.0,4094.0
43,54,909.0,4693.0
43,55,996.0,5120.0
43,56,1329.0,5737.0
43,57,1015.0,4931.0
43,58,1071.0,4987.0
43,59,1237.0,5626.0
43,60,1445.0,6170.0
43,61,1621.0,6645.0
43,62,831.0,4869.0
43,63,707.0,4044.0
43,64,1512.0,6618.0
43,65,1241.0,5714.0
43,66,2136.0,12732.0
44,1,1243.0,6776.0
44,2,662.0,3072.0
44,3,758.0,4387.0
44,4,1018.0,5381.0
44,5,803.0,2975.0
44,6,839.0,3306.0
44,7,769.0,4155.0
44,8,1094.0,4154.0
44,9,471.0,2279.0
44,10,1026.0,6042.0
44,11,1052.0,6159.0
44,12,646.0,4085.0
44,13,445.0,2457.0
44,14,1267.0,6790.0
44,15,2916.0,16804.0
44,16,205.0,1343.0
44,17,945.0,4439.0
44,18,646.0,2404.0
44,19,1177.0,5629.0
44,20,696.0,3392.0
44,21,906.0,4163.0
44,22,1607.0,5875.0
44,23,1510.0,6650.0
44,24,402.0,2495.0
44,25,483.0,2873.0
44,26,500.0,2956.0
44,27,1262.0,6230.0
44,28,290.0,1491.0
44,29,894.0,4459.0
44,30,1871.0,6953.0
44,31,561.0,2782.0
44,32,402.0,2549.0
44,33,1713.0,7509.0
44,34,842.0,3564.0
44,35,536.0,3018.0
44,36,1441.0,6861.0
44,37,384.0,2143.0
44,38,500.0,2885.0
44,39,1078.0,6730.0
44,40,668.0,2624.0
44,41,392.0,1900.0
44,42,365.0,1791.0
44,43,172.0,478.0
44,44,0.0,0.0
44,45,1261.0,6749.0
44,46,1033.0,5324.0
44,47,381.0,1667.0
44,48,119.0,613.0
44,49,502.0,2614.0
44,50,248.0,1128.0
44,51,705.0,3697.0
44,52,557.0,3040.0
44,53,781.0,4105.0
44,54,923.0,4704.0
44,55,1053.0,5348.0
44,56,1386.0,5965.0
44,57,1072.0,5159.0
44,58,1128.0,5215.0
44,59,1294.0,5854.0
44,60,1502.0,6398.0
44,61,1678.0,6873.0
44,62,845.0,4880.0
44,63,721.0,4055.0
44,64,1464.0,6219.0
44,65,1193.0,5315.0
44,66,2088.0,12333.0
45,1,1588.0,9056.0
45,2,1260.0,5156.0
45,3,670.0,3455.0
45,4,1655.0,9351.0
45,5,2101.0,10033.0
45,6,2137.0,10364.0
45,7,1198.0,6322.0
45,8,2444.0,12442.0
45,9,1593.0,8343.0
45,10,698.0,4325.0
45,11,408.0,2438.0
45,12,879.0,4870.0
45,13,926.0,4535.0
45,14,1863.0,10460.0
45,15,2469.0,13519.0
45,16,1281.0,5834.0
45,17,1809.0,10133.0
45,18,1944.0,9462.0
45,19,1968.0,10892.0
45,20,1989.0,10772.0
45,21,2070.0,11244.0
45,22,2864.0,13786.0
45,23,2505.0,13280.0
45,24,1047.0,5397.0
45,25,1044.0,5315.0
45,26,829.0,4198.0
45,27,1989.0,11247.0
45,28,1538.0,8136.0
45,29,1668.0,9516.0
45,30,2963.0,14770.0
45,31,1482.0,7537.0
45,32,1086.0,5873.0
45,33,2708.0,14138.0
45,34,2065.0,10800.0
45,35,773.0,3668.0
45,36,2232.0,12125.0
45,37,1461.0,7817.0
45,38,1378.0,7256.0
45,39,1195.0,7308.0
45,40,1966.0,9682.0
45,41,1746.0,9006.0
45,42,1737.0,9212.0
45,43,1604.0,6360.0
45,44,1510.0,6372.0
45,45,0.0,0.0
45,46,290.0,1650.0
45,47,1205.0,5373.0
45,48,1666.0,7174.0
45,49,1406.0,7266.0
45,50,1337.0,5752.0
45,51,737.0,3080.0
45,52,942.0,4165.0
45,53,767.0,3173.0
45,54,747.0,2838.0
45,55,1000.0,3666.0
45,56,1401.0,5003.0
45,57,1087.0,4197.0
45,58,1188.0,4258.0
45,59,1309.0,4892.0
45,60,1558.0,5543.0
45,61,1668.0,6309.0
45,62,407.0,1924.0
45,63,627.0,3091.0
45,64,2446.0,12852.0
45,65,2222.0,11884.0
45,66,1803.0,10102.0
46,1,1267.0,6166.0
46,2,1327.0,5438.0
46,3,515.0,2272.0
46,4,1334.0,6461.0
46,5,1946.0,8850.0
46,6,1982.0,9181.0
46,7,1043.0,5139.0
46,8,2123.0,9552.0
46,9,1438.0,7160.0
46,10,455.0,2445.0
46,11,253.0,1255.0
46,12,724.0,3687.0
46,13,763.0,3281.0
46,14,1629.0,8502.0
46,15,2364.0,12529.0
46,16,1237.0,5453.0
46,17,1488.0,7243.0
46,18,1789.0,8279.0
46,19,1647.0,8002.0
46,20,1668.0,7882.0
46,21,1749.0,8354.0
46,22,2543.0,10896.0
46,23,2184.0,10390.0
46,24,892.0,4214.0
46,25,889.0,4132.0
46,26,674.0,3015.0
46,27,1668.0,8357.0
46,28,1383.0,6953.0
46,29,1347.0,6626.0
46,30,2642.0,11880.0
46,31,1327.0,6354.0
46,32,931.0,4690.0
46,33,2387.0,11248.0
46,34,1744.0,7910.0
46,35,680.0,3003.0
46,36,1911.0,9235.0
46,37,1306.0,6634.0
46,38,1223.0,6073.0
46,39,961.0,5350.0
46,40,1811.0,8499.0
46,41,1591.0,7823.0
46,42,1582.0,8029.0
46,43,1560.0,5979.0
46,44,1466.0,5991.0
46,45,322.0,1656.0
46,46,0.0,0.0
46,47,1219.0,5022.0
46,48,1622.0,6793.0
46,49,1251.0,6083.0
46,50,1293.0,5371.0
46,51,824.0,3539.0
46,52,950.0,4258.0
46,53,900.0,3947.0
46,54,794.0,3370.0
46,55,1047.0,4198.0
46,56,1679.0,6510.0
46,57,1365.0,5704.0
46,58,1421.0,5760.0
46,59,1587.0,6399.0
46,60,1795.0,6943.0
46,61,1971.0,7418.0
46,62,281.0,1406.0
46,63,501.0,2573.0
46,64,2125.0,9962.0
46,65,1901.0,8994.0
46,66,1971.0,10953.0
47,1,1301.0,6912.0
47,2,330.0,1307.0
47,3,577.0,3583.0
47,4,1076.0,5517.0
47,5,1147.0,4496.0
47,6,1183.0,4827.0
47,7,794.0,3918.0
47,8,1438.0,5675.0
47,9,639.0,2806.0
47,10,845.0,5238.0
47,11,871.0,5355.0
47,12,704.0,4221.0
47,13,389.0,1999.0
47,14,1586.0,8106.0
47,15,2974.0,16940.0
47,16,302.0,1697.0
47,17,1048.0,4801.0
47,18,990.0,3925.0
47,19,1181.0,5491.0
47,20,864.0,3919.0
47,21,1074.0,4690.0
47,22,1951.0,7396.0
47,23,1718.0,7878.0
47,24,395.0,2304.0
47,25,422.0,2415.0
47,26,429.0,2315.0
47,27,1266.0,6092.0
47,28,458.0,2018.0
47,29,898.0,4321.0
47,30,2215.0,8474.0
47,31,740.0,3353.0
47,32,460.0,2685.0
47,33,1921.0,8736.0
47,34,1021.0,4135.0
47,35,480.0,2561.0
47,36,1445.0,6723.0
47,37,563.0,2714.0
47,38,504.0,2747.0
47,39,1136.0,6866.0
47,40,1012.0,4145.0
47,41,792.0,3469.0
47,42,783.0,3675.0
47,43,436.0,1261.0
47,44,478.0,1667.0
47,45,1043.0,5243.0
47,46,894.0,4504.0
47,47,0.0,0.0
47,48,629.0,2469.0
47,49,681.0,3185.0
47,50,169.0,653.0
47,51,375.0,2266.0
47,52,309.0,1555.0
47,53,484.0,2674.0
47,54,628.0,3009.0
47,55,781.0,3909.0
47,56,1114.0,4526.0
47,57,800.0,3720.0
47,58,856.0,3776.0
47,59,1022.0,4415.0
47,60,1230.0,4959.0
47,61,1406.0,5434.0
47,62,622.0,3851.0
47,63,498.0,3026.0
47,64,1643.0,6790.0
47,65,1372.0,5886.0
47,66,2146.0,12469.0
48,1,1258.0,6626.0
48,2,843.0,3706.0
48,3,829.0,4412.0
48,4,1033.0,5231.0
48,5,727.0,2590.0
48,6,763.0,2921.0
48,7,784.0,4005.0
48,8,1018.0,3769.0
48,9,356.0,1443.0
48,10,959.0,5459.0
48,11,1047.0,6000.0
48,12,661.0,3935.0
48,13,626.0,3091.0
48,14,1282.0,6640.0
48,15,2931.0,16654.0
48,16,291.0,1436.0
48,17,906.0,3992.0
48,18,570.0,2019.0
48,19,1120.0,4959.0
48,20,581.0,2556.0
48,21,791.0,3327.0
48,22,1531.0,5490.0
48,23,1471.0,6203.0
48,24,516.0,2702.0
48,25,597.0,3080.0
48,26,683.0,3353.0
48,27,1205.0,5560.0
48,28,175.0,655.0
48,29,837.0,3789.0
48,30,1795.0,6568.0
48,31,522.0,2335.0
48,32,417.0,2399.0
48,33,1674.0,7062.0
48,34,803.0,3117.0
48,35,717.0,3652.0
48,36,1384.0,6191.0
48,37,345.0,1696.0
48,38,494.0,2463.0
48,39,1093.0,6580.0
48,40,592.0,2239.0
48,41,316.0,1515.0
48,42,290.0,1394.0
48,43,337.0,923.0
48,44,168.0,447.0
48,45,1442.0,7383.0
48,46,1214.0,5958.0
48,47,562.0,2301.0
48,48,0.0,0.0
48,49,463.0,2167.0
48,50,395.0,1573.0
48,51,886.0,4331.0
48,52,738.0,3674.0
48,53,962.0,4739.0
48,54,1104.0,5338.0
48,55,1234.0,5982.0
48,56,1567.0,6599.0
48,57,1253.0,5793.0
48,58,1309.0,5849.0
48,59,1475.0,6488.0
48,60,1683.0,7032.0
48,61,1859.0,7507.0
48,62,1026.0,5514.0
48,63,902.0,4689.0
48,64,1425.0,5772.0
48,65,1006.0,4186.0
48,66,2103.0,12183.0
49,1,708.0,3368.0
49,2,1107.0,4236.0
49,3,899.0,4623.0
49,4,628.0,2926.0
49,5,797.0,2934.0
49,6,764.0,3134.0
49,7,297.0,1363.0
49,8,989.0,3676.0
49,9,238.0,1131.0
49,10,809.0,4189.0
49,11,897.0,4730.0
49,12,687.0,3657.0
49,13,830.0,3582.0
49,14,1089.0,5551.0
49,15,2436.0,13368.0
49,16,592.0,2303.0
49,17,551.0,2246.0
49,18,640.0,2363.0
49,19,684.0,2936.0
49,20,398.0,1470.0
49,21,557.0,2212.0
49,22,1356.0,4663.0
49,23,1098.0,4574.0
49,24,706.0,2749.0
49,25,749.0,3296.0
49,26,770.0,3352.0
49,27,769.0,3537.0
49,28,500.0,2065.0
49,29,401.0,1766.0
49,30,1565.0,6123.0
49,31,109.0,445.0
49,32,443.0,2121.0
49,33,1301.0,5433.0
49,34,430.0,1488.0
49,35,914.0,3969.0
49,36,948.0,4168.0
49,37,178.0,689.0
49,38,193.0,1049.0
49,39,694.0,3877.0
49,40,573.0,2374.0
49,41,619.0,2491.0
49,42,610.0,2697.0
49,43,973.0,3013.0
49,44,817.0,2614.0
49,45,1385.0,7239.0
49,46,1171.0,6049.0
49,47,904.0,3185.0
49,48,728.0,2335.0
49,49,0.0,0.0
49,50,804.0,2829.0
49,51,1286.0,6501.0
49,52,1002.0,4204.0
49,53,1362.0,6909.0
49,54,1504.0,7508.0
49,55,1498.0,6512.0
49,56,1831.0,7129.0
49,57,1517.0,6323.0
49,58,1573.0,6379.0
49,59,1739.0,7018.0
49,60,1947.0,7562.0
49,61,2123.0,8037.0
49,62,1149.0,6056.0
49,63,1302.0,6859.0
49,64,1052.0,4143.0
49,65,781.0,3239.0
49,66,1608.0,8897.0
50,1,1253.0,6750.0
50,2,465.0,1954.0
50,3,654.0,3768.0
50,4,1028.0,5355.0
50,5,1035.0,4184.0
50,6,1071.0,4515.0
50,7,746.0,3756.0
50,8,1326.0,5363.0
50,9,527.0,2494.0
50,10,922.0,5423.0
50,11,948.0,5540.0
50,12,656.0,4059.0
50,13,341.0,1837.0
50,14,1538.0,7944.0
50,15,2926.0,16778.0
50,16,261.0,1558.0
50,17,1000.0,4639.0
50,18,878.0,3613.0
50,19,1133.0,5329.0
50,20,752.0,3607.0
50,21,962.0,4378.0
50,22,1839.0,7084.0
50,23,1566.0,6865.0
50,24,347.0,2142.0
50,25,374.0,2253.0
50,26,396.0,2337.0
50,27,1218.0,5930.0
50,28,346.0,1706.0
50,29,850.0,4159.0
50,30,2103.0,8162.0
50,31,617.0,2997.0
50,32,412.0,2523.0
50,33,1769.0,7724.0
50,34,898.0,3779.0
50,35,432.0,2399.0
50,36,1397.0,6561.0
50,37,440.0,2358.0
50,38,456.0,2585.0
50,39,1088.0,6704.0
50,40,900.0,3833.0
50,41,680.0,3157.0
50,42,606.0,2894.0
50,43,290.0,722.0
50,44,332.0,1128.0
50,45,1157.0,6130.0
50,46,929.0,4705.0
50,47,144.0,652.0
50,48,420.0,1744.0
50,49,558.0,2829.0
50,50,0.0,0.0
50,51,504.0,2867.0
50,52,438.0,2156.0
50,53,677.0,3486.0
50,54,757.0,3610.0
50,55,910.0,4510.0
50,56,1243.0,5127.0
50,57,929.0,4321.0
50,58,985.0,4377.0
50,59,1151.0,5016.0
50,60,1359.0,5560.0
50,61,1535.0,6035.0
50,62,741.0,4261.0
50,63,617.0,3436.0
50,64,1520.0,6434.0
50,65,1249.0,5530.0
50,66,2098.0,12307.0
51,1,1219.0,6584.0
51,2,578.0,2168.0
51,3,340.0,1967.0
51,4,1286.0,6879.0
51,5,1581.0,7141.0
51,6,1617.0,7472.0
51,7,832.0,3991.0
51,8,1872.0,8320.0
51,9,1073.0,5451.0
51,10,608.0,3622.0
51,11,634.0,3739.0
51,12,586.0,3654.0
51,13,338.0,1861.0
51,14,1722.0,9690.0
51,15,2892.0,16612.0
51,16,693.0,3160.0
51,17,1440.0,7661.0
51,18,1424.0,6570.0
51,19,1599.0,8420.0
51,20,1298.0,6564.0
51,21,1701.0,8772.0
51,22,2495.0,11314.0
51,23,2136.0,10808.0
51,24,468.0,2332.0
51,25,465.0,2250.0
51,26,368.0,1985.0
51,27,1620.0,8775.0
51,28,907.0,4049.0
51,29,1299.0,7044.0
51,30,2594.0,12298.0
51,31,1100.0,5304.0
51,32,566.0,2981.0
51,33,2339.0,11666.0
51,34,1470.0,6166.0
51,35,185.0,994.0
51,36,1863.0,9653.0
51,37,941.0,4925.0
51,38,858.0,4364.0
51,39,1054.0,6538.0
51,40,1446.0,6790.0
51,41,1226.0,6114.0
51,42,1217.0,6320.0
51,43,1016.0,3686.0
51,44,922.0,3698.0
51,45,715.0,3105.0
51,46,721.0,3534.0
51,47,542.0,2421.0
51,48,1078.0,4500.0
51,49,1130.0,5216.0
51,50,749.0,3078.0
51,51,0.0,0.0
51,52,235.0,1227.0
51,53,107.0,480.0
51,54,240.0,999.0
51,55,581.0,2583.0
51,56,914.0,3200.0
51,57,600.0,2394.0
51,58,656.0,2450.0
51,59,822.0,3089.0
51,60,1030.0,3633.0
51,61,1206.0,4108.0
51,62,385.0,2235.0
51,63,261.0,1410.0
51,64,2077.0,10380.0
51,65,1853.0,9412.0
51,66,2064.0,12141.0
52,1,1302.0,7303.0
52,2,397.0,1248.0
52,3,423.0,2686.0
52,4,1369.0,7598.0
52,5,1367.0,5623.0
52,6,1403.0,5954.0
52,7,851.0,3936.0
52,8,1658.0,6802.0
52,9,859.0,3933.0
52,10,691.0,4341.0
52,11,717.0,4458.0
52,12,669.0,4373.0
52,13,289.0,1358.0
52,14,1805.0,10409.0
52,15,2975.0,17331.0
52,16,464.0,2256.0
52,17,1523.0,8380.0
52,18,1210.0,5052.0
52,19,1343.0,6050.0
52,20,1084.0,5046.0
52,21,1294.0,5817.0
52,22,2171.0,8523.0
52,23,1880.0,8437.0
52,24,487.0,2277.0
52,25,484.0,2195.0
52,26,387.0,1930.0
52,27,1703.0,9494.0
52,28,678.0,3145.0
52,29,1382.0,7763.0
52,30,2435.0,9601.0
52,31,960.0,4480.0
52,32,585.0,2926.0
52,33,2083.0,9295.0
52,34,1241.0,5262.0
52,35,268.0,1713.0
52,36,1607.0,7282.0
52,37,783.0,3841.0
52,38,666.0,3306.0
52,39,1137.0,7257.0
52,40,1232.0,5272.0
52,41,1012.0,4596.0
52,42,1003.0,4802.0
52,43,787.0,2783.0
52,44,693.0,2794.0
52,45,884.0,4823.0
52,46,804.0,4253.0
52,47,411.0,1710.0
52,48,849.0,3596.0
52,49,901.0,4312.0
52,50,546.0,2156.0
52,51,194.0,1227.0
52,52,0.0,0.0
52,53,238.0,1329.0
52,54,380.0,1924.0
52,55,684.0,3274.0
52,56,1017.0,3891.0
52,57,703.0,3085.0
52,58,759.0,3141.0
52,59,925.0,3780.0
52,60,1133.0,4324.0
52,61,1309.0,4799.0
52,62,468.0,2954.0
52,63,344.0,2129.0
52,64,1863.0,7917.0
52,65,1592.0,7013.0
52,66,2147.0,12860.0
53,1,1247.0,6991.0
53,2,549.0,2366.0
53,3,368.0,2374.0
53,4,1314.0,7286.0
53,5,1609.0,7548.0
53,6,1645.0,7879.0
53,7,860.0,4398.0
53,8,1900.0,8727.0
53,9,1101.0,5858.0
53,10,636.0,4029.0
53,11,662.0,4146.0
53,12,614.0,4061.0
53,13,366.0,2268.0
53,14,1750.0,10097.0
53,15,2920.0,17019.0
53,16,721.0,3567.0
53,17,1468.0,8068.0
53,18,1452.0,6977.0
53,19,1627.0,8827.0
53,20,1326.0,6971.0
53,21,1729.0,9179.0
53,22,2523.0,11721.0
53,23,2164.0,11215.0
53,24,496.0,2739.0
53,25,493.0,2657.0
53,26,396.0,2392.0
53,27,1648.0,9182.0
53,28,935.0,4456.0
53,29,1327.0,7451.0
53,30,2622.0,12705.0
53,31,1128.0,5711.0
53,32,594.0,3388.0
53,33,2367.0,12073.0
53,34,1498.0,6573.0
53,35,213.0,1401.0
53,36,1891.0,10060.0
53,37,969.0,5332.0
53,38,886.0,4771.0
53,39,1082.0,6945.0
53,40,1474.0,7197.0
53,41,1254.0,6521.0
53,42,1245.0,6727.0
53,43,1044.0,4093.0
53,44,950.0,4105.0
53,45,715.0,3186.0
53,46,749.0,3941.0
53,47,563.0,2828.0
53,48,1106.0,4907.0
53,49,1158.0,5623.0
53,50,698.0,3274.0
53,51,62.0,480.0
53,52,233.0,1328.0
53,53,0.0,0.0
53,54,171.0,703.0
53,55,494.0,2211.0
53,56,827.0,2828.0
53,57,513.0,2022.0
53,58,569.0,2078.0
53,59,735.0,2717.0
53,60,943.0,3261.0
53,61,1119.0,3736.0
53,62,413.0,2642.0
53,63,289.0,1817.0
53,64,2105.0,10787.0
53,65,1881.0,9819.0
53,66,2092.0,12548.0
54,1,1358.0,7591.0
54,2,631.0,2686.0
54,3,479.0,2974.0
54,4,1425.0,7886.0
54,5,1720.0,8148.0
54,6,1756.0,8479.0
54,7,971.0,4998.0
54,8,2011.0,9327.0
54,9,1212.0,6458.0
54,10,747.0,4629.0
54,11,773.0,4746.0
54,12,725.0,4661.0
54,13,477.0,2868.0
54,14,1861.0,10697.0
54,15,3031.0,17619.0
54,16,832.0,4167.0
54,17,1579.0,8668.0
54,18,1563.0,7577.0
54,19,1738.0,9427.0
54,20,1437.0,7571.0
54,21,1840.0,9779.0
54,22,2634.0,12321.0
54,23,2275.0,11815.0
54,24,607.0,3339.0
54,25,604.0,3257.0
54,26,507.0,2992.0
54,27,1759.0,9782.0
54,28,1046.0,5056.0
54,29,1438.0,8051.0
54,30,2733.0,13305.0
54,31,1239.0,6311.0
54,32,705.0,3988.0
54,33,2478.0,12673.0
54,34,1609.0,7173.0
54,35,324.0,2001.0
54,36,2002.0,10660.0
54,37,1080.0,5932.0
54,38,997.0,5371.0
54,39,1193.0,7545.0
54,40,1585.0,7797.0
54,41,1365.0,7121.0
54,42,1356.0,7327.0
54,43,1059.0,4308.0
54,44,1061.0,4705.0
54,45,635.0,2851.0
54,46,742.0,3714.0
54,47,645.0,3148.0
54,48,1217.0,5507.0
54,49,1269.0,6223.0
54,50,780.0,3594.0
54,51,163.0,999.0
54,52,344.0,1924.0
54,53,138.0,703.0
54,54,0.0,0.0
54,55,297.0,1424.0
54,56,652.0,2163.0
54,57,338.0,1357.0
54,58,450.0,1731.0
54,59,560.0,2052.0
54,60,809.0,2703.0
54,61,944.0,3070.0
54,62,524.0,3242.0
54,63,400.0,2417.0
54,64,2216.0,11387.0
54,65,1992.0,10419.0
54,66,2203.0,13148.0
55,1,1591.0,8767.0
55,2,786.0,3602.0
55,3,754.0,4324.0
55,4,1658.0,9062.0
55,5,1816.0,8177.0
55,6,1852.0,8508.0
55,7,1204.0,6174.0
55,8,2107.0,9356.0
55,9,1308.0,6487.0
55,10,1022.0,5979.0
55,11,1048.0,6096.0
55,12,958.0,5837.0
55,13,752.0,4218.0
55,14,2094.0,11873.0
55,15,3264.0,18795.0
55,16,913.0,4810.0
55,17,1812.0,9844.0
55,18,1659.0,7606.0
55,19,1971.0,10603.0
55,20,1533.0,7600.0
55,21,1743.0,8371.0
55,22,2867.0,13497.0
55,23,2508.0,12991.0
55,24,840.0,4515.0
55,25,837.0,4433.0
55,26,782.0,4342.0
55,27,1992.0,10958.0
55,28,1127.0,5699.0
55,29,1671.0,9227.0
55,30,2966.0,14481.0
55,31,1409.0,7034.0
55,32,938.0,5164.0
55,33,2711.0,13849.0
55,34,1690.0,7816.0
55,35,599.0,3351.0
55,36,2235.0,11836.0
55,37,1232.0,6395.0
55,38,1115.0,5860.0
55,39,1426.0,8721.0
55,40,1681.0,7826.0
55,41,1461.0,7150.0
55,42,1452.0,7356.0
55,43,1214.0,5224.0
55,44,1142.0,5348.0
55,45,755.0,3371.0
55,46,862.0,4234.0
55,47,800.0,4064.0
55,48,1298.0,6150.0
55,49,1350.0,6866.0
55,50,935.0,4510.0
55,51,419.0,2278.0
55,52,600.0,3203.0
55,53,347.0,1937.0
55,54,235.0,1423.0
55,55,0.0,0.0
55,56,656.0,2297.0
55,57,342.0,1491.0
55,58,454.0,1865.0
55,59,564.0,2186.0
55,60,813.0,2837.0
55,61,806.0,2247.0
55,62,799.0,4592.0
55,63,675.0,3767.0
55,64,2449.0,12563.0
55,65,2225.0,11595.0
55,66,2436.0,14324.0
56,1,1758.0,9558.0
56,2,911.0,4219.0
56,3,879.0,4941.0
56,4,1825.0,9853.0
56,5,1941.0,8794.0
56,6,1977.0,9125.0
56,7,1371.0,6965.0
56,8,2232.0,9973.0
56,9,1433.0,7104.0
56,10,1147.0,6596.0
56,11,1173.0,6713.0
56,12,1125.0,6628.0
56,13,877.0,4835.0
56,14,2261.0,12664.0
56,15,3431.0,19586.0
56,16,1038.0,5427.0
56,17,1979.0,10635.0
56,18,1784.0,8223.0
56,19,2138.0,11394.0
56,20,1658.0,8217.0
56,21,1868.0,8988.0
56,22,3034.0,14288.0
56,23,2675.0,13782.0
56,24,1007.0,5306.0
56,25,1004.0,5224.0
56,26,907.0,4959.0
56,27,2159.0,11749.0
56,28,1252.0,6316.0
56,29,1838.0,10018.0
56,30,3133.0,15272.0
56,31,1534.0,7651.0
56,32,1105.0,5955.0
56,33,2878.0,14640.0
56,34,1815.0,8433.0
56,35,724.0,3968.0
56,36,2402.0,12627.0
56,37,1357.0,7012.0
56,38,1240.0,6477.0
56,39,1593.0,9512.0
56,40,1806.0,8443.0
56,41,1586.0,7767.0
56,42,1577.0,7973.0
56,43,1339.0,5841.0
56,44,1267.0,5965.0
56,45,999.0,4863.0
56,46,1260.0,6508.0
56,47,925.0,4681.0
56,48,1423.0,6767.0
56,49,1475.0,7483.0
56,50,1060.0,5127.0
56,51,535.0,3048.0
56,52,744.0,3891.0
56,53,559.0,2828.0
56,54,382.0,2163.0
56,55,448.0,2297.0
56,56,0.0,0.0
56,57,296.0,1338.0
56,58,186.0,1162.0
56,59,120.0,611.0
56,60,316.0,1090.0
56,61,445.0,1197.0
56,62,924.0,5209.0
56,63,800.0,4384.0
56,64,2616.0,13354.0
56,65,2392.0,12386.0
56,66,2603.0,15115.0
57,1,1565.0,8752.0
57,2,718.0,3413.0
57,3,686.0,4135.0
57,4,1632.0,9047.0
57,5,1748.0,7988.0
57,6,1784.0,8319.0
57,7,1178.0,6159.0
57,8,2039.0,9167.0
57,9,1240.0,6298.0
57,10,954.0,5790.0
57,11,980.0,5907.0
57,12,932.0,5822.0
57,13,684.0,4029.0
57,14,2068.0,11858.0
57,15,3238.0,18780.0
57,16,845.0,4621.0
57,17,1786.0,9829.0
57,18,1591.0,7417.0
57,19,1945.0,10588.0
57,20,1465.0,7411.0
57,21,1675.0,8182.0
57,22,2841.0,13482.0
57,23,2482.0,12976.0
57,24,814.0,4500.0
57,25,811.0,4418.0
57,26,714.0,4153.0
57,27,1966.0,10943.0
57,28,1059.0,5510.0
57,29,1645.0,9212.0
57,30,2940.0,14466.0
57,31,1341.0,6845.0
57,32,912.0,5149.0
57,33,2685.0,13834.0
57,34,1622.0,7627.0
57,35,531.0,3162.0
57,36,2209.0,11821.0
57,37,1164.0,6206.0
57,38,1047.0,5671.0
57,39,1400.0,8706.0
57,40,1613.0,7637.0
57,41,1393.0,6961.0
57,42,1384.0,7167.0
57,43,1146.0,5035.0
57,44,1074.0,5159.0
57,45,806.0,4057.0
57,46,1067.0,5702.0
57,47,732.0,3875.0
57,48,1230.0,5961.0
57,49,1282.0,6677.0
57,50,867.0,4321.0
57,51,342.0,2242.0
57,52,551.0,3085.0
57,53,366.0,2022.0
57,54,189.0,1357.0
57,55,255.0,1491.0
57,56,417.0,1338.0
57,57,0.0,0.0
57,58,285.0,1116.0
57,59,325.0,1227.0
57,60,574.0,1878.0
57,61,682.0,2088.0
57,62,731.0,4403.0
57,63,607.0,3578.0
57,64,2423.0,12548.0
57,65,2199.0,11580.0
57,66,2410.0,14309.0
58,1,1577.0,8808.0
58,2,730.0,3469.0
58,3,698.0,4191.0
58,4,1644.0,9103.0
58,5,1760.0,8044.0
58,6,1796.0,8375.0
58,7,1190.0,6215.0
58,8,2051.0,9223.0
58,9,1252.0,6354.0
58,10,966.0,5846.0
58,11,992.0,5963.0
58,12,944.0,5878.0
58,13,696.0,4085.0
58,14,2080.0,11914.0
58,15,3250.0,18836.0
58,16,857.0,4677.0
58,17,1798.0,9885.0
58,18,1603.0,7473.0
58,19,1957.0,10644.0
58,20,1477.0,7467.0
58,21,1687.0,8238.0
58,22,2853.0,13538.0
58,23,2494.0,13032.0
58,24,826.0,4556.0
58,25,823.0,4474.0
58,26,726.0,4209.0
58,27,1978.0,10999.0
58,28,1071.0,5566.0
58,29,1657.0,9268.0
58,30,2952.0,14522.0
58,31,1353.0,6901.0
58,32,924.0,5205.0
58,33,2697.0,13890.0
58,34,1634.0,7683.0
58,35,543.0,3218.0
58,36,2221.0,11877.0
58,37,1176.0,6262.0
58,38,1059.0,5727.0
58,39,1412.0,8762.0
58,40,1625.0,7693.0
58,41,1405.0,7017.0
58,42,1396.0,7223.0
58,43,1158.0,5091.0
58,44,1086.0,5215.0
58,45,874.0,4431.0
58,46,1079.0,5758.0
58,47,744.0,3931.0
58,48,1242.0,6017.0
58,49,1294.0,6733.0
58,50,879.0,4377.0
58,51,420.0,2450.0
58,52,563.0,3141.0
58,53,378.0,2078.0
58,54,257.0,1731.0
58,55,323.0,1865.0
58,56,330.0,1162.0
58,57,237.0,1116.0
58,58,0.0,0.0
58,59,162.0,719.0
58,60,373.0,1168.0
58,61,680.0,2156.0
58,62,743.0,4459.0
58,63,619.0,3634.0
58,64,2435.0,12604.0
58,65,2211.0,11636.0
58,66,2422.0,14365.0
59,1,1685.0,9447.0
59,2,838.0,4108.0
59,3,806.0,4830.0
59,4,1752.0,9742.0
59,5,1868.0,8683.0
59,6,1904.0,9014.0
59,7,1298.0,6854.0
59,8,2159.0,9862.0
59,9,1360.0,6993.0
59,10,1074.0,6485.0
59,11,1100.0,6602.0
59,12,1052.0,6517.0
59,13,804.0,4724.0
59,14,2188.0,12553.0
59,15,3358.0,19475.0
59,16,965.0,5316.0
59,17,1906.0,10524.0
59,18,1711.0,8112.0
59,19,2065.0,11283.0
59,20,1585.0,8106.0
59,21,1795.0,8877.0
59,22,2961.0,14177.0
59,23,2602.0,13671.0
59,24,934.0,5195.0
59,25,931.0,5113.0
59,26,834.0,4848.0
59,27,2086.0,11638.0
59,28,1179.0,6205.0
59,29,1765.0,9907.0
59,30,3060.0,15161.0
59,31,1461.0,7540.0
59,32,1032.0,5844.0
59,33,2805.0,14529.0
59,34,1742.0,8322.0
59,35,651.0,3857.0
59,36,2329.0,12516.0
59,37,1284.0,6901.0
59,38,1167.0,6366.0
59,39,1520.0,9401.0
59,40,1733.0,8332.0
59,41,1513.0,7656.0
59,42,1504.0,7862.0
59,43,1266.0,5730.0
59,44,1194.0,5854.0
59,45,926.0,4752.0
59,46,1187.0,6397.0
59,47,852.0,4570.0
59,48,1350.0,6656.0
59,49,1402.0,7372.0
59,50,987.0,5016.0
59,51,462.0,2937.0
59,52,671.0,3780.0
59,53,486.0,2717.0
59,54,309.0,2052.0
59,55,375.0,2186.0
59,56,210.0,611.0
59,57,223.0,1227.0
59,58,106.0,719.0
59,59,0.0,0.0
59,60,360.0,1203.0
59,61,573.0,1554.0
59,62,851.0,5098.0
59,63,727.0,4273.0
59,64,2543.0,13243.0
59,65,2319.0,12275.0
59,66,2530.0,15004.0
60,1,1755.0,9991.0
60,2,908.0,4652.0
60,3,876.0,5374.0
60,4,1822.0,10286.0
60,5,1938.0,9227.0
60,6,1974.0,9558.0
60,7,1368.0,7398.0
60,8,2229.0,10406.0
60,9,1430.0,7537.0
60,10,1144.0,7029.0
60,11,1170.0,7146.0
60,12,1122.0,7061.0
60,13,874.0,5268.0
60,14,2258.0,13097.0
60,15,3428.0,20019.0
60,16,1035.0,5860.0
60,17,1976.0,11068.0
60,18,1781.0,8656.0
60,19,2135.0,11827.0
60,20,1655.0,8650.0
60,21,1865.0,9421.0
60,22,3031.0,14721.0
60,23,2672.0,14215.0
60,24,1004.0,5739.0
60,25,1001.0,5657.0
60,26,904.0,5392.0
60,27,2156.0,12182.0
60,28,1249.0,6749.0
60,29,1835.0,10451.0
60,30,3130.0,15705.0
60,31,1531.0,8084.0
60,32,1102.0,6388.0
60,33,2875.0,15073.0
60,34,1812.0,8866.0
60,35,721.0,4401.0
60,36,2399.0,13060.0
60,37,1354.0,7445.0
60,38,1237.0,6910.0
60,39,1590.0,9945.0
60,40,1803.0,8876.0
60,41,1583.0,8200.0
60,42,1574.0,8406.0
60,43,1336.0,6274.0
60,44,1264.0,6398.0
60,45,1052.0,5614.0
60,46,1257.0,6941.0
60,47,922.0,5114.0
60,48,1420.0,7200.0
60,49,1472.0,7916.0
60,50,1057.0,5560.0
60,51,598.0,3633.0
60,52,741.0,4324.0
60,53,556.0,3261.0
60,54,435.0,2914.0
60,55,501.0,3048.0
60,56,266.0,1087.0
60,57,333.0,1878.0
60,58,177.0,1168.0
60,59,220.0,1203.0
60,60,0.0,0.0
60,61,448.0,1474.0
60,62,921.0,5642.0
60,63,797.0,4817.0
60,64,2613.0,13787.0
60,65,2389.0,12819.0
60,66,2600.0,15548.0
61,1,1865.0,10555.0
61,2,1018.0,5216.0
61,3,986.0,5938.0
61,4,1932.0,10850.0
61,5,2048.0,9791.0
61,6,2084.0,10122.0
61,7,1478.0,7962.0
61,8,2339.0,10970.0
61,9,1540.0,8101.0
61,10,1254.0,7593.0
61,11,1280.0,7710.0
61,12,1232.0,7625.0
61,13,984.0,5832.0
61,14,2368.0,13661.0
61,15,3538.0,20583.0
61,16,1145.0,6424.0
61,17,2086.0,11632.0
61,18,1891.0,9220.0
61,19,2245.0,12391.0
61,20,1765.0,9214.0
61,21,1975.0,9985.0
61,22,3141.0,15285.0
61,23,2782.0,14779.0
61,24,1114.0,6303.0
61,25,1111.0,6221.0
61,26,1014.0,5956.0
61,27,2266.0,12746.0
61,28,1359.0,7313.0
61,29,1945.0,11015.0
61,30,3240.0,16269.0
61,31,1641.0,8648.0
61,32,1212.0,6952.0
61,33,2985.0,15637.0
61,34,1922.0,9430.0
61,35,831.0,4965.0
61,36,2509.0,13624.0
61,37,1464.0,8009.0
61,38,1347.0,7474.0
61,39,1700.0,10509.0
61,40,1913.0,9440.0
61,41,1693.0,8764.0
61,42,1684.0,8970.0
61,43,1446.0,6838.0
61,44,1374.0,6962.0
61,45,1052.0,6309.0
61,46,1367.0,7505.0
61,47,1032.0,5678.0
61,48,1530.0,7764.0
61,49,1582.0,8480.0
61,50,1167.0,6124.0
61,51,642.0,4045.0
61,52,851.0,4888.0
61,53,666.0,3825.0
61,54,489.0,3160.0
61,55,395.0,2249.0
61,56,298.0,1197.0
61,57,379.0,2158.0
61,58,391.0,2156.0
61,59,328.0,1602.0
61,60,382.0,1474.0
61,61,0.0,0.0
61,62,1031.0,6206.0
61,63,907.0,5381.0
61,64,2723.0,14351.0
61,65,2499.0,13383.0
61,66,2710.0,16112.0
62,1,1166.0,6139.0
62,2,958.0,4134.0
62,3,352.0,2090.0
62,4,1233.0,6434.0
62,5,1803.0,8663.0
62,6,1839.0,8994.0
62,7,942.0,5112.0
62,8,2022.0,9525.0
62,9,1295.0,6973.0
62,10,555.0,3177.0
62,11,285.0,1546.0
62,12,581.0,3500.0
62,13,548.0,3044.0
62,14,1669.0,9245.0
62,15,2839.0,16167.0
62,16,903.0,4343.0
62,17,1387.0,7216.0
62,18,1646.0,8092.0
62,19,1546.0,7975.0
62,20,1520.0,8086.0
62,21,1648.0,8327.0
62,22,2442.0,10869.0
62,23,2083.0,10363.0
62,24,678.0,3515.0
62,25,675.0,3433.0
62,26,511.0,2833.0
62,27,1567.0,8330.0
62,28,1240.0,6766.0
62,29,1246.0,6599.0
62,30,2541.0,11853.0
62,31,1226.0,6327.0
62,32,788.0,4503.0
62,33,2286.0,11221.0
62,34,1643.0,7883.0
62,35,395.0,2177.0
62,36,1810.0,9208.0
62,37,1163.0,6447.0
62,38,1080.0,5886.0
62,39,1001.0,6093.0
62,40,1668.0,8312.0
62,41,1448.0,7636.0
62,42,1439.0,7842.0
62,43,1226.0,4869.0
62,44,1132.0,4881.0
62,45,401.0,1920.0
62,46,257.0,1406.0
62,47,838.0,3938.0
62,48,1288.0,5683.0
62,49,1150.0,6056.0
62,50,959.0,4261.0
62,51,455.0,2235.0
62,52,581.0,2954.0
62,53,531.0,2643.0
62,54,545.0,2170.0
62,55,798.0,2998.0
62,56,1310.0,5206.0
62,57,996.0,4400.0
62,58,1052.0,4456.0
62,59,1218.0,5095.0
62,60,1426.0,5639.0
62,61,1602.0,6114.0
62,62,0.0,0.0
62,63,220.0,1167.0
62,64,2024.0,9935.0
62,65,1800.0,8967.0
62,66,2011.0,11696.0
63,1,1170.0,6315.0
63,2,872.0,3740.0
63,3,261.0,1610.0
63,4,1237.0,6610.0
63,5,1759.0,8548.0
63,6,1795.0,8879.0
63,7,946.0,5288.0
63,8,2050.0,9727.0
63,9,1251.0,6858.0
63,10,559.0,3353.0
63,11,416.0,2079.0
63,12,537.0,3385.0
63,13,429.0,2319.0
63,14,1673.0,9421.0
63,15,2843.0,16343.0
63,16,817.0,3949.0
63,17,1391.0,7392.0
63,18,1602.0,7977.0
63,19,1550.0,8151.0
63,20,1476.0,7971.0
63,21,1652.0,8503.0
63,22,2446.0,11045.0
63,23,2087.0,10539.0
63,24,536.0,2808.0
63,25,533.0,2726.0
63,26,372.0,2083.0
63,27,1571.0,8506.0
63,28,1031.0,4838.0
63,29,1250.0,6775.0
63,30,2545.0,12029.0
63,31,1230.0,6503.0
63,32,744.0,4388.0
63,33,2290.0,11397.0
63,34,1647.0,8059.0
63,35,346.0,2041.0
63,36,1814.0,9384.0
63,37,1119.0,6332.0
63,38,1036.0,5771.0
63,39,1005.0,6269.0
63,40,1624.0,8197.0
63,41,1404.0,7521.0
63,42,1395.0,7727.0
63,43,1140.0,4475.0
63,44,1046.0,4487.0
63,45,559.0,2963.0
63,46,415.0,2449.0
63,47,752.0,3544.0
63,48,1202.0,5289.0
63,49,1154.0,6232.0
63,50,873.0,3867.0
63,51,369.0,1841.0
63,52,495.0,2560.0
63,53,445.0,2249.0
63,54,587.0,2848.0
63,55,891.0,4195.0
63,56,1224.0,4812.0
63,57,910.0,4006.0
63,58,966.0,4062.0
63,59,1132.0,4701.0
63,60,1340.0,5245.0
63,61,1516.0,5720.0
63,62,158.0,1043.0
63,63,0.0,0.0
63,64,2028.0,10111.0
63,65,1804.0,9143.0
63,66,2015.0,11872.0
64,1,782.0,4282.0
64,2,1948.0,8843.0
64,3,1588.0,8781.0
64,4,680.0,3642.0
64,5,928.0,3947.0
64,6,790.0,3438.0
64,7,1017.0,5474.0
64,8,670.0,2692.0
64,9,903.0,4782.0
64,10,1498.0,8347.0
64,11,1586.0,8888.0
64,12,1367.0,7822.0
64,13,1487.0,7666.0
64,14,676.0,4180.0
64,15,2023.0,11997.0
64,16,1411.0,6671.0
64,17,489.0,2678.0
64,18,1061.0,4580.0
64,19,339.0,1884.0
64,20,655.0,3476.0
64,21,585.0,3219.0
64,22,478.0,1435.0
64,23,361.0,1761.0
64,24,1481.0,7076.0
64,25,1406.0,7380.0
64,26,1644.0,8951.0
64,27,384.0,2311.0
64,28,1110.0,5478.0
64,29,646.0,3859.0
64,30,573.0,2268.0
64,31,749.0,3843.0
64,32,1218.0,6448.0
64,33,537.0,2363.0
64,34,731.0,3503.0
64,35,1831.0,10123.0
64,36,265.0,1512.0
64,37,914.0,4524.0
64,38,968.0,5376.0
64,39,1087.0,6591.0
64,40,891.0,4329.0
64,41,1261.0,6001.0
64,42,1252.0,6207.0
64,43,1746.0,7310.0
64,44,1590.0,6911.0
64,45,2074.0,11397.0
64,46,1860.0,10207.0
64,47,1667.0,7438.0
64,48,1422.0,6243.0
64,49,792.0,4143.0
64,50,1577.0,7126.0
64,51,1975.0,10659.0
64,52,1843.0,8811.0
64,53,2051.0,11067.0
64,54,2193.0,11666.0
64,55,2497.0,13013.0
64,56,2830.0,13630.0
64,57,2516.0,12824.0
64,58,2572.0,12880.0
64,59,2738.0,13519.0
64,60,2946.0,14063.0
64,61,3122.0,14538.0
64,62,1838.0,10214.0
64,63,1991.0,11017.0
64,64,0.0,0.0
64,65,390.0,2012.0
64,66,1195.0,7526.0
65,1,636.0,3393.0
65,2,1600.0,6940.0
65,3,1389.0,7616.0
65,4,593.0,3175.0
65,5,760.0,3116.0
65,6,622.0,2607.0
65,7,717.0,3918.0
65,8,502.0,1861.0
65,9,555.0,2879.0
65,10,1299.0,7182.0
65,11,1387.0,7723.0
65,12,1168.0,6657.0
65,13,1383.0,6325.0
65,14,739.0,4380.0
65,15,2086.0,12197.0
65,16,1063.0,4768.0
65,17,322.0,1774.0
65,18,893.0,3749.0
65,19,151.0,980.0
65,20,488.0,2572.0
65,21,303.0,1726.0
65,22,751.0,2329.0
65,23,567.0,2443.0
65,24,1221.0,5858.0
65,25,1264.0,6405.0
65,26,1285.0,6461.0
65,27,419.0,2367.0
65,28,762.0,3575.0
65,29,463.0,2646.0
65,30,1015.0,3407.0
65,31,582.0,2939.0
65,32,958.0,5230.0
65,33,770.0,3301.0
65,34,564.0,2599.0
65,35,1632.0,8958.0
65,36,466.0,2166.0
65,37,747.0,3620.0
65,38,785.0,4163.0
65,39,888.0,5426.0
65,40,543.0,2426.0
65,41,913.0,4098.0
65,42,904.0,4304.0
65,43,1398.0,5407.0
65,44,1242.0,5008.0
65,45,1875.0,10232.0
65,46,1661.0,9042.0
65,47,1319.0,5535.0
65,48,1074.0,4340.0
65,49,625.0,3239.0
65,50,1229.0,5223.0
65,51,1776.0,9494.0
65,52,1495.0,6908.0
65,53,1852.0,9902.0
65,54,1994.0,10501.0
65,55,2298.0,11848.0
65,56,2631.0,12465.0
65,57,2317.0,11659.0
65,58,2373.0,11715.0
65,59,2539.0,12354.0
65,60,2747.0,12898.0
65,61,2923.0,13373.0
65,62,1639.0,9049.0
65,63,1792.0,9852.0
65,64,521.0,2012.0
65,65,0.0,0.0
65,66,1258.0,7726.0
66,1,1134.0,5187.0
66,2,2831.0,14151.0
66,3,1941.0,10374.0
66,4,1342.0,6693.0
66,5,2409.0,11131.0
66,6,2180.0,10478.0
66,7,1564.0,7464.0
66,8,2151.0,9876.0
66,9,2084.0,10368.0
66,10,1851.0,9940.0
66,11,1939.0,10481.0
66,12,1720.0,9415.0
66,13,2159.0,11064.0
66,14,1013.0,5154.0
66,15,885.0,4849.0
66,16,2260.0,11505.0
66,17,1562.0,7887.0
66,18,2352.0,10969.0
66,19,1429.0,7230.0
66,20,1899.0,9382.0
66,21,1862.0,9326.0
66,22,2074.0,8676.0
66,23,1656.0,7753.0
66,24,2081.0,10860.0
66,25,2078.0,10778.0
66,26,1997.0,10544.0
66,27,1244.0,6287.0
66,28,2289.0,12189.0
66,29,1579.0,8077.0
66,30,2114.0,9243.0
66,31,1832.0,9237.0
66,32,1837.0,9926.0
66,33,1859.0,8611.0
66,34,1975.0,9410.0
66,35,2184.0,11716.0
66,36,1383.0,6598.0
66,37,2001.0,9860.0
66,38,1901.0,9594.0
66,39,1313.0,7097.0
66,40,2168.0,10436.0
66,41,2497.0,13059.0
66,42,2488.0,13265.0
66,43,2687.0,12842.0
66,44,2531.0,12443.0
66,45,2061.0,10873.0
66,46,1781.0,9138.0
66,47,2569.0,12549.0
66,48,2601.0,12954.0
66,49,1873.0,9381.0
66,50,2543.0,12387.0
66,51,2328.0,12252.0
66,52,2454.0,12971.0
66,53,2404.0,12660.0
66,54,2546.0,13259.0
66,55,2850.0,14606.0
66,56,3183.0,15223.0
66,57,2869.0,14417.0
66,58,2925.0,14473.0
66,59,3091.0,15112.0
66,60,3299.0,15656.0
66,61,3475.0,16131.0
66,62,2191.0,11807.0
66,63,2344.0,12610.0
66,64,1656.0,7742.0
66,65,1683.0,8222.0
66,66,0.0,0.0
