1,1,0.0,0.0
1,2,714.0,6978.0
1,3,489.0,6377.0
1,4,147.0,904.0
1,5,685.0,6256.0
1,6,591.0,4830.0
1,7,396.0,3172.0
1,8,506.0,4256.0
1,9,539.0,4959.0
1,10,464.0,4993.0
1,11,466.0,6006.0
1,12,401.0,5026.0
1,13,489.0,4853.0
1,14,351.0,2619.0
1,15,588.0,9966.0
1,16,623.0,5546.0
1,17,357.0,2533.0
1,18,651.0,5875.0
1,19,370.0,2517.0
1,20,481.0,3817.0
1,21,490.0,3958.0
1,22,589.0,5289.0
1,23,431.0,4506.0
1,24,507.0,4637.0
1,25,482.0,4567.0
1,26,469.0,4633.0
1,27,362.0,2397.0
1,28,634.0,5593.0
1,29,314.0,2442.0
1,30,632.0,6190.0
1,31,437.0,3686.0
1,32,427.0,3931.0
1,33,494.0,5169.0
1,34,481.0,3835.0
1,35,537.0,6812.0
1,36,466.0,3907.0
1,37,493.0,4509.0
1,38,454.0,3588.0
1,39,382.0,3326.0
1,40,533.0,4957.0
1,41,578.0,5693.0
1,42,671.0,6178.0
1,43,715.0,7137.0
1,44,698.0,6268.0
1,45,592.0,8304.0
1,46,488.0,6389.0
1,47,657.0,6294.0
1,48,675.0,6076.0
1,49,436.0,3602.0
1,50,660.0,6530.0
1,51,631.0,8319.0
1,52,635.0,6363.0
1,53,594.0,8412.0
1,54,574.0,8077.0
1,55,745.0,9880.0
1,56,835.0,10434.0
1,57,713.0,9814.0
1,58,745.0,9721.0
1,59,812.0,10287.0
1,60,783.0,10321.0
1,61,847.0,11352.0
1,62,524.0,6521.0
1,63,555.0,6960.0
1,64,512.0,4179.0
1,65,415.0,3421.0
1,66,377.0,5175.0
2,1,674.0,6952.0
2,2,0.0,0.0
2,3,362.0,3475.0
2,4,541.0,6048.0
2,5,572.0,5544.0
2,6,614.0,5909.0
2,7,431.0,4657.0
2,8,656.0,6688.0
2,9,412.0,4128.0
2,10,589.0,6334.0
2,11,408.0,4538.0
2,12,427.0,4369.0
2,13,221.0,2074.0
2,14,643.0,7137.0
2,15,1032.0,17462.0
2,16,339.0,2874.0
2,17,623.0,6265.0
2,18,537.0,5163.0
2,19,667.0,7166.0
2,20,522.0,5286.0
2,21,607.0,6077.0
2,22,779.0,8037.0
2,23,766.0,8695.0
2,24,322.0,2739.0
2,25,313.0,2998.0
2,26,268.0,2732.0
2,27,653.0,6914.0
2,28,340.0,3492.0
2,29,531.0,5508.0
2,30,862.0,8814.0
2,31,579.0,5642.0
2,32,361.0,3516.0
2,33,786.0,9687.0
2,34,640.0,6181.0
2,35,301.0,2759.0
2,36,758.0,8425.0
2,37,495.0,5230.0
2,38,404.0,3873.0
2,39,632.0,6810.0
2,40,500.0,4779.0
2,41,431.0,4637.0
2,42,499.0,4676.0
2,43,312.0,2945.0
2,44,365.0,3099.0
2,45,421.0,5031.0
2,46,429.0,4922.0
2,47,255.0,2101.0
2,48,389.0,3487.0
2,49,510.0,5126.0
2,50,257.0,2337.0
2,51,286.0,2913.0
2,52,170.0,1394.0
2,53,246.0,2409.0
2,54,227.0,2548.0
2,55,324.0,3550.0
2,56,384.0,4253.0
2,57,291.0,3484.0
2,58,324.0,3464.0
2,59,383.0,4142.0
2,60,362.0,3972.0
2,61,425.0,5022.0
2,62,425.0,4656.0
2,63,413.0,4298.0
2,64,778.0,8222.0
2,65,672.0,6945.0
2,66,822.0,12670.0
3,1,549.0,5363.0
3,2,397.0,3492.0
3,3,0.0,0.0
3,4,416.0,4459.0
3,5,663.0,6233.0
3,6,704.0,6598.0
3,7,384.0,3773.0
3,8,746.0,7377.0
3,9,492.0,4723.0
3,10,404.0,3849.0
3,11,236.0,1893.0
3,12,253.0,1942.0
3,13,189.0,1382.0
3,14,602.0,6258.0
3,15,850.0,14211.0
3,16,370.0,2897.0
3,17,578.0,5403.0
3,18,628.0,5852.0
3,19,626.0,6287.0
3,20,612.0,5975.0
3,21,697.0,6766.0
3,22,848.0,8901.0
3,23,682.0,8145.0
3,24,213.0,1479.0
3,25,188.0,1409.0
3,26,88.0,742.0
3,27,613.0,6036.0
3,28,430.0,4181.0
3,29,486.0,4647.0
3,30,883.0,9829.0
3,31,492.0,4606.0
3,32,236.0,1926.0
3,33,745.0,8808.0
3,34,595.0,5658.0
3,35,218.0,1216.0
3,36,717.0,7546.0
3,37,387.0,3519.0
3,38,354.0,3010.0
3,39,431.0,4615.0
3,40,590.0,5468.0
3,41,532.0,5457.0
3,42,603.0,5349.0
3,43,397.0,3652.0
3,44,455.0,4058.0
3,45,369.0,4184.0
3,46,257.0,2277.0
3,47,340.0,2808.0
3,48,479.0,4176.0
3,49,440.0,3934.0
3,50,343.0,3044.0
3,51,388.0,3636.0
3,52,318.0,2877.0
3,53,371.0,4292.0
3,54,351.0,3957.0
3,55,522.0,5760.0
3,56,612.0,6314.0
3,57,490.0,5694.0
3,58,522.0,5601.0
3,59,589.0,6167.0
3,60,560.0,6201.0
3,61,624.0,7232.0
3,62,251.0,1851.0
3,63,258.0,1913.0
3,64,770.0,7791.0
3,65,673.0,7034.0
3,66,640.0,9419.0
4,1,133.0,904.0
4,2,567.0,6074.0
4,3,417.0,4471.0
4,4,0.0,0.0
4,5,564.0,5599.0
4,6,470.0,4173.0
4,7,249.0,2268.0
4,8,385.0,3599.0
4,9,392.0,4055.0
4,10,408.0,4603.0
4,11,410.0,5616.0
4,12,345.0,4636.0
4,13,342.0,3949.0
4,14,229.0,1962.0
4,15,532.0,10120.0
4,16,476.0,4642.0
4,17,214.0,1485.0
4,18,530.0,5218.0
4,19,249.0,1860.0
4,20,334.0,2913.0
4,21,369.0,3301.0
4,22,468.0,4632.0
4,23,309.0,3849.0
4,24,360.0,3733.0
4,25,335.0,3663.0
4,26,322.0,3729.0
4,27,240.0,1740.0
4,28,487.0,4689.0
4,29,167.0,1538.0
4,30,510.0,5533.0
4,31,290.0,2782.0
4,32,280.0,3027.0
4,33,372.0,4512.0
4,34,334.0,2931.0
4,35,433.0,4605.0
4,36,344.0,3250.0
4,37,346.0,3605.0
4,38,307.0,2684.0
4,39,301.0,2913.0
4,40,412.0,4300.0
4,41,431.0,4789.0
4,42,524.0,5274.0
4,43,568.0,6233.0
4,44,551.0,5364.0
4,45,536.0,7914.0
4,46,432.0,5999.0
4,47,510.0,5390.0
4,48,528.0,5172.0
4,49,289.0,2698.0
4,50,513.0,5626.0
4,51,558.0,6218.0
4,52,488.0,5459.0
4,53,538.0,8022.0
4,54,518.0,7687.0
4,55,719.0,8170.0
4,56,780.0,8873.0
4,57,687.0,8104.0
4,58,720.0,8084.0
4,59,779.0,8762.0
4,60,727.0,9931.0
4,61,821.0,9642.0
4,62,468.0,6131.0
4,63,499.0,6570.0
4,64,391.0,3522.0
4,65,294.0,2764.0
4,66,321.0,5329.0
5,1,602.0,5731.0
5,2,589.0,5538.0
5,3,694.0,6358.0
5,4,516.0,5069.0
5,5,0.0,0.0
5,6,157.0,917.0
5,7,480.0,3802.0
5,8,279.0,1703.0
5,9,272.0,1789.0
5,10,723.0,6814.0
5,11,733.0,7364.0
5,12,686.0,6828.0
5,13,546.0,4900.0
5,14,597.0,5634.0
5,15,987.0,14615.0
5,16,529.0,3792.0
5,17,428.0,3241.0
5,18,101.0,574.0
5,19,521.0,4676.0
5,20,261.0,1695.0
5,21,327.0,2263.0
5,22,500.0,4223.0
5,23,487.0,4881.0
5,24,604.0,5000.0
5,25,611.0,5549.0
5,26,599.0,5616.0
5,27,608.0,5412.0
5,28,357.0,2396.0
5,29,508.0,3522.0
5,30,582.0,5000.0
5,31,355.0,2601.0
5,32,557.0,4914.0
5,33,579.0,5417.0
5,34,351.0,2366.0
5,35,626.0,5585.0
5,36,691.0,5874.0
5,37,384.0,3132.0
5,38,411.0,3472.0
5,39,690.0,5916.0
5,40,166.0,896.0
5,41,236.0,1859.0
5,42,323.0,2259.0
5,43,446.0,3268.0
5,44,388.0,2865.0
5,45,774.0,8836.0
5,46,755.0,7748.0
5,47,499.0,4064.0
5,48,347.0,2421.0
5,49,392.0,2793.0
5,50,437.0,3613.0
5,51,639.0,5969.0
5,52,559.0,5114.0
5,53,663.0,6493.0
5,54,644.0,6632.0
5,55,741.0,7634.0
5,56,802.0,8337.0
5,57,708.0,7568.0
5,58,742.0,7548.0
5,59,801.0,8226.0
5,60,779.0,8056.0
5,61,842.0,9106.0
5,62,750.0,7321.0
5,63,738.0,7124.0
5,64,498.0,4409.0
5,65,392.0,3131.0
5,66,776.0,9824.0
6,1,522.0,4812.0
6,2,626.0,5897.0
6,3,732.0,6717.0
6,4,436.0,4150.0
6,5,172.0,917.0
6,6,0.0,0.0
6,7,500.0,3863.0
6,8,186.0,1191.0
6,9,310.0,2148.0
6,10,761.0,7173.0
6,11,770.0,7723.0
6,12,724.0,7187.0
6,13,583.0,5259.0
6,14,517.0,4715.0
6,15,907.0,13696.0
6,16,566.0,4151.0
6,17,382.0,3020.0
6,18,214.0,1114.0
6,19,441.0,3757.0
6,20,243.0,1542.0
6,21,246.0,1344.0
6,22,419.0,3304.0
6,23,406.0,3962.0
6,24,642.0,5359.0
6,25,649.0,5908.0
6,26,637.0,5975.0
6,27,528.0,4493.0
6,28,394.0,2755.0
6,29,453.0,3943.0
6,30,502.0,4081.0
6,31,375.0,2656.0
6,32,595.0,5273.0
6,33,499.0,4498.0
6,34,333.0,2213.0
6,35,663.0,5944.0
6,36,611.0,4955.0
6,37,422.0,3491.0
6,38,449.0,3831.0
6,39,701.0,7055.0
6,40,200.0,1149.0
6,41,297.0,2299.0
6,42,384.0,2699.0
6,43,501.0,3831.0
6,44,458.0,3430.0
6,45,811.0,9195.0
6,46,792.0,8107.0
6,47,536.0,4423.0
6,48,408.0,2861.0
6,49,410.0,2853.0
6,50,474.0,3972.0
6,51,676.0,6328.0
6,52,596.0,5473.0
6,53,701.0,6852.0
6,54,682.0,6991.0
6,55,779.0,7993.0
6,56,839.0,8696.0
6,57,746.0,7927.0
6,58,779.0,7907.0
6,59,838.0,8585.0
6,60,817.0,8415.0
6,61,880.0,9465.0
6,62,787.0,7680.0
6,63,775.0,7483.0
6,64,417.0,3490.0
6,65,312.0,2213.0
6,66,696.0,8905.0
7,1,408.0,3869.0
7,2,448.0,4715.0
7,3,298.0,3112.0
7,4,247.0,2790.0
7,5,504.0,4666.0
7,6,551.0,4970.0
7,7,0.0,0.0
7,8,554.0,5397.0
7,9,325.0,2964.0
7,10,344.0,3549.0
7,11,372.0,4544.0
7,12,299.0,3189.0
7,13,223.0,2590.0
7,14,391.0,3786.0
7,15,806.0,13889.0
7,16,357.0,3283.0
7,17,371.0,2915.0
7,18,469.0,4284.0
7,19,415.0,3815.0
7,20,403.0,3028.0
7,21,544.0,5138.0
7,22,637.0,6430.0
7,23,471.0,5673.0
7,24,241.0,2374.0
7,25,216.0,2304.0
7,26,203.0,2370.0
7,27,401.0,3564.0
7,28,371.0,3496.0
7,29,279.0,2158.0
7,30,672.0,7357.0
7,31,283.0,1994.0
7,32,161.0,1668.0
7,33,534.0,6336.0
7,34,386.0,3046.0
7,35,315.0,3246.0
7,36,505.0,5074.0
7,37,227.0,2246.0
7,38,194.0,1737.0
7,39,339.0,3552.0
7,40,437.0,3840.0
7,41,365.0,3698.0
7,42,443.0,4076.0
7,43,449.0,4874.0
7,44,458.0,4193.0
7,45,498.0,6842.0
7,46,394.0,4927.0
7,47,391.0,4031.0
7,48,435.0,4001.0
7,49,273.0,2175.0
7,50,394.0,4267.0
7,51,439.0,4859.0
7,52,369.0,4100.0
7,53,457.0,6718.0
7,54,437.0,6383.0
7,55,600.0,6811.0
7,56,661.0,7514.0
7,57,568.0,6745.0
7,58,601.0,6725.0
7,59,660.0,7403.0
7,60,639.0,7233.0
7,61,702.0,8283.0
7,62,439.0,4982.0
7,63,427.0,4784.0
7,64,559.0,5320.0
7,65,462.0,4563.0
7,66,596.0,9097.0
8,1,438.0,4251.0
8,2,654.0,6676.0
8,3,759.0,7497.0
8,4,352.0,3589.0
8,5,268.0,1703.0
8,6,186.0,1191.0
8,7,492.0,4839.0
8,8,0.0,0.0
8,9,337.0,2928.0
8,10,699.0,8161.0
8,11,701.0,9174.0
8,12,636.0,8194.0
8,13,611.0,6038.0
8,14,433.0,4154.0
8,15,823.0,13135.0
8,16,594.0,4930.0
8,17,298.0,2459.0
8,18,369.0,2277.0
8,19,357.0,3196.0
8,20,277.0,2321.0
8,21,278.0,1870.0
8,22,336.0,2742.0
8,23,323.0,3400.0
8,24,669.0,6139.0
8,25,676.0,6688.0
8,26,664.0,6755.0
8,27,444.0,3932.0
8,28,422.0,3535.0
8,29,369.0,3382.0
8,30,418.0,3519.0
8,31,420.0,3740.0
8,32,622.0,6053.0
8,33,415.0,3937.0
8,34,367.0,2993.0
8,35,691.0,6723.0
8,36,527.0,4394.0
8,37,449.0,4271.0
8,38,476.0,4611.0
8,39,617.0,6494.0
8,40,230.0,2095.0
8,41,370.0,3634.0
8,42,478.0,4092.0
8,43,529.0,4611.0
8,44,486.0,4210.0
8,45,827.0,11472.0
8,46,723.0,9557.0
8,47,564.0,5202.0
8,48,463.0,4018.0
8,49,457.0,3932.0
8,50,502.0,4751.0
8,51,704.0,7107.0
8,52,624.0,6252.0
8,53,729.0,7631.0
8,54,710.0,7770.0
8,55,806.0,8772.0
8,56,867.0,9475.0
8,57,773.0,8707.0
8,58,807.0,8686.0
8,59,866.0,9364.0
8,60,844.0,9194.0
8,61,907.0,10244.0
8,62,759.0,9689.0
8,63,803.0,8262.0
8,64,334.0,2928.0
8,65,228.0,1651.0
8,66,612.0,8344.0
9,1,546.0,5645.0
9,2,467.0,4463.0
9,3,572.0,5283.0
9,4,470.0,4067.0
9,5,236.0,1645.0
9,6,278.0,2009.0
9,7,347.0,2715.0
9,8,320.0,2789.0
9,9,0.0,0.0
9,10,601.0,5739.0
9,11,611.0,6288.0
9,12,564.0,5753.0
9,13,424.0,3824.0
9,14,541.0,5548.0
9,15,931.0,14529.0
9,16,407.0,2717.0
9,17,370.0,2836.0
9,18,201.0,1264.0
9,19,465.0,4590.0
9,20,206.0,1113.0
9,21,271.0,2177.0
9,22,443.0,4137.0
9,23,430.0,4795.0
9,24,482.0,3925.0
9,25,489.0,4474.0
9,26,477.0,4541.0
9,27,552.0,5326.0
9,28,235.0,1321.0
9,29,402.0,2896.0
9,30,526.0,4914.0
9,31,222.0,1514.0
9,32,435.0,3839.0
9,33,523.0,5331.0
9,34,273.0,1961.0
9,35,504.0,4509.0
9,36,635.0,5788.0
9,37,262.0,2057.0
9,38,289.0,2397.0
9,39,557.0,4829.0
9,40,164.0,879.0
9,41,183.0,1421.0
9,42,291.0,1879.0
9,43,342.0,2397.0
9,44,299.0,1996.0
9,45,652.0,7760.0
9,46,633.0,6672.0
9,47,377.0,2989.0
9,48,276.0,1804.0
9,49,259.0,1706.0
9,50,315.0,2538.0
9,51,517.0,4893.0
9,52,437.0,4039.0
9,53,542.0,5417.0
9,54,523.0,5556.0
9,55,619.0,6559.0
9,56,680.0,7262.0
9,57,586.0,6493.0
9,58,620.0,6473.0
9,59,679.0,7151.0
9,60,657.0,6981.0
9,61,720.0,8031.0
9,62,628.0,6245.0
9,63,616.0,6048.0
9,64,442.0,4323.0
9,65,336.0,3046.0
9,66,720.0,9738.0
10,1,523.0,4948.0
10,2,614.0,5503.0
10,3,387.0,2789.0
10,4,385.0,4232.0
10,5,668.0,6471.0
10,6,715.0,6775.0
10,7,381.0,3819.0
10,8,709.0,8100.0
10,9,489.0,4769.0
10,10,0.0,0.0
10,11,209.0,1266.0
10,12,316.0,2678.0
10,13,391.0,3895.0
10,14,553.0,6463.0
10,15,747.0,12892.0
10,16,504.0,4408.0
10,17,540.0,5176.0
10,18,633.0,6089.0
10,19,573.0,6361.0
10,20,624.0,6152.0
10,21,708.0,6943.0
10,22,792.0,9133.0
10,23,633.0,8350.0
10,24,409.0,3679.0
10,25,384.0,3609.0
10,26,371.0,3675.0
10,27,564.0,6241.0
10,28,528.0,4816.0
10,29,447.0,4419.0
10,30,834.0,10034.0
10,31,480.0,4395.0
10,32,329.0,2973.0
10,33,696.0,9013.0
10,34,586.0,5374.0
10,35,435.0,3223.0
10,36,668.0,7751.0
10,37,384.0,3566.0
10,38,351.0,3057.0
10,39,328.0,3297.0
10,40,601.0,5645.0
10,41,529.0,5503.0
10,42,599.0,5396.0
10,43,614.0,5663.0
10,44,614.0,5513.0
10,45,464.0,3772.0
10,46,332.0,2582.0
10,47,557.0,4819.0
10,48,591.0,5321.0
10,49,437.0,3980.0
10,50,560.0,5055.0
10,51,532.0,4679.0
10,52,535.0,4888.0
10,53,495.0,4772.0
10,54,475.0,4437.0
10,55,646.0,6240.0
10,56,736.0,6794.0
10,57,614.0,6174.0
10,58,646.0,6081.0
10,59,713.0,6647.0
10,60,684.0,6681.0
10,61,748.0,7712.0
10,62,421.0,2932.0
10,63,453.0,3371.0
10,64,715.0,8023.0
10,65,618.0,7265.0
10,66,537.0,8100.0
11,1,552.0,6336.0
11,2,450.0,4574.0
11,3,223.0,1859.0
11,4,414.0,5619.0
11,5,717.0,7314.0
11,6,758.0,7679.0
11,7,438.0,5188.0
11,8,738.0,9488.0
11,9,546.0,6138.0
11,10,206.0,1263.0
11,11,0.0,0.0
11,12,239.0,2667.0
11,13,275.0,2868.0
11,14,582.0,7851.0
11,15,776.0,14280.0
11,16,452.0,4522.0
11,17,569.0,6563.0
11,18,682.0,6933.0
11,19,602.0,7749.0
11,20,666.0,7056.0
11,21,707.0,7644.0
11,22,821.0,10521.0
11,23,662.0,9738.0
11,24,339.0,3347.0
11,25,314.0,3277.0
11,26,259.0,2633.0
11,27,593.0,7629.0
11,28,484.0,5262.0
11,29,476.0,5806.0
11,30,863.0,11422.0
11,31,507.0,5847.0
11,32,316.0,3551.0
11,33,725.0,10401.0
11,34,610.0,6899.0
11,35,272.0,2294.0
11,36,697.0,9139.0
11,37,441.0,4934.0
11,38,409.0,4426.0
11,39,357.0,4685.0
11,40,644.0,6549.0
11,41,575.0,6407.0
11,42,643.0,6446.0
11,43,451.0,4733.0
11,44,509.0,5139.0
11,45,289.0,2440.0
11,46,157.0,1250.0
11,47,394.0,3890.0
11,48,533.0,5257.0
11,49,494.0,5349.0
11,50,396.0,4126.0
11,51,368.0,3750.0
11,52,371.0,3959.0
11,53,331.0,3843.0
11,54,311.0,3508.0
11,55,482.0,5311.0
11,56,572.0,5865.0
11,57,450.0,5245.0
11,58,482.0,5152.0
11,59,549.0,5718.0
11,60,520.0,5752.0
11,61,584.0,6783.0
11,62,258.0,2003.0
11,63,290.0,2442.0
11,64,744.0,9411.0
11,65,647.0,8653.0
11,66,566.0,9488.0
12,1,535.0,4884.0
12,2,454.0,3850.0
12,3,305.0,2248.0
12,4,402.0,3980.0
12,5,656.0,5947.0
12,6,703.0,6251.0
12,7,369.0,3295.0
12,8,745.0,7030.0
12,9,477.0,4245.0
12,10,349.0,3046.0
12,11,282.0,2683.0
12,12,0.0,0.0
12,13,229.0,1726.0
12,14,587.0,5779.0
12,15,795.0,13408.0
12,16,357.0,2419.0
12,17,563.0,4924.0
12,18,621.0,5565.0
12,19,611.0,5808.0
12,20,597.0,5162.0
12,21,696.0,6419.0
12,22,833.0,8422.0
12,23,667.0,7666.0
12,24,248.0,1509.0
12,25,223.0,1439.0
12,26,210.0,1506.0
12,27,598.0,5557.0
12,28,488.0,4538.0
12,29,471.0,4168.0
12,30,868.0,9350.0
12,31,486.0,3921.0
12,32,222.0,1448.0
12,33,730.0,8329.0
12,34,580.0,5180.0
12,35,321.0,2381.0
12,36,702.0,7067.0
12,37,372.0,3041.0
12,38,339.0,2532.0
12,39,376.0,3812.0
12,40,589.0,5121.0
12,41,517.0,4979.0
12,42,588.0,4871.0
12,43,455.0,4009.0
12,44,513.0,4415.0
12,45,408.0,4980.0
12,46,304.0,3066.0
12,47,397.0,3166.0
12,48,537.0,4533.0
12,49,425.0,3456.0
12,50,400.0,3402.0
12,51,445.0,3994.0
12,52,375.0,3235.0
12,53,410.0,5088.0
12,54,390.0,4753.0
12,55,561.0,6556.0
12,56,651.0,7110.0
12,57,529.0,6490.0
12,58,561.0,6397.0
12,59,628.0,6963.0
12,60,599.0,6997.0
12,61,663.0,8028.0
12,62,341.0,3197.0
12,63,372.0,3635.0
12,64,755.0,7312.0
12,65,658.0,6555.0
12,66,585.0,8616.0
13,1,511.0,4856.0
13,2,255.0,2100.0
13,3,200.0,1380.0
13,4,378.0,3952.0
13,5,521.0,4840.0
13,6,562.0,5205.0
13,7,301.0,3014.0
13,8,604.0,5984.0
13,9,360.0,3424.0
13,10,426.0,4238.0
13,11,292.0,2902.0
13,12,264.0,2273.0
13,13,0.0,0.0
13,14,514.0,5494.0
13,15,861.0,14542.0
13,16,288.0,2148.0
13,17,494.0,4622.0
13,18,486.0,4459.0
13,19,538.0,5523.0
13,20,470.0,4582.0
13,21,555.0,5373.0
13,22,728.0,7333.0
13,23,594.0,7381.0
13,24,146.0,1086.0
13,25,150.0,902.0
13,26,106.0,637.0
13,27,524.0,5271.0
13,28,288.0,2788.0
13,29,402.0,3865.0
13,30,810.0,8110.0
13,31,405.0,3564.0
13,32,198.0,1420.0
13,33,657.0,8044.0
13,34,510.0,4543.0
13,35,185.0,1123.0
13,36,629.0,6782.0
13,37,306.0,2739.0
13,38,274.0,2230.0
13,39,469.0,4714.0
13,40,448.0,4075.0
13,41,379.0,3933.0
13,42,447.0,3972.0
13,43,255.0,2260.0
13,44,313.0,2666.0
13,45,373.0,5159.0
13,46,313.0,3285.0
13,47,198.0,1416.0
13,48,337.0,2783.0
13,49,357.0,3175.0
13,50,201.0,1652.0
13,51,246.0,2244.0
13,52,176.0,1485.0
13,53,324.0,2724.0
13,54,311.0,3194.0
13,55,407.0,4196.0
13,56,468.0,4899.0
13,57,375.0,4130.0
13,58,408.0,4110.0
13,59,467.0,4788.0
13,60,446.0,4618.0
13,61,509.0,5668.0
13,62,309.0,2859.0
13,63,297.0,2661.0
13,64,726.0,7519.0
13,65,585.0,6270.0
13,66,651.0,9750.0
14,1,310.0,2683.0
14,2,668.0,6884.0
14,3,634.0,6281.0
14,4,224.0,2021.0
14,5,591.0,6127.0
14,6,497.0,4701.0
14,7,354.0,3289.0
14,8,412.0,4127.0
14,9,514.0,5253.0
14,10,570.0,6593.0
14,11,572.0,7606.0
14,12,507.0,6626.0
14,13,558.0,5759.0
14,14,0.0,0.0
14,15,695.0,11567.0
14,16,585.0,5498.0
14,17,263.0,2404.0
14,18,557.0,5746.0
14,19,230.0,1779.0
14,20,424.0,4095.0
14,21,396.0,3829.0
14,22,495.0,5160.0
14,23,283.0,3637.0
14,24,543.0,4923.0
14,25,551.0,5472.0
14,26,539.0,5539.0
14,27,213.0,1528.0
14,28,609.0,5887.0
14,29,292.0,2558.0
14,30,484.0,5321.0
14,31,385.0,3758.0
14,32,497.0,4837.0
14,33,345.0,4300.0
14,34,424.0,4113.0
14,35,650.0,6414.0
14,36,317.0,3038.0
14,37,478.0,4347.0
14,38,412.0,3704.0
14,39,489.0,4926.0
14,40,439.0,4828.0
14,41,553.0,5987.0
14,42,645.0,6472.0
14,43,659.0,7027.0
14,44,673.0,6562.0
14,45,698.0,9904.0
14,46,594.0,7989.0
14,47,602.0,6184.0
14,48,650.0,6370.0
14,49,404.0,3898.0
14,50,605.0,6420.0
14,51,659.0,7029.0
14,52,589.0,6270.0
14,53,696.0,9128.0
14,54,676.0,8793.0
14,55,820.0,8980.0
14,56,881.0,9683.0
14,57,788.0,8914.0
14,58,821.0,8894.0
14,59,880.0,9572.0
14,60,859.0,9402.0
14,61,922.0,10452.0
14,62,630.0,8121.0
14,63,661.0,8560.0
14,64,393.0,4590.0
14,65,321.0,3292.0
14,66,508.0,6874.0
15,1,649.0,10000.0
15,2,1083.0,17496.0
15,3,856.0,14781.0
15,4,565.0,10152.0
15,5,1013.0,15151.0
15,6,919.0,13725.0
15,7,789.0,12301.0
15,8,834.0,13151.0
15,9,950.0,14265.0
15,10,831.0,13397.0
15,11,833.0,14411.0
15,12,768.0,13430.0
15,13,852.0,14593.0
15,14,679.0,11515.0
15,15,0.0,0.0
15,16,980.0,15285.0
15,17,685.0,11428.0
15,18,979.0,14770.0
15,19,698.0,11412.0
15,20,846.0,13119.0
15,21,818.0,12853.0
15,22,917.0,14184.0
15,23,673.0,11127.0
15,24,871.0,14376.0
15,25,846.0,14306.0
15,26,833.0,14373.0
15,27,681.0,10727.0
15,28,1005.0,15532.0
15,29,723.0,11780.0
15,30,874.0,12811.0
15,31,807.0,12782.0
15,32,805.0,13689.0
15,33,735.0,11790.0
15,34,846.0,13137.0
15,35,904.0,15216.0
15,36,722.0,10536.0
15,37,860.0,14282.0
15,38,828.0,13773.0
15,39,733.0,11689.0
15,40,861.0,13852.0
15,41,989.0,14999.0
15,42,1076.0,16112.0
15,43,1084.0,17655.0
15,44,1091.0,16229.0
15,45,959.0,16709.0
15,46,855.0,14794.0
15,47,1026.0,16812.0
15,48,1068.0,16037.0
15,49,826.0,12922.0
15,50,1029.0,17047.0
15,51,998.0,16724.0
15,52,1004.0,16881.0
15,53,961.0,16817.0
15,54,941.0,16482.0
15,55,1112.0,18285.0
15,56,1202.0,18839.0
15,57,1080.0,18219.0
15,58,1112.0,18126.0
15,59,1179.0,18692.0
15,60,1150.0,18726.0
15,61,1214.0,19757.0
15,62,891.0,14925.0
15,63,922.0,15364.0
15,64,783.0,12080.0
15,65,743.0,12316.0
15,66,436.0,4790.0
16,1,742.0,6512.0
16,2,354.0,2864.0
16,3,452.0,3626.0
16,4,631.0,6199.0
16,5,504.0,3859.0
16,6,545.0,4223.0
16,7,512.0,3948.0
16,8,587.0,5003.0
16,9,343.0,2442.0
16,10,679.0,6485.0
16,11,498.0,4689.0
16,12,529.0,3870.0
16,13,311.0,2225.0
16,14,725.0,6429.0
16,15,1122.0,17613.0
16,16,0.0,0.0
16,17,637.0,5369.0
16,18,469.0,3478.0
16,19,732.0,6804.0
16,20,454.0,3600.0
16,21,538.0,4391.0
16,22,711.0,6351.0
16,23,698.0,7009.0
16,24,419.0,2432.0
16,25,403.0,3149.0
16,26,358.0,2883.0
16,27,735.0,6206.0
16,28,271.0,1806.0
16,29,636.0,5438.0
16,30,793.0,7128.0
16,31,510.0,3956.0
16,32,451.0,3667.0
16,33,790.0,7545.0
16,34,571.0,4495.0
16,35,391.0,2910.0
16,36,840.0,7717.0
16,37,426.0,3544.0
16,38,453.0,3884.0
16,39,722.0,6961.0
16,40,432.0,3094.0
16,41,362.0,2951.0
16,42,430.0,2991.0
16,43,350.0,1812.0
16,44,297.0,1414.0
16,45,539.0,6161.0
16,46,520.0,5073.0
16,47,264.0,1390.0
16,48,320.0,1801.0
16,49,441.0,3440.0
16,50,234.0,1235.0
16,51,404.0,3294.0
16,52,324.0,2440.0
16,53,429.0,3818.0
16,54,410.0,3957.0
16,55,506.0,4960.0
16,56,567.0,5663.0
16,57,474.0,4894.0
16,58,507.0,4874.0
16,59,566.0,5552.0
16,60,544.0,5382.0
16,61,607.0,6432.0
16,62,515.0,4646.0
16,63,503.0,4449.0
16,64,709.0,6537.0
16,65,603.0,5260.0
16,66,912.0,12821.0
17,1,301.0,2519.0
17,2,596.0,5990.0
17,3,562.0,5387.0
17,4,215.0,1857.0
17,5,478.0,3241.0
17,6,386.0,3043.0
17,7,287.0,2539.0
17,8,301.0,2469.0
17,9,369.0,3591.0
17,10,551.0,5549.0
17,11,553.0,6562.0
17,12,488.0,5582.0
17,13,486.0,4865.0
17,14,296.0,2422.0
17,15,686.0,11403.0
17,16,501.0,3794.0
17,17,0.0,0.0
17,18,414.0,3376.0
17,19,222.0,1464.0
17,20,233.0,1705.0
17,21,206.0,1439.0
17,22,384.0,3502.0
17,23,329.0,3119.0
17,24,472.0,4029.0
17,25,479.0,4578.0
17,26,467.0,4645.0
17,27,307.0,2200.0
17,28,464.0,4225.0
17,29,161.0,930.0
17,30,466.0,4278.0
17,31,247.0,2094.0
17,32,425.0,3943.0
17,33,439.0,4972.0
17,34,233.0,1723.0
17,35,578.0,5520.0
17,36,392.0,2662.0
17,37,333.0,2685.0
17,38,278.0,2502.0
17,39,445.0,3859.0
17,40,296.0,2457.0
17,41,408.0,4325.0
17,42,501.0,4810.0
17,43,571.0,5301.0
17,44,528.0,4900.0
17,45,682.0,8814.0
17,46,575.0,6945.0
17,47,530.0,5290.0
17,48,505.0,4708.0
17,49,266.0,2234.0
17,50,533.0,5526.0
17,51,587.0,6135.0
17,52,517.0,5376.0
17,53,624.0,8234.0
17,54,604.0,7899.0
17,55,748.0,8086.0
17,56,809.0,8789.0
17,57,716.0,8020.0
17,58,749.0,8000.0
17,59,808.0,8678.0
17,60,787.0,8508.0
17,61,850.0,9558.0
17,62,611.0,7077.0
17,63,642.0,7516.0
17,64,304.0,2392.0
17,65,209.0,1634.0
17,66,475.0,6612.0
18,1,624.0,5865.0
18,2,531.0,5130.0
18,3,636.0,5950.0
18,4,538.0,5203.0
18,5,107.0,575.0
18,6,215.0,1114.0
18,7,422.0,3394.0
18,8,386.0,2278.0
18,9,214.0,1381.0
18,10,665.0,6406.0
18,11,675.0,6956.0
18,12,628.0,6420.0
18,13,488.0,4492.0
18,14,619.0,5768.0
18,15,1009.0,14749.0
18,16,471.0,3384.0
18,17,427.0,3385.0
18,18,0.0,0.0
18,19,543.0,4810.0
18,20,265.0,1606.0
18,21,349.0,2396.0
18,22,522.0,4357.0
18,23,508.0,5014.0
18,24,546.0,4592.0
18,25,553.0,5141.0
18,26,541.0,5208.0
18,27,630.0,5546.0
18,28,299.0,1988.0
18,29,477.0,3575.0
18,30,605.0,5133.0
18,31,297.0,2193.0
18,32,499.0,4506.0
18,33,601.0,5551.0
18,34,348.0,2640.0
18,35,568.0,5177.0
18,36,713.0,6008.0
18,37,326.0,2724.0
18,38,353.0,3064.0
18,39,632.0,5508.0
18,40,154.0,956.0
18,41,178.0,1451.0
18,42,265.0,1851.0
18,43,388.0,2860.0
18,44,330.0,2457.0
18,45,716.0,8428.0
18,46,697.0,7340.0
18,47,441.0,3656.0
18,48,289.0,2013.0
18,49,334.0,2385.0
18,50,379.0,3205.0
18,51,581.0,5561.0
18,52,501.0,4706.0
18,53,605.0,6085.0
18,54,586.0,6224.0
18,55,683.0,7226.0
18,56,744.0,7929.0
18,57,650.0,7160.0
18,58,684.0,7140.0
18,59,743.0,7818.0
18,60,721.0,7648.0
18,61,784.0,8698.0
18,62,692.0,6913.0
18,63,680.0,6716.0
18,64,520.0,4542.0
18,65,414.0,3265.0
18,66,798.0,9958.0
19,1,321.0,2523.0
19,2,684.0,6714.0
19,3,607.0,7817.0
19,4,235.0,1861.0
19,5,540.0,5187.0
19,6,446.0,3761.0
19,7,376.0,3263.0
19,8,361.0,3187.0
19,9,457.0,4315.0
19,10,582.0,6433.0
19,11,584.0,7446.0
19,12,519.0,6466.0
19,13,574.0,5589.0
19,14,293.0,1779.0
19,15,706.0,11407.0
19,16,590.0,4518.0
19,17,213.0,1464.0
19,18,506.0,4806.0
19,19,0.0,0.0
19,20,373.0,3155.0
19,21,345.0,2889.0
19,22,444.0,4220.0
19,23,396.0,3666.0
19,24,560.0,4753.0
19,25,567.0,5302.0
19,26,555.0,5369.0
19,27,326.0,1557.0
19,28,552.0,4949.0
19,29,249.0,1654.0
19,30,526.0,4996.0
19,31,335.0,2818.0
19,32,513.0,4667.0
19,33,458.0,4329.0
19,34,373.0,3173.0
19,35,666.0,6244.0
19,36,315.0,2006.0
19,37,421.0,3409.0
19,38,366.0,3226.0
19,39,500.0,4766.0
19,40,388.0,3888.0
19,41,496.0,5049.0
19,42,589.0,5534.0
19,43,659.0,6025.0
19,44,616.0,5624.0
19,45,710.0,9744.0
19,46,606.0,7829.0
19,47,618.0,6014.0
19,48,593.0,5432.0
19,49,354.0,2958.0
19,50,621.0,6250.0
19,51,675.0,6859.0
19,52,605.0,6100.0
19,53,712.0,8958.0
19,54,692.0,8623.0
19,55,836.0,8810.0
19,56,897.0,9513.0
19,57,804.0,8744.0
19,58,837.0,8724.0
19,59,896.0,9402.0
19,60,875.0,9232.0
19,61,938.0,10282.0
19,62,642.0,7961.0
19,63,673.0,8400.0
19,64,367.0,3110.0
19,65,269.0,2352.0
19,66,495.0,6616.0
20,1,445.0,4209.0
20,2,582.0,5274.0
20,3,582.0,5328.0
20,4,340.0,2914.0
20,5,294.0,1704.0
20,6,237.0,1551.0
20,7,303.0,2480.0
20,8,279.0,2330.0
20,9,265.0,1525.0
20,10,611.0,5784.0
20,11,632.0,7181.0
20,12,567.0,6201.0
20,13,539.0,4636.0
20,14,440.0,4112.0
20,15,830.0,13093.0
20,16,522.0,3528.0
20,17,213.0,1705.0
20,18,276.0,1611.0
20,19,364.0,3154.0
20,20,0.0,0.0
20,21,201.0,1153.0
20,22,403.0,3679.0
20,23,389.0,4337.0
20,24,492.0,3970.0
20,25,499.0,4519.0
20,26,487.0,4586.0
20,27,451.0,3890.0
20,28,350.0,2132.0
20,29,293.0,1986.0
20,30,485.0,4455.0
20,31,178.0,1273.0
20,32,445.0,3884.0
20,33,482.0,4873.0
20,34,136.0,830.0
20,35,619.0,5321.0
20,36,534.0,4352.0
20,37,314.0,2497.0
20,38,298.0,2443.0
20,39,513.0,4594.0
20,40,158.0,693.0
20,41,298.0,2232.0
20,42,406.0,2690.0
20,43,456.0,3208.0
20,44,413.0,2807.0
20,45,702.0,8755.0
20,46,654.0,7564.0
20,47,492.0,3800.0
20,48,391.0,2615.0
20,49,213.0,1470.0
20,50,430.0,3349.0
20,51,632.0,5705.0
20,52,552.0,4850.0
20,53,656.0,6229.0
20,54,637.0,6368.0
20,55,734.0,7370.0
20,56,795.0,8073.0
20,57,701.0,7304.0
20,58,735.0,7284.0
20,59,794.0,7962.0
20,60,772.0,7792.0
20,61,835.0,8842.0
20,62,690.0,7696.0
20,63,731.0,6860.0
20,64,401.0,3864.0
20,65,295.0,2587.0
20,66,619.0,8302.0
21,1,444.0,3943.0
21,2,642.0,6065.0
21,3,714.0,6497.0
21,4,358.0,3281.0
21,5,370.0,2783.0
21,6,281.0,1344.0
21,7,409.0,3222.0
21,8,258.0,1870.0
21,9,326.0,2316.0
21,10,698.0,6630.0
21,11,700.0,7643.0
21,12,635.0,6663.0
21,13,599.0,5426.0
21,14,439.0,3846.0
21,15,829.0,12827.0
21,16,582.0,4318.0
21,17,212.0,1439.0
21,18,336.0,2402.0
21,19,363.0,2888.0
21,20,206.0,1153.0
21,21,0.0,0.0
21,22,382.0,3218.0
21,23,368.0,3876.0
21,24,598.0,4712.0
21,25,632.0,5689.0
21,26,619.0,5755.0
21,27,450.0,3624.0
21,28,410.0,2923.0
21,29,361.0,2448.0
21,30,464.0,3995.0
21,31,284.0,2015.0
21,32,577.0,5053.0
21,33,461.0,4412.0
21,34,241.0,1572.0
21,35,679.0,6111.0
21,36,533.0,4086.0
21,37,437.0,3659.0
21,38,404.0,3185.0
21,39,591.0,4939.0
21,40,218.0,1483.0
21,41,358.0,3023.0
21,42,467.0,3481.0
21,43,517.0,3999.0
21,44,474.0,3598.0
21,45,826.0,9941.0
21,46,722.0,8026.0
21,47,552.0,4591.0
21,48,451.0,3406.0
21,49,319.0,2212.0
21,50,490.0,4139.0
21,51,692.0,6495.0
21,52,612.0,5640.0
21,53,717.0,7019.0
21,54,698.0,7158.0
21,55,794.0,8160.0
21,56,855.0,8864.0
21,57,762.0,8095.0
21,58,795.0,8075.0
21,59,854.0,8753.0
21,60,832.0,8583.0
21,61,895.0,9632.0
21,62,758.0,8158.0
21,63,791.0,7650.0
21,64,380.0,3404.0
21,65,274.0,2127.0
21,66,618.0,8036.0
22,1,534.0,5301.0
22,2,781.0,8042.0
22,3,820.0,10595.0
22,4,448.0,4639.0
22,5,508.0,4760.0
22,6,414.0,3333.0
22,7,587.0,5889.0
22,8,329.0,2759.0
22,9,464.0,4293.0
22,10,795.0,9211.0
22,11,797.0,10224.0
22,12,732.0,9244.0
22,13,738.0,7403.0
22,14,529.0,5204.0
22,15,919.0,14185.0
22,16,720.0,6296.0
22,17,393.0,3509.0
22,18,474.0,4379.0
22,19,452.0,4246.0
22,20,404.0,3687.0
22,21,405.0,3235.0
22,22,0.0,0.0
22,23,288.0,2689.0
22,24,777.0,7523.0
22,25,784.0,8072.0
22,26,772.0,8139.0
22,27,486.0,5303.0
22,28,548.0,4900.0
22,29,464.0,4432.0
22,30,384.0,2808.0
22,31,547.0,5105.0
22,32,730.0,7437.0
22,33,381.0,3226.0
22,34,494.0,4359.0
22,35,818.0,8088.0
22,36,532.0,5061.0
22,37,576.0,5636.0
22,38,603.0,5976.0
22,39,713.0,7544.0
22,40,357.0,3461.0
22,41,497.0,5000.0
22,42,605.0,5458.0
22,43,655.0,5976.0
22,44,612.0,5575.0
22,45,923.0,12522.0
22,46,819.0,10607.0
22,47,690.0,6568.0
22,48,590.0,5383.0
22,49,569.0,5736.0
22,50,629.0,6117.0
22,51,831.0,8472.0
22,52,750.0,7618.0
22,53,855.0,8997.0
22,54,836.0,9136.0
22,55,933.0,10138.0
22,56,993.0,10841.0
22,57,900.0,10072.0
22,58,933.0,10052.0
22,59,992.0,10730.0
22,60,971.0,10560.0
22,61,1034.0,11610.0
22,62,855.0,10739.0
22,63,930.0,9627.0
22,64,300.0,2217.0
22,65,292.0,1931.0
22,66,708.0,9394.0
23,1,363.0,4550.0
23,2,721.0,8750.0
23,3,687.0,8147.0
23,4,277.0,3888.0
23,5,494.0,5402.0
23,6,400.0,3975.0
23,7,407.0,5155.0
23,8,315.0,3401.0
23,9,450.0,4935.0
23,10,623.0,8460.0
23,11,625.0,9473.0
23,12,560.0,8493.0
23,13,611.0,7625.0
23,14,316.0,3636.0
23,15,665.0,11113.0
23,16,638.0,7364.0
23,17,312.0,3109.0
23,18,460.0,5021.0
23,19,285.0,3646.0
23,20,396.0,3916.0
23,21,369.0,3650.0
23,22,286.0,2672.0
23,23,0.0,0.0
23,24,596.0,6789.0
23,25,604.0,7338.0
23,26,592.0,7405.0
23,27,197.0,2613.0
23,28,534.0,5542.0
23,29,345.0,4425.0
23,30,201.0,1683.0
23,31,438.0,5624.0
23,32,550.0,6703.0
23,33,180.0,1417.0
23,34,396.0,3934.0
23,35,703.0,8280.0
23,36,243.0,2371.0
23,37,531.0,6213.0
23,38,465.0,5570.0
23,39,542.0,6793.0
23,40,342.0,4102.0
23,41,482.0,5642.0
23,42,591.0,6100.0
23,43,641.0,6618.0
23,44,598.0,6217.0
23,45,751.0,11771.0
23,46,647.0,9856.0
23,47,676.0,7210.0
23,48,575.0,6025.0
23,49,457.0,5764.0
23,50,614.0,6758.0
23,51,712.0,8895.0
23,52,642.0,8136.0
23,53,748.0,10994.0
23,54,728.0,10659.0
23,55,873.0,10846.0
23,56,934.0,11549.0
23,57,841.0,10780.0
23,58,874.0,10760.0
23,59,933.0,11438.0
23,60,912.0,11268.0
23,61,975.0,12318.0
23,62,683.0,9988.0
23,63,714.0,10426.0
23,64,157.0,1492.0
23,65,248.0,2443.0
23,66,448.0,6321.0
24,1,513.0,4634.0
24,2,376.0,3091.0
24,3,226.0,1488.0
24,4,380.0,3730.0
24,5,574.0,5143.0
24,6,621.0,5447.0
24,7,287.0,2491.0
24,8,663.0,6226.0
24,9,395.0,3441.0
24,10,428.0,4016.0
24,11,351.0,3400.0
24,12,266.0,2050.0
24,13,151.0,966.0
24,14,500.0,4971.0
24,15,863.0,14319.0
24,16,274.0,1625.0
24,17,480.0,4099.0
24,18,539.0,4761.0
24,19,524.0,5000.0
24,20,530.0,4824.0
24,21,614.0,5615.0
24,22,746.0,7614.0
24,23,580.0,6858.0
24,24,0.0,0.0
24,25,83.0,322.0
24,26,131.0,746.0
24,27,510.0,4748.0
24,28,410.0,3779.0
24,29,388.0,3342.0
24,30,781.0,8542.0
24,31,391.0,3041.0
24,32,200.0,1198.0
24,33,643.0,7521.0
24,34,496.0,4020.0
24,35,243.0,1622.0
24,36,615.0,6259.0
24,37,292.0,2216.0
24,38,260.0,1707.0
24,39,471.0,4492.0
24,40,507.0,4317.0
24,41,435.0,4175.0
24,42,508.0,4046.0
24,43,377.0,3250.0
24,44,435.0,3656.0
24,45,476.0,5891.0
24,46,372.0,3784.0
24,47,319.0,2407.0
24,48,459.0,3774.0
24,49,343.0,2652.0
24,50,322.0,2643.0
24,51,367.0,3235.0
24,52,297.0,2476.0
24,53,445.0,3715.0
24,54,432.0,4185.0
24,55,528.0,5187.0
24,56,589.0,5890.0
24,57,496.0,5121.0
24,58,529.0,5101.0
24,59,588.0,5779.0
24,60,567.0,5609.0
24,61,630.0,6659.0
24,62,367.0,3358.0
24,63,355.0,3160.0
24,64,668.0,6504.0
24,65,571.0,5747.0
24,66,653.0,9527.0
25,1,498.0,4564.0
25,2,361.0,3021.0
25,3,211.0,1418.0
25,4,365.0,3660.0
25,5,580.0,5181.0
25,6,627.0,5485.0
25,7,293.0,2529.0
25,8,669.0,6264.0
25,9,401.0,3479.0
25,10,413.0,3946.0
25,11,336.0,3330.0
25,12,251.0,1980.0
25,13,136.0,896.0
25,14,506.0,5009.0
25,15,848.0,14249.0
25,16,280.0,1663.0
25,17,486.0,4137.0
25,18,545.0,4799.0
25,19,530.0,5038.0
25,20,536.0,4862.0
25,21,620.0,5653.0
25,22,752.0,7652.0
25,23,586.0,6896.0
25,24,74.0,315.0
25,25,0.0,0.0
25,26,116.0,676.0
25,27,516.0,4786.0
25,28,395.0,3709.0
25,29,394.0,3380.0
25,30,787.0,8580.0
25,31,397.0,3079.0
25,32,185.0,1128.0
25,33,649.0,7559.0
25,34,502.0,4058.0
25,35,228.0,1552.0
25,36,621.0,6297.0
25,37,298.0,2254.0
25,38,266.0,1745.0
25,39,456.0,4422.0
25,40,513.0,4355.0
25,41,441.0,4213.0
25,42,514.0,4084.0
25,43,362.0,3180.0
25,44,420.0,3586.0
25,45,461.0,5821.0
25,46,357.0,3714.0
25,47,304.0,2337.0
25,48,444.0,3704.0
25,49,349.0,2690.0
25,50,307.0,2573.0
25,51,352.0,3165.0
25,52,282.0,2406.0
25,53,430.0,3645.0
25,54,417.0,4115.0
25,55,513.0,5117.0
25,56,574.0,5820.0
25,57,481.0,5051.0
25,58,514.0,5031.0
25,59,573.0,5709.0
25,60,552.0,5539.0
25,61,615.0,6589.0
25,62,352.0,3288.0
25,63,340.0,3090.0
25,64,674.0,6542.0
25,65,577.0,5785.0
25,66,638.0,9457.0
26,1,461.0,4620.0
26,2,326.0,2764.0
26,3,95.0,742.0
26,4,328.0,3716.0
26,5,583.0,5682.0
26,6,634.0,5869.0
26,7,296.0,3030.0
26,8,676.0,6648.0
26,9,404.0,3980.0
26,10,376.0,4002.0
26,11,279.0,2658.0
26,12,214.0,2036.0
26,13,101.0,640.0
26,14,514.0,5515.0
26,15,811.0,14305.0
26,16,282.0,2154.0
26,17,490.0,4660.0
26,18,548.0,5300.0
26,19,538.0,5544.0
26,20,524.0,4897.0
26,21,627.0,6037.0
26,22,760.0,8158.0
26,23,594.0,7402.0
26,24,125.0,736.0
26,25,100.0,666.0
26,26,0.0,0.0
26,27,525.0,5293.0
26,28,360.0,3452.0
26,29,398.0,3904.0
26,30,795.0,9086.0
26,31,404.0,3863.0
26,32,148.0,1183.0
26,33,657.0,8065.0
26,34,507.0,4915.0
26,35,152.0,879.0
26,36,629.0,6803.0
26,37,299.0,2776.0
26,38,266.0,2267.0
26,39,419.0,4478.0
26,40,520.0,4739.0
26,41,444.0,4714.0
26,42,515.0,4606.0
26,43,327.0,2923.0
26,44,385.0,3329.0
26,45,411.0,4948.0
26,46,300.0,3042.0
26,47,269.0,2080.0
26,48,409.0,3447.0
26,49,352.0,3191.0
26,50,272.0,2316.0
26,51,317.0,2908.0
26,52,247.0,2149.0
26,53,395.0,3388.0
26,54,382.0,3858.0
26,55,478.0,4860.0
26,56,539.0,5563.0
26,57,446.0,4794.0
26,58,479.0,4774.0
26,59,538.0,5452.0
26,60,517.0,5282.0
26,61,580.0,6332.0
26,62,295.0,2615.0
26,63,283.0,2417.0
26,64,682.0,7048.0
26,65,585.0,6291.0
26,66,601.0,9513.0
27,1,279.0,2443.0
27,2,636.0,6643.0
27,3,602.0,6041.0
27,4,193.0,1781.0
27,5,559.0,5887.0
27,6,465.0,4461.0
27,7,323.0,3048.0
27,8,380.0,3887.0
27,9,483.0,5013.0
27,10,539.0,6353.0
27,11,541.0,7366.0
27,12,476.0,6386.0
27,13,526.0,5519.0
27,14,231.0,1530.0
27,15,664.0,11327.0
27,16,554.0,5257.0
27,17,231.0,2164.0
27,18,525.0,5506.0
27,19,200.0,1540.0
27,20,392.0,3855.0
27,21,364.0,3589.0
27,22,463.0,4920.0
27,23,270.0,2631.0
27,24,512.0,4682.0
27,25,519.0,5232.0
27,26,507.0,5299.0
27,27,0.0,0.0
27,28,578.0,5647.0
27,29,261.0,2318.0
27,30,471.0,4315.0
27,31,353.0,3518.0
27,32,465.0,4597.0
27,33,332.0,3295.0
27,34,392.0,3873.0
27,35,618.0,6174.0
27,36,304.0,2032.0
27,37,447.0,4107.0
27,38,381.0,3464.0
27,39,458.0,4686.0
27,40,407.0,4588.0
27,41,522.0,5747.0
27,42,614.0,6232.0
27,43,627.0,6786.0
27,44,642.0,6322.0
27,45,667.0,9664.0
27,46,563.0,7749.0
27,47,570.0,5943.0
27,48,619.0,6130.0
27,49,372.0,3658.0
27,50,573.0,6179.0
27,51,627.0,6788.0
27,52,557.0,6029.0
27,53,664.0,8887.0
27,54,644.0,8552.0
27,55,788.0,8739.0
27,56,849.0,9442.0
27,57,756.0,8673.0
27,58,789.0,8653.0
27,59,848.0,9331.0
27,60,827.0,9161.0
27,61,890.0,10211.0
27,62,599.0,7881.0
27,63,630.0,8320.0
27,64,380.0,3584.0
27,65,289.0,3052.0
27,66,453.0,6536.0
28,1,547.0,5747.0
28,2,431.0,3807.0
28,3,476.0,4510.0
28,4,436.0,4630.0
28,5,260.0,2158.0
28,6,301.0,2523.0
28,7,318.0,3183.0
28,8,343.0,3302.0
28,9,99.0,741.0
28,10,505.0,4967.0
28,11,533.0,5962.0
28,12,468.0,4981.0
28,13,400.0,3988.0
28,14,530.0,5664.0
28,15,932.0,14631.0
28,16,360.0,2907.0
28,17,393.0,3668.0
28,18,225.0,1777.0
28,19,489.0,5104.0
28,20,210.0,1900.0
28,21,294.0,2690.0
28,22,467.0,4650.0
28,23,454.0,5308.0
28,24,393.0,3133.0
28,25,393.0,3701.0
28,26,381.0,3768.0
28,27,540.0,5441.0
28,28,0.0,0.0
28,29,392.0,3738.0
28,30,550.0,5427.0
28,31,266.0,2255.0
28,32,339.0,3066.0
28,33,547.0,5845.0
28,34,327.0,2795.0
28,35,468.0,3853.0
28,36,645.0,6952.0
28,37,182.0,1844.0
28,38,209.0,2184.0
28,39,528.0,5298.0
28,40,188.0,1393.0
28,41,118.0,1251.0
28,42,186.0,1290.0
28,43,311.0,2299.0
28,44,252.0,1896.0
28,45,603.0,7918.0
28,46,555.0,6345.0
28,47,340.0,2333.0
28,48,212.0,1452.0
28,49,197.0,1740.0
28,50,279.0,1881.0
28,51,481.0,4237.0
28,52,400.0,3382.0
28,53,505.0,4761.0
28,54,486.0,4900.0
28,55,583.0,5902.0
28,56,643.0,6606.0
28,57,550.0,5837.0
28,58,583.0,5817.0
28,59,642.0,6495.0
28,60,621.0,6325.0
28,61,684.0,7374.0
28,62,591.0,6476.0
28,63,580.0,5392.0
28,64,465.0,4836.0
28,65,360.0,3559.0
28,66,721.0,9840.0
29,1,304.0,2378.0
29,2,575.0,5570.0
29,3,541.0,4967.0
29,4,208.0,1279.0
29,5,480.0,3808.0
29,6,453.0,3806.0
29,7,266.0,2120.0
29,8,368.0,3232.0
29,9,348.0,3172.0
29,10,530.0,5130.0
29,11,532.0,6143.0
29,12,467.0,5163.0
29,13,465.0,4445.0
29,14,287.0,2295.0
29,15,689.0,11262.0
29,16,480.0,3375.0
29,17,154.0,769.0
29,18,445.0,3427.0
29,19,228.0,1493.0
29,20,277.0,1826.0
29,21,341.0,2288.0
29,22,451.0,4265.0
29,23,368.0,4182.0
29,24,451.0,3609.0
29,25,458.0,4158.0
29,26,446.0,4225.0
29,27,298.0,2073.0
29,28,443.0,3806.0
29,29,0.0,0.0
29,30,533.0,5041.0
29,31,225.0,1675.0
29,32,404.0,3523.0
29,33,430.0,4845.0
29,34,272.0,2035.0
29,35,557.0,5100.0
29,36,398.0,2691.0
29,37,312.0,2266.0
29,38,257.0,2082.0
29,39,424.0,3440.0
29,40,340.0,2577.0
29,41,387.0,3906.0
29,42,480.0,4391.0
29,43,550.0,4882.0
29,44,507.0,4481.0
29,45,661.0,8394.0
29,46,554.0,6526.0
29,47,509.0,4870.0
29,48,484.0,4289.0
29,49,245.0,1815.0
29,50,512.0,5106.0
29,51,566.0,5715.0
29,52,496.0,4956.0
29,53,603.0,7814.0
29,54,583.0,7479.0
29,55,727.0,7666.0
29,56,788.0,8369.0
29,57,695.0,7600.0
29,58,728.0,7580.0
29,59,787.0,8258.0
29,60,766.0,8088.0
29,61,829.0,9138.0
29,62,590.0,6658.0
29,63,621.0,7097.0
29,64,373.0,3155.0
29,65,276.0,2397.0
29,66,478.0,6471.0
30,1,591.0,6061.0
30,2,837.0,8802.0
30,3,877.0,11355.0
30,4,505.0,5399.0
30,5,565.0,5520.0
30,6,471.0,4094.0
30,7,644.0,6649.0
30,8,386.0,3520.0
30,9,521.0,5054.0
30,10,852.0,9971.0
30,11,854.0,10984.0
30,12,789.0,10004.0
30,13,794.0,8164.0
30,14,580.0,5320.0
30,15,929.0,12797.0
30,16,777.0,7056.0
30,17,450.0,4269.0
30,18,531.0,5139.0
30,19,509.0,5006.0
30,20,461.0,4448.0
30,21,461.0,3996.0
30,22,357.0,2791.0
30,23,263.0,1683.0
30,24,834.0,8283.0
30,25,841.0,8832.0
30,26,829.0,8899.0
30,27,461.0,4297.0
30,28,605.0,5661.0
30,29,521.0,5192.0
30,30,0.0,0.0
30,31,603.0,5866.0
30,32,787.0,8197.0
30,33,356.0,2220.0
30,34,551.0,5120.0
30,35,874.0,8849.0
30,36,507.0,4055.0
30,37,632.0,6397.0
30,38,659.0,6737.0
30,39,770.0,8304.0
30,40,413.0,4221.0
30,41,553.0,5761.0
30,42,662.0,6218.0
30,43,712.0,6737.0
30,44,669.0,6336.0
30,45,980.0,13282.0
30,46,876.0,11367.0
30,47,747.0,7328.0
30,48,646.0,6144.0
30,49,626.0,6496.0
30,50,685.0,6877.0
30,51,887.0,9233.0
30,52,807.0,8378.0
30,53,912.0,9757.0
30,54,893.0,9896.0
30,55,989.0,10898.0
30,56,1050.0,11601.0
30,57,957.0,10833.0
30,58,990.0,10812.0
30,59,1049.0,11490.0
30,60,1028.0,11320.0
30,61,1091.0,12370.0
30,62,912.0,11499.0
30,63,986.0,10388.0
30,64,329.0,2157.0
30,65,355.0,2692.0
30,66,712.0,8005.0
31,1,423.0,3767.0
31,2,519.0,5040.0
31,3,485.0,4437.0
31,4,304.0,2658.0
31,5,326.0,2355.0
31,6,361.0,2424.0
31,7,210.0,1589.0
31,8,409.0,3499.0
31,9,235.0,1632.0
31,10,514.0,4893.0
31,11,542.0,5888.0
31,12,477.0,4907.0
31,13,409.0,3915.0
31,14,405.0,3691.0
31,15,808.0,12651.0
31,16,424.0,2844.0
31,17,270.0,1988.0
31,18,291.0,1974.0
31,19,344.0,2712.0
31,20,172.0,1041.0
31,21,275.0,1783.0
31,22,533.0,4847.0
31,23,457.0,4156.0
31,24,395.0,3079.0
31,25,402.0,3628.0
31,26,390.0,3695.0
31,27,416.0,3468.0
31,28,330.0,2266.0
31,29,251.0,1729.0
31,30,616.0,5624.0
31,31,0.0,0.0
31,32,348.0,2993.0
31,33,548.0,6241.0
31,34,155.0,1059.0
31,35,501.0,4570.0
31,36,514.0,3910.0
31,37,256.0,1735.0
31,38,201.0,1552.0
31,39,420.0,3703.0
31,40,254.0,1590.0
31,41,275.0,2365.0
31,42,367.0,2851.0
31,43,437.0,3342.0
31,44,394.0,2941.0
31,45,605.0,7864.0
31,46,564.0,6271.0
31,47,453.0,4340.0
31,48,371.0,2749.0
31,49,148.0,809.0
31,50,410.0,3483.0
31,51,510.0,5185.0
31,52,440.0,4426.0
31,53,547.0,7284.0
31,54,527.0,6949.0
31,55,671.0,7136.0
31,56,732.0,7839.0
31,57,639.0,7070.0
31,58,672.0,7050.0
31,59,731.0,7728.0
31,60,710.0,7558.0
31,61,773.0,8608.0
31,62,600.0,6402.0
31,63,613.0,6108.0
31,64,432.0,3428.0
31,65,337.0,2670.0
31,66,597.0,7860.0
32,1,454.0,3928.0
32,2,403.0,3538.0
32,3,253.0,1936.0
32,4,321.0,3024.0
32,5,576.0,4990.0
32,6,623.0,5294.0
32,7,289.0,2338.0
32,8,665.0,6073.0
32,9,397.0,3288.0
32,10,369.0,3310.0
32,11,338.0,3557.0
32,12,253.0,2013.0
32,13,178.0,1414.0
32,14,506.0,4823.0
32,15,830.0,13650.0
32,16,311.0,2107.0
32,17,482.0,3968.0
32,18,541.0,4608.0
32,19,530.0,4852.0
32,20,517.0,4206.0
32,21,616.0,5462.0
32,22,752.0,7466.0
32,23,586.0,6710.0
32,24,196.0,1198.0
32,25,171.0,1128.0
32,26,158.0,1194.0
32,27,517.0,4601.0
32,28,437.0,4226.0
32,29,390.0,3212.0
32,30,787.0,8394.0
32,31,397.0,3172.0
32,32,0.0,0.0
32,33,649.0,7373.0
32,34,500.0,4224.0
32,35,269.0,2070.0
32,36,621.0,6111.0
32,37,292.0,2084.0
32,38,259.0,1575.0
32,39,412.0,3786.0
32,40,509.0,4164.0
32,41,437.0,4022.0
32,42,508.0,3914.0
32,43,404.0,3697.0
32,44,462.0,4103.0
32,45,464.0,5854.0
32,46,360.0,3940.0
32,47,346.0,2854.0
32,48,486.0,4221.0
32,49,345.0,2499.0
32,50,349.0,3090.0
32,51,394.0,3682.0
32,52,324.0,2923.0
32,53,423.0,5717.0
32,54,403.0,5382.0
32,55,555.0,5634.0
32,56,616.0,6337.0
32,57,523.0,5568.0
32,58,556.0,5548.0
32,59,615.0,6226.0
32,60,594.0,6056.0
32,61,657.0,7106.0
32,62,393.0,3806.0
32,63,381.0,3608.0
32,64,674.0,6356.0
32,65,577.0,5599.0
32,66,620.0,8858.0
33,1,428.0,5208.0
33,2,786.0,9408.0
33,3,752.0,8806.0
33,4,342.0,4546.0
33,5,614.0,6003.0
33,6,521.0,4577.0
33,7,472.0,5813.0
33,8,436.0,4003.0
33,9,570.0,5537.0
33,10,688.0,9118.0
33,11,690.0,10131.0
33,12,625.0,9151.0
33,13,676.0,8284.0
33,14,381.0,4295.0
33,15,731.0,11771.0
33,16,704.0,8022.0
33,17,381.0,4928.0
33,18,580.0,5622.0
33,19,350.0,4305.0
33,20,510.0,4930.0
33,21,511.0,4479.0
33,22,407.0,3274.0
33,23,187.0,1398.0
33,24,662.0,7447.0
33,25,669.0,7997.0
33,26,657.0,8064.0
33,27,262.0,3271.0
33,28,655.0,6144.0
33,29,410.0,5083.0
33,30,322.0,2285.0
33,31,503.0,6282.0
33,32,615.0,7362.0
33,33,0.0,0.0
33,34,535.0,4792.0
33,35,768.0,8939.0
33,36,309.0,3030.0
33,37,597.0,6872.0
33,38,531.0,6229.0
33,39,607.0,7451.0
33,40,463.0,4704.0
33,41,603.0,6243.0
33,42,711.0,6701.0
33,43,761.0,7220.0
33,44,718.0,6819.0
33,45,816.0,12429.0
33,46,712.0,10514.0
33,47,720.0,8708.0
33,48,696.0,6627.0
33,49,522.0,6422.0
33,50,735.0,7360.0
33,51,777.0,9553.0
33,52,707.0,8794.0
33,53,814.0,11652.0
33,54,794.0,11317.0
33,55,938.0,11504.0
33,56,999.0,12207.0
33,57,906.0,11438.0
33,58,939.0,11418.0
33,59,998.0,12096.0
33,60,977.0,11926.0
33,61,1040.0,12976.0
33,62,748.0,10646.0
33,63,779.0,11084.0
33,64,296.0,2350.0
33,65,386.0,3301.0
33,66,514.0,6979.0
34,1,451.0,4227.0
34,2,655.0,6169.0
34,3,594.0,5289.0
34,4,346.0,2932.0
34,5,388.0,2366.0
34,6,332.0,2213.0
34,7,315.0,2498.0
34,8,380.0,2993.0
34,9,312.0,2310.0
34,10,623.0,5745.0
34,11,638.0,7199.0
34,12,573.0,6219.0
34,13,518.0,4767.0
34,14,446.0,4130.0
34,15,836.0,13111.0
34,16,533.0,3697.0
34,17,220.0,1723.0
34,18,349.0,2506.0
34,19,370.0,3172.0
34,20,143.0,830.0
34,21,243.0,1572.0
34,22,480.0,4327.0
34,23,425.0,3945.0
34,24,504.0,3931.0
34,25,511.0,4480.0
34,26,499.0,4547.0
34,27,457.0,3908.0
34,28,423.0,3027.0
34,29,301.0,2195.0
34,30,562.0,5103.0
34,31,205.0,1411.0
34,32,457.0,3845.0
34,33,558.0,4802.0
34,34,0.0,0.0
34,35,610.0,5422.0
34,36,540.0,4370.0
34,37,326.0,2515.0
34,38,310.0,2404.0
34,39,529.0,4495.0
34,40,231.0,1588.0
34,41,371.0,3127.0
34,42,479.0,3585.0
34,43,530.0,4103.0
34,44,487.0,3702.0
34,45,714.0,8716.0
34,46,660.0,7582.0
34,47,565.0,4695.0
34,48,464.0,3510.0
34,49,225.0,1488.0
34,50,503.0,4244.0
34,51,619.0,6037.0
34,52,549.0,5278.0
34,53,656.0,8136.0
34,54,636.0,7801.0
34,55,807.0,8265.0
34,56,868.0,8968.0
34,57,775.0,8199.0
34,58,808.0,8179.0
34,59,867.0,8857.0
34,60,845.0,8687.0
34,61,908.0,9737.0
34,62,696.0,7714.0
34,63,722.0,6960.0
34,64,400.0,3217.0
34,65,305.0,2459.0
34,66,625.0,8320.0
35,1,563.0,5477.0
35,2,338.0,2820.0
35,3,205.0,1216.0
35,4,430.0,4573.0
35,5,605.0,5560.0
35,6,646.0,5925.0
35,7,379.0,3894.0
35,8,688.0,6704.0
35,9,444.0,4144.0
35,10,420.0,4856.0
35,11,242.0,2293.0
35,12,315.0,2078.0
35,13,163.0,1114.0
35,14,592.0,6374.0
35,15,866.0,15217.0
35,16,366.0,3028.0
35,17,591.0,5517.0
35,18,570.0,5179.0
35,19,616.0,6403.0
35,20,554.0,5302.0
35,21,639.0,6093.0
35,22,812.0,8053.0
35,23,672.0,8261.0
35,24,227.0,1593.0
35,25,202.0,1523.0
35,26,146.0,879.0
35,27,602.0,6151.0
35,28,372.0,3508.0
35,29,499.0,4761.0
35,30,894.0,8830.0
35,31,506.0,4721.0
35,32,250.0,2041.0
35,33,735.0,8924.0
35,34,609.0,5773.0
35,35,0.0,0.0
35,36,707.0,7662.0
35,37,400.0,3633.0
35,38,367.0,3124.0
35,39,447.0,5622.0
35,40,532.0,4795.0
35,41,463.0,4653.0
35,42,531.0,4692.0
35,43,339.0,2979.0
35,44,397.0,3385.0
35,45,375.0,4583.0
35,46,264.0,2677.0
35,47,282.0,2136.0
35,48,421.0,3503.0
35,49,435.0,4055.0
35,50,284.0,2372.0
35,51,329.0,2964.0
35,52,259.0,2205.0
35,53,377.0,4691.0
35,54,357.0,4356.0
35,55,490.0,4916.0
35,56,551.0,5619.0
35,57,458.0,4850.0
35,58,491.0,4830.0
35,59,550.0,5508.0
35,60,529.0,5338.0
35,61,592.0,6388.0
35,62,259.0,2250.0
35,63,247.0,2052.0
35,64,810.0,8239.0
35,65,663.0,7150.0
35,66,656.0,10425.0
36,1,422.0,3945.0
36,2,780.0,8145.0
36,3,746.0,7542.0
36,4,336.0,3283.0
36,5,694.0,6385.0
36,6,600.0,4959.0
36,7,466.0,4550.0
36,8,515.0,4385.0
36,9,611.0,5513.0
36,10,682.0,7855.0
36,11,684.0,8868.0
36,12,619.0,7888.0
36,13,670.0,7020.0
36,14,375.0,3031.0
36,15,721.0,10515.0
36,16,698.0,6759.0
36,17,367.0,2662.0
36,18,660.0,6004.0
36,19,276.0,2006.0
36,20,527.0,4353.0
36,21,499.0,4087.0
36,22,569.0,5118.0
36,23,283.0,2445.0
36,24,655.0,6184.0
36,25,663.0,6733.0
36,26,651.0,6800.0
36,27,256.0,2008.0
36,28,706.0,6147.0
36,29,403.0,2852.0
36,30,484.0,4129.0
36,31,489.0,4016.0
36,32,609.0,6098.0
36,33,345.0,3108.0
36,34,527.0,4371.0
36,35,762.0,7675.0
36,36,0.0,0.0
36,37,575.0,4607.0
36,38,525.0,4966.0
36,39,615.0,6077.0
36,40,542.0,5086.0
36,41,650.0,6247.0
36,42,743.0,6732.0
36,43,771.0,8288.0
36,44,770.0,6822.0
36,45,810.0,11166.0
36,46,706.0,9251.0
36,47,714.0,7445.0
36,48,747.0,6630.0
36,49,508.0,4156.0
36,50,717.0,7681.0
36,51,771.0,8290.0
36,52,701.0,7531.0
36,53,808.0,10389.0
36,54,788.0,10054.0
36,55,932.0,10241.0
36,56,993.0,10944.0
36,57,900.0,10175.0
36,58,933.0,10155.0
36,59,992.0,10833.0
36,60,971.0,10663.0
36,61,1034.0,11713.0
36,62,742.0,9383.0
36,63,773.0,9821.0
36,64,390.0,2523.0
36,65,423.0,3550.0
36,66,503.0,5724.0
37,1,474.0,4453.0
37,2,453.0,4379.0
37,3,414.0,3480.0
37,4,363.0,3336.0
37,5,413.0,3180.0
37,6,450.0,3613.0
37,7,245.0,1889.0
37,8,492.0,4392.0
37,9,235.0,1478.0
37,10,443.0,3936.0
37,11,472.0,4931.0
37,12,407.0,3950.0
37,13,338.0,2958.0
37,14,457.0,4370.0
37,15,859.0,13337.0
37,16,298.0,1876.0
37,17,337.0,2703.0
37,18,378.0,2798.0
37,19,411.0,3427.0
37,20,359.0,2990.0
37,21,443.0,3780.0
37,22,616.0,5741.0
37,23,537.0,6257.0
37,24,329.0,2418.0
37,25,331.0,2671.0
37,26,319.0,2738.0
37,27,467.0,4147.0
37,28,252.0,1800.0
37,29,318.0,2444.0
37,30,699.0,6517.0
37,31,232.0,1227.0
37,32,277.0,2036.0
37,33,600.0,6920.0
37,34,318.0,2284.0
37,35,430.0,3613.0
37,36,572.0,5658.0
37,37,0.0,0.0
37,38,135.0,890.0
37,39,455.0,4004.0
37,40,337.0,2483.0
37,41,274.0,2212.0
37,42,324.0,2380.0
37,43,382.0,2898.0
37,44,339.0,2497.0
37,45,539.0,7203.0
37,46,494.0,5314.0
37,47,387.0,3679.0
37,48,316.0,2305.0
37,49,156.0,689.0
37,50,355.0,3039.0
37,51,444.0,4524.0
37,52,374.0,3765.0
37,53,481.0,6623.0
37,54,461.0,6288.0
37,55,605.0,6475.0
37,56,666.0,7178.0
37,57,573.0,6409.0
37,58,606.0,6389.0
37,59,665.0,7067.0
37,60,644.0,6897.0
37,61,707.0,7947.0
37,62,530.0,5445.0
37,63,542.0,5151.0
37,64,556.0,5089.0
37,65,459.0,4331.0
37,66,648.0,8546.0
38,1,397.0,3809.0
38,2,376.0,3735.0
38,3,342.0,3132.0
38,4,286.0,2692.0
38,5,377.0,3465.0
38,6,423.0,3769.0
38,7,168.0,1245.0
38,8,465.0,4548.0
38,9,198.0,1763.0
38,10,371.0,3588.0
38,11,399.0,4583.0
38,12,334.0,3602.0
38,13,266.0,2610.0
38,14,380.0,3726.0
38,15,782.0,12693.0
38,16,274.0,1781.0
38,17,291.0,2433.0
38,18,342.0,3083.0
38,19,365.0,3157.0
38,20,332.0,3146.0
38,21,416.0,3937.0
38,22,589.0,5897.0
38,23,460.0,5613.0
38,24,252.0,1774.0
38,25,259.0,2323.0
38,26,247.0,2390.0
38,27,390.0,3503.0
38,28,293.0,2397.0
38,29,268.0,2097.0
38,30,661.0,7297.0
38,31,191.0,1364.0
38,32,205.0,1688.0
38,33,523.0,6276.0
38,34,296.0,2342.0
38,35,358.0,3265.0
38,36,495.0,5014.0
38,37,141.0,971.0
38,38,0.0,0.0
38,39,378.0,3360.0
38,40,309.0,2639.0
38,41,238.0,2497.0
38,42,330.0,2982.0
38,43,367.0,3878.0
38,44,357.0,3072.0
38,45,462.0,6559.0
38,46,421.0,4966.0
38,47,310.0,3035.0
38,48,334.0,2880.0
38,49,146.0,974.0
38,50,313.0,3271.0
38,51,367.0,3880.0
38,52,297.0,3121.0
38,53,404.0,5979.0
38,54,384.0,5644.0
38,55,528.0,5831.0
38,56,589.0,6534.0
38,57,496.0,5765.0
38,58,529.0,5745.0
38,59,588.0,6423.0
38,60,567.0,6253.0
38,61,630.0,7303.0
38,62,457.0,5097.0
38,63,470.0,4803.0
38,64,510.0,4819.0
38,65,413.0,4061.0
38,66,571.0,7902.0
39,1,467.0,3387.0
39,2,688.0,6842.0
39,3,438.0,5295.0
39,4,325.0,3382.0
39,5,677.0,5898.0
39,6,711.0,5968.0
39,7,407.0,2936.0
39,8,653.0,6539.0
39,9,504.0,4824.0
39,10,412.0,3911.0
39,11,415.0,4925.0
39,12,350.0,3944.0
39,13,463.0,4718.0
39,14,497.0,4902.0
39,15,715.0,11567.0
39,16,562.0,5799.0
39,17,494.0,3869.0
39,18,642.0,5517.0
39,19,517.0,4800.0
39,20,522.0,4585.0
39,21,637.0,6241.0
39,22,736.0,7572.0
39,23,577.0,6789.0
39,24,481.0,4502.0
39,25,456.0,4432.0
39,26,443.0,4498.0
39,27,508.0,4680.0
39,28,599.0,5458.0
39,29,401.0,3112.0
39,30,778.0,8473.0
39,31,402.0,3551.0
39,32,401.0,3796.0
39,33,640.0,7452.0
39,34,505.0,4603.0
39,35,486.0,5730.0
39,36,612.0,6190.0
39,37,441.0,4796.0
39,38,413.0,3735.0
39,39,0.0,0.0
39,40,605.0,5133.0
39,41,543.0,5558.0
39,42,636.0,6043.0
39,43,689.0,7001.0
39,44,663.0,6133.0
39,45,540.0,7223.0
39,46,437.0,5308.0
39,47,631.0,6158.0
39,48,640.0,5941.0
39,49,401.0,3467.0
39,50,634.0,6394.0
39,51,579.0,7238.0
39,52,609.0,6227.0
39,53,542.0,7331.0
39,54,522.0,6996.0
39,55,693.0,8799.0
39,56,783.0,9353.0
39,57,661.0,8733.0
39,58,693.0,8640.0
39,59,760.0,9206.0
39,60,731.0,9240.0
39,61,795.0,10271.0
39,62,473.0,5439.0
39,63,504.0,5878.0
39,64,659.0,6462.0
39,65,562.0,5704.0
39,66,505.0,6775.0
40,1,519.0,4952.0
40,2,475.0,4767.0
40,3,580.0,5587.0
40,4,433.0,4290.0
40,5,199.0,1342.0
40,6,176.0,1149.0
40,7,366.0,3032.0
40,8,293.0,2095.0
40,9,159.0,1019.0
40,10,609.0,6043.0
40,11,619.0,6593.0
40,12,572.0,6057.0
40,13,432.0,4129.0
40,14,514.0,4855.0
40,15,904.0,13836.0
40,16,415.0,3021.0
40,17,343.0,2461.0
40,18,164.0,960.0
40,19,438.0,3897.0
40,20,159.0,693.0
40,21,244.0,1483.0
40,22,417.0,3444.0
40,23,403.0,4101.0
40,24,490.0,4229.0
40,25,497.0,4778.0
40,26,485.0,4845.0
40,27,525.0,4633.0
40,28,243.0,1626.0
40,29,421.0,3213.0
40,30,499.0,4220.0
40,31,241.0,1831.0
40,32,443.0,4143.0
40,33,496.0,4638.0
40,34,277.0,1588.0
40,35,512.0,4814.0
40,36,608.0,5095.0
40,37,270.0,2361.0
40,38,297.0,2701.0
40,39,576.0,5146.0
40,40,0.0,0.0
40,41,191.0,1725.0
40,42,291.0,2018.0
40,43,350.0,2701.0
40,44,307.0,2300.0
40,45,660.0,8065.0
40,46,641.0,6977.0
40,47,385.0,3293.0
40,48,284.0,2109.0
40,49,278.0,2023.0
40,50,323.0,2842.0
40,51,525.0,5198.0
40,52,445.0,4343.0
40,53,550.0,5722.0
40,54,531.0,5861.0
40,55,627.0,6863.0
40,56,688.0,7566.0
40,57,595.0,6797.0
40,58,628.0,6777.0
40,59,687.0,7455.0
40,60,666.0,7285.0
40,61,729.0,8335.0
40,62,636.0,6550.0
40,63,624.0,6353.0
40,64,415.0,3629.0
40,65,309.0,2352.0
40,66,693.0,9045.0
41,1,740.0,6689.0
41,2,573.0,5309.0
41,3,685.0,6012.0
41,4,629.0,5572.0
41,5,203.0,1119.0
41,6,360.0,2036.0
41,7,511.0,4125.0
41,8,482.0,2823.0
41,9,272.0,1471.0
41,10,714.0,6468.0
41,11,717.0,7135.0
41,12,677.0,6482.0
41,13,530.0,4671.0
41,14,723.0,6606.0
41,15,1125.0,15573.0
41,16,512.0,3563.0
41,17,556.0,4083.0
41,18,182.0,1042.0
41,19,644.0,5610.0
41,20,366.0,2406.0
41,21,450.0,3196.0
41,22,623.0,5156.0
41,23,610.0,5814.0
41,24,595.0,4654.0
41,25,602.0,5203.0
41,26,590.0,5270.0
41,27,733.0,6383.0
41,28,333.0,2343.0
41,29,584.0,4680.0
41,30,705.0,5933.0
41,31,408.0,2761.0
41,32,548.0,4568.0
41,33,702.0,6351.0
41,34,459.0,3208.0
41,35,610.0,5356.0
41,36,838.0,7894.0
41,37,374.0,2786.0
41,38,401.0,3126.0
41,39,721.0,6240.0
41,40,280.0,1800.0
41,41,0.0,0.0
41,42,249.0,1161.0
41,43,414.0,2910.0
41,44,355.0,2507.0
41,45,805.0,9439.0
41,46,739.0,7519.0
41,47,482.0,3835.0
41,48,314.0,2062.0
41,49,389.0,2682.0
41,50,421.0,3384.0
41,51,623.0,5740.0
41,52,542.0,4885.0
41,53,647.0,6264.0
41,54,628.0,6403.0
41,55,725.0,7405.0
41,56,785.0,8108.0
41,57,692.0,7339.0
41,58,725.0,7319.0
41,59,784.0,7997.0
41,60,763.0,7827.0
41,61,826.0,8877.0
41,62,734.0,7092.0
41,63,722.0,6895.0
41,64,621.0,5342.0
41,65,515.0,4065.0
41,66,914.0,10782.0
42,1,668.0,6574.0
42,2,491.0,4654.0
42,3,589.0,5417.0
42,4,557.0,5457.0
42,5,316.0,2268.0
42,6,377.0,2707.0
42,7,439.0,4010.0
42,8,485.0,4102.0
42,9,241.0,1542.0
42,10,642.0,5766.0
42,11,635.0,6480.0
42,12,605.0,5781.0
42,13,448.0,4016.0
42,14,651.0,6491.0
42,15,1053.0,15458.0
42,16,430.0,2908.0
42,17,531.0,4825.0
42,18,281.0,1886.0
42,19,605.0,5549.0
42,20,352.0,2700.0
42,21,436.0,3490.0
42,22,609.0,5451.0
42,23,596.0,6108.0
42,24,530.0,3933.0
42,25,530.0,4501.0
42,26,495.0,4674.0
42,27,661.0,6268.0
42,28,246.0,1616.0
42,29,512.0,4566.0
42,30,691.0,6227.0
42,31,382.0,3064.0
42,32,476.0,3866.0
42,33,688.0,6645.0
42,34,469.0,3595.0
42,35,528.0,4701.0
42,36,766.0,7779.0
42,37,303.0,2671.0
42,38,329.0,3011.0
42,39,649.0,6125.0
42,40,284.0,2026.0
42,41,180.0,1300.0
42,42,0.0,0.0
42,43,327.0,2183.0
42,44,269.0,1779.0
42,45,676.0,7952.0
42,46,657.0,6864.0
42,47,400.0,3180.0
42,48,221.0,1354.0
42,49,317.0,2567.0
42,50,339.0,2729.0
42,51,541.0,5085.0
42,52,460.0,4230.0
42,53,565.0,5609.0
42,54,546.0,5748.0
42,55,643.0,6750.0
42,56,703.0,7453.0
42,57,610.0,6684.0
42,58,643.0,6664.0
42,59,702.0,7342.0
42,60,681.0,7172.0
42,61,744.0,8222.0
42,62,652.0,6437.0
42,63,640.0,6240.0
42,64,607.0,5636.0
42,65,501.0,4359.0
42,66,842.0,10667.0
43,1,721.0,7158.0
43,2,312.0,2919.0
43,3,409.0,3681.0
43,4,588.0,6254.0
43,5,419.0,3272.0
43,6,480.0,3711.0
43,7,478.0,4863.0
43,8,575.0,4652.0
43,9,331.0,2091.0
43,10,636.0,6540.0
43,11,455.0,4745.0
43,12,474.0,4575.0
43,13,268.0,2281.0
43,14,690.0,7343.0
43,15,1079.0,17669.0
43,16,341.0,2233.0
43,17,661.0,5742.0
43,18,384.0,2890.0
43,19,735.0,6466.0
43,20,442.0,3249.0
43,21,527.0,4040.0
43,22,699.0,6000.0
43,23,686.0,6658.0
43,24,369.0,2945.0
43,25,360.0,3204.0
43,26,315.0,2938.0
43,27,700.0,7120.0
43,28,259.0,1455.0
43,29,578.0,5714.0
43,30,782.0,6777.0
43,31,515.0,3990.0
43,32,408.0,3722.0
43,33,779.0,7194.0
43,34,559.0,4144.0
43,35,348.0,2966.0
43,36,805.0,8631.0
43,37,433.0,3588.0
43,38,460.0,3929.0
43,39,679.0,7016.0
43,40,387.0,3029.0
43,41,282.0,2304.0
43,42,320.0,2262.0
43,43,0.0,0.0
43,44,76.0,478.0
43,45,496.0,6216.0
43,46,476.0,5128.0
43,47,171.0,1261.0
43,48,176.0,1017.0
43,49,447.0,3485.0
43,50,158.0,722.0
43,51,360.0,3349.0
43,52,282.0,2495.0
43,53,387.0,3874.0
43,54,368.0,4013.0
43,55,464.0,5015.0
43,56,525.0,5718.0
43,57,432.0,4950.0
43,58,465.0,4929.0
43,59,524.0,5607.0
43,60,502.0,5437.0
43,61,565.0,6487.0
43,62,472.0,4702.0
43,63,460.0,4504.0
43,64,698.0,6186.0
43,65,592.0,4909.0
43,66,869.0,12877.0
44,1,721.0,6698.0
44,2,361.0,3067.0
44,3,459.0,3830.0
44,4,610.0,5581.0
44,5,382.0,2867.0
44,6,443.0,3306.0
44,7,492.0,4134.0
44,8,517.0,4254.0
44,9,273.0,1693.0
44,10,679.0,5919.0
44,11,505.0,4893.0
44,12,535.0,4073.0
44,13,318.0,2429.0
44,14,704.0,6615.0
44,15,1106.0,15582.0
44,16,301.0,1321.0
44,17,567.0,4620.0
44,18,347.0,2485.0
44,19,663.0,6055.0
44,20,384.0,2851.0
44,21,469.0,3642.0
44,22,641.0,5602.0
44,23,628.0,6260.0
44,24,425.0,2635.0
44,25,410.0,3353.0
44,26,365.0,3087.0
44,27,714.0,6392.0
44,28,201.0,1057.0
44,29,566.0,4689.0
44,30,724.0,6379.0
44,31,441.0,3207.0
44,32,458.0,3871.0
44,33,721.0,6796.0
44,34,501.0,3746.0
44,35,398.0,3114.0
44,36,819.0,7903.0
44,37,356.0,2795.0
44,38,383.0,3135.0
44,39,702.0,6249.0
44,40,350.0,2625.0
44,41,246.0,1899.0
44,42,283.0,1857.0
44,43,76.0,478.0
44,44,0.0,0.0
44,45,546.0,6365.0
44,46,527.0,5277.0
44,47,225.0,1666.0
44,48,119.0,613.0
44,49,371.0,2691.0
44,50,212.0,1128.0
44,51,411.0,3498.0
44,52,330.0,2643.0
44,53,435.0,4022.0
44,54,416.0,4161.0
44,55,513.0,5163.0
44,56,573.0,5866.0
44,57,480.0,5097.0
44,58,513.0,5077.0
44,59,572.0,5755.0
44,60,551.0,5585.0
44,61,614.0,6635.0
44,62,522.0,4850.0
44,63,510.0,4653.0
44,64,640.0,5788.0
44,65,534.0,4511.0
44,66,895.0,10791.0
45,1,687.0,8576.0
45,2,451.0,4995.0
45,3,356.0,4090.0
45,4,549.0,7860.0
45,5,741.0,8695.0
45,6,782.0,9060.0
45,7,479.0,7023.0
45,8,824.0,9839.0
45,9,587.0,7973.0
45,10,436.0,3769.0
45,11,277.0,3549.0
45,12,373.0,4908.0
45,13,302.0,4421.0
45,14,692.0,9504.0
45,15,911.0,16521.0
45,16,466.0,6157.0
45,17,672.0,8632.0
45,18,706.0,8314.0
45,19,716.0,9533.0
45,20,690.0,8437.0
45,21,775.0,9228.0
45,22,938.0,12147.0
45,23,772.0,11391.0
45,24,356.0,5323.0
45,25,394.0,5345.0
45,26,349.0,5079.0
45,27,702.0,9281.0
45,28,508.0,6643.0
45,29,580.0,7875.0
45,30,973.0,13075.0
45,31,583.0,7573.0
45,32,450.0,5792.0
45,33,835.0,12054.0
45,34,688.0,8552.0
45,35,405.0,4525.0
45,36,807.0,10792.0
45,37,484.0,6748.0
45,38,452.0,6239.0
45,39,492.0,6925.0
45,40,668.0,7930.0
45,41,627.0,8707.0
45,42,667.0,7827.0
45,43,475.0,6114.0
45,44,533.0,6520.0
45,45,0.0,0.0
45,46,198.0,1650.0
45,47,418.0,5270.0
45,48,557.0,6638.0
45,49,535.0,7184.0
45,50,420.0,5506.0
45,51,315.0,3080.0
45,52,372.0,4427.0
45,53,277.0,3173.0
45,54,257.0,2838.0
45,55,429.0,4641.0
45,56,518.0,5195.0
45,57,397.0,4575.0
45,58,428.0,4482.0
45,59,495.0,5048.0
45,60,466.0,5083.0
45,61,531.0,6113.0
45,62,284.0,2945.0
45,63,269.0,2842.0
45,64,860.0,11037.0
45,65,763.0,10280.0
45,66,701.0,11729.0
46,1,615.0,6749.0
46,2,514.0,4987.0
46,3,287.0,2272.0
46,4,477.0,6032.0
46,5,781.0,7727.0
46,6,822.0,8092.0
46,7,501.0,5601.0
46,8,801.0,9901.0
46,9,609.0,6551.0
46,10,337.0,2585.0
46,11,186.0,1255.0
46,12,302.0,3080.0
46,13,338.0,3281.0
46,14,645.0,8264.0
46,15,839.0,14693.0
46,16,515.0,4935.0
46,17,632.0,6976.0
46,18,746.0,7346.0
46,19,665.0,8162.0
46,20,730.0,7469.0
46,21,770.0,8057.0
46,22,884.0,10934.0
46,23,725.0,10151.0
46,24,403.0,3759.0
46,25,378.0,3689.0
46,26,322.0,3046.0
46,27,656.0,8042.0
46,28,548.0,5675.0
46,29,539.0,6219.0
46,30,926.0,11835.0
46,31,570.0,6260.0
46,32,379.0,3964.0
46,33,788.0,10814.0
46,34,673.0,7312.0
46,35,335.0,2707.0
46,36,760.0,9552.0
46,37,504.0,5347.0
46,38,472.0,4839.0
46,39,420.0,5098.0
46,40,708.0,6962.0
46,41,639.0,6820.0
46,42,707.0,6859.0
46,43,514.0,5146.0
46,44,572.0,5552.0
46,45,208.0,1656.0
46,46,0.0,0.0
46,47,457.0,4303.0
46,48,597.0,5670.0
46,49,557.0,5762.0
46,50,460.0,4538.0
46,51,432.0,4163.0
46,52,435.0,4372.0
46,53,395.0,4256.0
46,54,375.0,3921.0
46,55,546.0,5724.0
46,56,636.0,6278.0
46,57,514.0,5658.0
46,58,546.0,5565.0
46,59,613.0,6131.0
46,60,584.0,6165.0
46,61,648.0,7196.0
46,62,322.0,2416.0
46,63,353.0,2854.0
46,64,807.0,9824.0
46,65,710.0,9066.0
46,66,629.0,9901.0
47,1,643.0,6315.0
47,2,234.0,2075.0
47,3,331.0,2838.0
47,4,510.0,5411.0
47,5,489.0,4059.0
47,6,530.0,4424.0
47,7,400.0,4020.0
47,8,572.0,5203.0
47,9,328.0,2643.0
47,10,558.0,5697.0
47,11,377.0,3901.0
47,12,396.0,3732.0
47,13,190.0,1437.0
47,14,612.0,6500.0
47,15,1001.0,16825.0
47,16,255.0,1389.0
47,17,599.0,4933.0
47,18,454.0,3678.0
47,19,673.0,5657.0
47,20,439.0,3801.0
47,21,524.0,4592.0
47,22,696.0,6552.0
47,23,683.0,7210.0
47,24,291.0,2102.0
47,25,282.0,2361.0
47,26,237.0,2095.0
47,27,622.0,6277.0
47,28,256.0,2007.0
47,29,500.0,4871.0
47,30,779.0,7329.0
47,31,496.0,4157.0
47,32,330.0,2879.0
47,33,776.0,7746.0
47,34,556.0,4696.0
47,35,270.0,2122.0
47,36,727.0,7788.0
47,37,411.0,3745.0
47,38,395.0,2879.0
47,39,601.0,6173.0
47,40,417.0,3294.0
47,41,348.0,3152.0
47,42,415.0,3191.0
47,43,174.0,1261.0
47,44,232.0,1667.0
47,45,418.0,5373.0
47,46,398.0,4285.0
47,47,0.0,0.0
47,48,308.0,2639.0
47,49,426.0,3641.0
47,50,129.0,652.0
47,51,282.0,2506.0
47,52,204.0,1651.0
47,53,309.0,3030.0
47,54,290.0,3169.0
47,55,386.0,4171.0
47,56,447.0,4874.0
47,57,354.0,4106.0
47,58,387.0,4085.0
47,59,446.0,4763.0
47,60,424.0,4593.0
47,61,487.0,5643.0
47,62,394.0,3859.0
47,63,382.0,3661.0
47,64,695.0,6737.0
47,65,589.0,5460.0
47,66,791.0,12033.0
48,1,661.0,6426.0
48,2,346.0,3236.0
48,3,444.0,3999.0
48,4,550.0,5309.0
48,5,315.0,2483.0
48,6,377.0,2922.0
48,7,432.0,3862.0
48,8,457.0,3982.0
48,9,213.0,1421.0
48,10,619.0,5647.0
48,11,490.0,5062.0
48,12,521.0,4242.0
48,13,303.0,2598.0
48,14,644.0,6343.0
48,15,1046.0,15310.0
48,16,286.0,1490.0
48,17,507.0,4348.0
48,18,280.0,2101.0
48,19,603.0,5783.0
48,20,324.0,2579.0
48,21,409.0,3370.0
48,22,581.0,5330.0
48,23,568.0,5988.0
48,24,411.0,2804.0
48,25,395.0,3522.0
48,26,350.0,3256.0
48,27,654.0,6120.0
48,28,141.0,785.0
48,29,506.0,4417.0
48,30,664.0,6107.0
48,31,381.0,2935.0
48,32,443.0,4040.0
48,33,661.0,6524.0
48,34,441.0,3474.0
48,35,383.0,3283.0
48,36,759.0,7631.0
48,37,296.0,2523.0
48,38,323.0,2863.0
48,39,642.0,5977.0
48,40,302.0,2073.0
48,41,179.0,1515.0
48,42,217.0,1473.0
48,43,145.0,852.0
48,44,89.0,446.0
48,45,531.0,6534.0
48,46,512.0,5446.0
48,47,256.0,1762.0
48,48,0.0,0.0
48,49,311.0,2419.0
48,50,194.0,1311.0
48,51,396.0,3667.0
48,52,316.0,2812.0
48,53,421.0,4191.0
48,54,402.0,4330.0
48,55,498.0,5332.0
48,56,559.0,6035.0
48,57,466.0,5266.0
48,58,499.0,5246.0
48,59,558.0,5924.0
48,60,536.0,5754.0
48,61,599.0,6804.0
48,62,507.0,5019.0
48,63,495.0,4822.0
48,64,580.0,5516.0
48,65,474.0,4239.0
48,66,835.0,10519.0
49,1,426.0,3933.0
49,2,458.0,4592.0
49,3,424.0,3989.0
49,4,306.0,2735.0
49,5,383.0,3050.0
49,6,427.0,2853.0
49,7,183.0,1382.0
49,8,471.0,4133.0
49,9,204.0,1348.0
49,10,453.0,4445.0
49,11,481.0,5440.0
49,12,416.0,4459.0
49,13,348.0,3467.0
49,14,409.0,3850.0
49,15,811.0,12817.0
49,16,363.0,2396.0
49,17,282.0,2272.0
49,18,348.0,2668.0
49,19,356.0,2996.0
49,20,238.0,1470.0
49,21,341.0,2212.0
49,22,595.0,5482.0
49,23,489.0,5737.0
49,24,334.0,2631.0
49,25,341.0,3180.0
49,26,329.0,3247.0
49,27,419.0,3627.0
49,28,299.0,1982.0
49,29,263.0,2013.0
49,30,677.0,6259.0
49,31,144.0,661.0
49,32,287.0,2545.0
49,33,552.0,6400.0
49,34,221.0,1488.0
49,35,440.0,4122.0
49,36,526.0,4194.0
49,37,149.0,689.0
49,38,140.0,1104.0
49,39,393.0,3497.0
49,40,315.0,2224.0
49,41,244.0,2081.0
49,42,336.0,2567.0
49,43,406.0,3058.0
49,44,363.0,2657.0
49,45,544.0,7416.0
49,46,503.0,5823.0
49,47,392.0,3892.0
49,48,340.0,2465.0
49,49,0.0,0.0
49,50,379.0,3199.0
49,51,449.0,4737.0
49,52,379.0,3978.0
49,53,486.0,6836.0
49,54,466.0,6501.0
49,55,610.0,6688.0
49,56,671.0,7391.0
49,57,578.0,6622.0
49,58,611.0,6602.0
49,59,670.0,7280.0
49,60,649.0,7110.0
49,61,712.0,8160.0
49,62,539.0,5954.0
49,63,552.0,5660.0
49,64,498.0,3857.0
49,65,403.0,3099.0
49,66,600.0,8026.0
50,1,669.0,6551.0
50,2,262.0,2403.0
50,3,357.0,3074.0
50,4,536.0,5647.0
50,5,466.0,3904.0
50,6,507.0,4269.0
50,7,419.0,3559.0
50,8,549.0,5048.0
50,9,305.0,2488.0
50,10,584.0,5933.0
50,11,404.0,4137.0
50,12,422.0,3968.0
50,13,216.0,1673.0
50,14,632.0,6040.0
50,15,1027.0,17061.0
50,16,232.0,1234.0
50,17,576.0,4778.0
50,18,431.0,3523.0
50,19,650.0,5502.0
50,20,416.0,3646.0
50,21,501.0,4437.0
50,22,673.0,6397.0
50,23,660.0,7055.0
50,24,318.0,2337.0
50,25,308.0,2597.0
50,26,263.0,2331.0
50,27,642.0,5817.0
50,28,233.0,1852.0
50,29,520.0,4411.0
50,30,756.0,7174.0
50,31,473.0,4002.0
50,32,356.0,3115.0
50,33,753.0,7591.0
50,34,533.0,4541.0
50,35,296.0,2358.0
50,36,747.0,7328.0
50,37,388.0,3590.0
50,38,372.0,2724.0
50,39,627.0,6409.0
50,40,394.0,3139.0
50,41,325.0,2997.0
50,42,402.0,3373.0
50,43,157.0,722.0
50,44,212.0,1518.0
50,45,444.0,5609.0
50,46,425.0,4521.0
50,47,120.0,654.0
50,48,288.0,2489.0
50,49,403.0,3486.0
50,50,0.0,0.0
50,51,309.0,2742.0
50,52,232.0,1979.0
50,53,336.0,3357.0
50,54,317.0,3496.0
50,55,414.0,4499.0
50,56,474.0,5202.0
50,57,381.0,4433.0
50,58,414.0,4413.0
50,59,473.0,5091.0
50,60,452.0,4921.0
50,61,515.0,5971.0
50,62,420.0,4094.0
50,63,408.0,3897.0
50,64,672.0,6582.0
50,65,566.0,5305.0
50,66,817.0,12269.0
51,1,731.0,7073.0
51,2,337.0,2724.0
51,3,419.0,3596.0
51,4,598.0,6169.0
51,5,690.0,6787.0
51,6,731.0,7151.0
51,7,488.0,4778.0
51,8,773.0,7931.0
51,9,529.0,5370.0
51,10,560.0,6814.0
51,11,372.0,4205.0
51,12,484.0,4490.0
51,13,278.0,2195.0
51,14,700.0,7258.0
51,15,1006.0,17176.0
51,16,456.0,4116.0
51,17,680.0,6386.0
51,18,655.0,6406.0
51,19,724.0,7287.0
51,20,640.0,6528.0
51,21,724.0,7319.0
51,22,897.0,9279.0
51,23,780.0,9145.0
51,24,379.0,2860.0
51,25,370.0,3119.0
51,26,325.0,2853.0
51,27,710.0,7035.0
51,28,457.0,4734.0
51,29,588.0,5629.0
51,30,980.0,10056.0
51,31,591.0,5328.0
51,32,418.0,3637.0
51,33,843.0,9808.0
51,34,757.0,7423.0
51,35,358.0,2880.0
51,36,815.0,8546.0
51,37,493.0,4503.0
51,38,461.0,3994.0
51,39,587.0,7580.0
51,40,618.0,6021.0
51,41,548.0,5879.0
51,42,616.0,5918.0
51,43,414.0,3362.0
51,44,483.0,4342.0
51,45,319.0,3105.0
51,46,393.0,4589.0
51,47,357.0,2519.0
51,48,507.0,4729.0
51,49,543.0,4939.0
51,50,360.0,2754.0
51,51,0.0,0.0
51,52,205.0,1453.0
51,53,79.0,480.0
51,54,159.0,999.0
51,55,315.0,2370.0
51,56,376.0,3073.0
51,57,283.0,2304.0
51,58,314.0,2212.0
51,59,381.0,2778.0
51,60,352.0,2812.0
51,61,417.0,3842.0
51,62,323.0,2730.0
51,63,308.0,2626.0
51,64,895.0,9465.0
51,65,790.0,8188.0
51,66,796.0,12384.0
52,1,648.0,6314.0
52,2,185.0,1194.0
52,3,336.0,2837.0
52,4,515.0,5410.0
52,5,528.0,5093.0
52,6,569.0,5457.0
52,7,405.0,4019.0
52,8,611.0,6237.0
52,9,367.0,3676.0
52,10,563.0,5696.0
52,11,382.0,3900.0
52,12,401.0,3731.0
52,13,195.0,1436.0
52,14,617.0,6499.0
52,15,1006.0,16824.0
52,16,294.0,2422.0
52,17,597.0,5627.0
52,18,493.0,4712.0
52,19,641.0,6528.0
52,20,478.0,4834.0
52,21,562.0,5625.0
52,22,735.0,7585.0
52,23,721.0,8243.0
52,24,296.0,2101.0
52,25,287.0,2360.0
52,26,242.0,2094.0
52,27,627.0,6276.0
52,28,295.0,3040.0
52,29,505.0,4870.0
52,30,818.0,8362.0
52,31,534.0,5190.0
52,32,335.0,2878.0
52,33,760.0,9049.0
52,34,595.0,5729.0
52,35,275.0,2121.0
52,36,732.0,7787.0
52,37,450.0,4778.0
52,38,378.0,3235.0
52,39,606.0,6172.0
52,40,455.0,4328.0
52,41,386.0,4185.0
52,42,454.0,4225.0
52,43,267.0,2493.0
52,44,320.0,2648.0
52,45,441.0,4430.0
52,46,403.0,4284.0
52,47,210.0,1649.0
52,48,344.0,3035.0
52,49,465.0,4674.0
52,50,212.0,1885.0
52,51,168.0,1453.0
52,52,0.0,0.0
52,53,246.0,1933.0
52,54,263.0,2007.0
52,55,359.0,3009.0
52,56,420.0,3712.0
52,57,327.0,2943.0
52,58,360.0,2923.0
52,59,419.0,3601.0
52,60,398.0,3431.0
52,61,461.0,4481.0
52,62,399.0,3858.0
52,63,387.0,3660.0
52,64,733.0,7771.0
52,65,627.0,6494.0
52,66,796.0,12032.0
53,1,735.0,9453.0
53,2,279.0,2352.0
53,3,421.0,4346.0
53,4,600.0,6919.0
53,5,632.0,6415.0
53,6,673.0,6779.0
53,7,505.0,6889.0
53,8,715.0,7559.0
53,9,471.0,4998.0
53,10,547.0,6895.0
53,11,359.0,4286.0
53,12,455.0,5644.0
53,13,280.0,2945.0
53,14,718.0,9370.0
53,15,993.0,17257.0
53,16,398.0,3744.0
53,17,698.0,8498.0
53,18,597.0,6034.0
53,19,742.0,9399.0
53,20,582.0,6156.0
53,21,666.0,6947.0
53,22,839.0,8907.0
53,23,826.0,9565.0
53,24,381.0,3610.0
53,25,372.0,3869.0
53,26,327.0,3603.0
53,27,728.0,9147.0
53,28,399.0,4362.0
53,29,606.0,7741.0
53,30,922.0,9684.0
53,31,638.0,6512.0
53,32,420.0,4387.0
53,33,861.0,11920.0
53,34,699.0,7051.0
53,35,360.0,3630.0
53,36,833.0,10658.0
53,37,510.0,6614.0
53,38,478.0,6105.0
53,39,574.0,7661.0
53,40,560.0,5649.0
53,41,490.0,5507.0
53,42,558.0,5546.0
53,43,371.0,3815.0
53,44,425.0,3970.0
53,45,306.0,3186.0
53,46,380.0,4670.0
53,47,314.0,2971.0
53,48,449.0,4357.0
53,49,569.0,5996.0
53,50,316.0,3207.0
53,51,77.0,480.0
53,52,200.0,1784.0
53,53,0.0,0.0
53,54,112.0,703.0
53,55,257.0,1998.0
53,56,318.0,2701.0
53,57,225.0,1932.0
53,58,256.0,1840.0
53,59,323.0,2406.0
53,60,294.0,2440.0
53,61,359.0,3470.0
53,62,310.0,2811.0
53,63,295.0,2707.0
53,64,837.0,9093.0
53,65,732.0,7816.0
53,66,783.0,12465.0
54,1,693.0,9118.0
54,2,288.0,2525.0
54,3,395.0,4491.0
54,4,582.0,8001.0
54,5,641.0,6588.0
54,6,682.0,6952.0
54,7,463.0,6554.0
54,8,724.0,7732.0
54,9,480.0,5171.0
54,10,505.0,6560.0
54,11,317.0,3951.0
54,12,413.0,5309.0
54,13,289.0,3118.0
54,14,676.0,9035.0
54,15,951.0,16922.0
54,16,407.0,3917.0
54,17,656.0,8163.0
54,18,606.0,6207.0
54,19,700.0,9064.0
54,20,591.0,6329.0
54,21,675.0,7120.0
54,22,848.0,9080.0
54,23,756.0,10922.0
54,24,340.0,4854.0
54,25,381.0,4042.0
54,26,336.0,3776.0
54,27,686.0,8812.0
54,28,408.0,4535.0
54,29,564.0,7406.0
54,30,931.0,9857.0
54,31,567.0,7104.0
54,32,429.0,4560.0
54,33,819.0,11585.0
54,34,708.0,7224.0
54,35,369.0,3803.0
54,36,791.0,10323.0
54,37,468.0,6279.0
54,38,436.0,5770.0
54,39,532.0,7326.0
54,40,569.0,5822.0
54,41,499.0,5680.0
54,42,567.0,5719.0
54,43,380.0,3988.0
54,44,434.0,4143.0
54,45,264.0,2851.0
54,46,338.0,4335.0
54,47,323.0,3144.0
54,48,458.0,4530.0
54,49,519.0,6715.0
54,50,325.0,3380.0
54,51,164.0,999.0
54,52,209.0,1957.0
54,53,114.0,703.0
54,54,0.0,0.0
54,55,203.0,1493.0
54,56,264.0,2196.0
54,57,171.0,1427.0
54,58,204.0,1407.0
54,59,263.0,2085.0
54,60,303.0,2613.0
54,61,304.0,2965.0
54,62,268.0,2476.0
54,63,253.0,2372.0
54,64,846.0,9266.0
54,65,741.0,7989.0
54,66,741.0,12130.0
55,1,785.0,9020.0
55,2,330.0,3549.0
55,3,473.0,5543.0
55,4,652.0,8116.0
55,5,683.0,7612.0
55,6,724.0,7976.0
55,7,542.0,6725.0
55,8,766.0,8756.0
55,9,522.0,6195.0
55,10,620.0,8315.0
55,11,432.0,5706.0
55,12,538.0,6437.0
55,13,332.0,4142.0
55,14,754.0,9205.0
55,15,1066.0,18677.0
55,16,449.0,4941.0
55,17,734.0,8333.0
55,18,648.0,7231.0
55,19,778.0,9234.0
55,20,633.0,7353.0
55,21,718.0,8144.0
55,22,890.0,10104.0
55,23,877.0,10762.0
55,24,433.0,4807.0
55,25,424.0,5066.0
55,26,379.0,4800.0
55,27,764.0,8982.0
55,28,450.0,5559.0
55,29,642.0,7576.0
55,30,973.0,10881.0
55,31,690.0,7709.0
55,32,472.0,5584.0
55,33,897.0,11755.0
55,34,750.0,8248.0
55,35,412.0,4827.0
55,36,869.0,10493.0
55,37,605.0,7297.0
55,38,515.0,5941.0
55,39,647.0,9081.0
55,40,611.0,6847.0
55,41,542.0,6704.0
55,42,609.0,6744.0
55,43,423.0,5012.0
55,44,476.0,5167.0
55,45,379.0,4606.0
55,46,453.0,6090.0
55,47,366.0,4168.0
55,48,500.0,5554.0
55,49,620.0,7193.0
55,50,368.0,4404.0
55,51,256.0,2427.0
55,52,251.0,2981.0
55,53,187.0,1927.0
55,54,135.0,1457.0
55,55,0.0,0.0
55,56,282.0,1965.0
55,57,169.0,962.0
55,58,252.0,1830.0
55,59,281.0,1854.0
55,60,348.0,3626.0
55,61,294.0,2530.0
55,62,383.0,4231.0
55,63,368.0,4127.0
55,64,889.0,10290.0
55,65,783.0,9013.0
55,66,856.0,13885.0
56,1,920.0,9600.0
56,2,465.0,4130.0
56,3,608.0,6123.0
56,4,787.0,8696.0
56,5,818.0,8192.0
56,6,859.0,8557.0
56,7,677.0,7305.0
56,8,901.0,9336.0
56,9,657.0,6776.0
56,10,755.0,8895.0
56,11,567.0,6286.0
56,12,663.0,7644.0
56,13,467.0,4722.0
56,14,889.0,9785.0
56,15,1201.0,19257.0
56,16,584.0,5522.0
56,17,869.0,8913.0
56,18,783.0,7811.0
56,19,913.0,9814.0
56,20,768.0,7934.0
56,21,852.0,8725.0
56,22,1025.0,10685.0
56,23,1012.0,11343.0
56,24,568.0,5387.0
56,25,559.0,5646.0
56,26,514.0,5380.0
56,27,899.0,9562.0
56,28,585.0,6140.0
56,29,777.0,8156.0
56,30,1108.0,11461.0
56,31,824.0,8289.0
56,32,607.0,6164.0
56,33,1032.0,12335.0
56,34,885.0,8829.0
56,35,547.0,5407.0
56,36,1004.0,11073.0
56,37,740.0,7878.0
56,38,650.0,6521.0
56,39,782.0,9661.0
56,40,746.0,7427.0
56,41,676.0,7285.0
56,42,744.0,7324.0
56,43,558.0,5593.0
56,44,611.0,5747.0
56,45,514.0,5186.0
56,46,588.0,6670.0
56,47,501.0,4749.0
56,48,635.0,6134.0
56,49,755.0,7774.0
56,50,503.0,4985.0
56,51,403.0,3017.0
56,52,386.0,3562.0
56,53,339.0,2565.0
56,54,319.0,2703.0
56,55,289.0,2076.0
56,56,0.0,0.0
56,57,188.0,1338.0
56,58,162.0,1162.0
56,59,97.0,611.0
56,60,181.0,1191.0
56,61,175.0,1197.0
56,62,518.0,4811.0
56,63,503.0,4707.0
56,64,1024.0,10870.0
56,65,918.0,9593.0
56,66,991.0,14465.0
57,1,901.0,9200.0
57,2,446.0,3730.0
57,3,589.0,5723.0
57,4,768.0,8296.0
57,5,799.0,7792.0
57,6,840.0,8157.0
57,7,658.0,6905.0
57,8,882.0,8936.0
57,9,638.0,6376.0
57,10,736.0,8496.0
57,11,548.0,5887.0
57,12,644.0,7245.0
57,13,448.0,4322.0
57,14,870.0,9385.0
57,15,1182.0,18858.0
57,16,565.0,5122.0
57,17,850.0,8513.0
57,18,764.0,7411.0
57,19,894.0,9414.0
57,20,749.0,7534.0
57,21,833.0,8325.0
57,22,1006.0,10285.0
57,23,993.0,10943.0
57,24,549.0,4987.0
57,25,540.0,5246.0
57,26,495.0,4980.0
57,27,880.0,9162.0
57,28,566.0,5740.0
57,29,758.0,7756.0
57,30,1089.0,11061.0
57,31,805.0,7889.0
57,32,588.0,5764.0
57,33,1013.0,11935.0
57,34,866.0,8429.0
57,35,528.0,5007.0
57,36,985.0,10673.0
57,37,721.0,7478.0
57,38,631.0,6121.0
57,39,763.0,9262.0
57,40,727.0,7027.0
57,41,657.0,6885.0
57,42,725.0,6924.0
57,43,539.0,5193.0
57,44,592.0,5347.0
57,45,495.0,4787.0
57,46,569.0,6271.0
57,47,482.0,4349.0
57,48,616.0,5734.0
57,49,736.0,7374.0
57,50,484.0,4585.0
57,51,384.0,2617.0
57,52,367.0,3162.0
57,53,320.0,2165.0
57,54,253.0,1592.0
57,55,213.0,970.0
57,56,177.0,1338.0
57,57,0.0,0.0
57,58,190.0,1116.0
57,59,176.0,1227.0
57,60,309.0,1878.0
57,61,295.0,2334.0
57,62,499.0,4412.0
57,63,484.0,4308.0
57,64,1005.0,10470.0
57,65,899.0,9193.0
57,66,972.0,14066.0
58,1,844.0,8749.0
58,2,389.0,3279.0
58,3,532.0,5272.0
58,4,711.0,7845.0
58,5,742.0,7341.0
58,6,783.0,7706.0
58,7,601.0,6454.0
58,8,825.0,8485.0
58,9,581.0,5925.0
58,10,678.0,8045.0
58,11,490.0,5436.0
58,12,586.0,6794.0
58,13,391.0,3871.0
58,14,813.0,8934.0
58,15,1124.0,18407.0
58,16,508.0,4671.0
58,17,793.0,8062.0
58,18,707.0,6960.0
58,19,837.0,8963.0
58,20,692.0,7083.0
58,21,776.0,7874.0
58,22,949.0,9834.0
58,23,936.0,10492.0
58,24,492.0,4536.0
58,25,483.0,4795.0
58,26,438.0,4529.0
58,27,823.0,8711.0
58,28,509.0,5289.0
58,29,701.0,7305.0
58,30,1032.0,10610.0
58,31,748.0,7438.0
58,32,531.0,5313.0
58,33,956.0,11484.0
58,34,809.0,7978.0
58,35,471.0,4556.0
58,36,928.0,10222.0
58,37,664.0,7027.0
58,38,574.0,5670.0
58,39,705.0,8811.0
58,40,670.0,6576.0
58,41,600.0,6434.0
58,42,668.0,6473.0
58,43,482.0,4742.0
58,44,535.0,4896.0
58,45,437.0,4336.0
58,46,511.0,5820.0
58,47,425.0,3898.0
58,48,559.0,5283.0
58,49,679.0,6923.0
58,50,427.0,4134.0
58,51,326.0,2167.0
58,52,310.0,2711.0
58,53,262.0,1715.0
58,54,243.0,1853.0
58,55,283.0,1836.0
58,56,167.0,1162.0
58,57,187.0,1116.0
58,58,0.0,0.0
58,59,96.0,719.0
58,60,200.0,1168.0
58,61,307.0,2156.0
58,62,441.0,3961.0
58,63,426.0,3857.0
58,64,948.0,10019.0
58,65,842.0,8742.0
58,66,914.0,13615.0
59,1,902.0,9453.0
59,2,447.0,3983.0
59,3,590.0,5976.0
59,4,769.0,8549.0
59,5,800.0,8045.0
59,6,841.0,8410.0
59,7,659.0,7158.0
59,8,883.0,9189.0
59,9,639.0,6629.0
59,10,737.0,8748.0
59,11,549.0,6139.0
59,12,645.0,7497.0
59,13,449.0,4575.0
59,14,871.0,9638.0
59,15,1183.0,19110.0
59,16,566.0,5375.0
59,17,851.0,8766.0
59,18,765.0,7664.0
59,19,895.0,9667.0
59,20,750.0,7787.0
59,21,834.0,8578.0
59,22,1007.0,10538.0
59,23,994.0,11196.0
59,24,550.0,5240.0
59,25,541.0,5499.0
59,26,496.0,5233.0
59,27,881.0,9415.0
59,28,567.0,5993.0
59,29,759.0,8009.0
59,30,1090.0,11314.0
59,31,806.0,8142.0
59,32,589.0,6017.0
59,33,1014.0,12188.0
59,34,867.0,8682.0
59,35,529.0,5260.0
59,36,986.0,10926.0
59,37,722.0,7731.0
59,38,632.0,6374.0
59,39,764.0,9514.0
59,40,728.0,7280.0
59,41,658.0,7138.0
59,42,726.0,7177.0
59,43,540.0,5446.0
59,44,593.0,5600.0
59,45,496.0,5039.0
59,46,570.0,6523.0
59,47,483.0,4602.0
59,48,617.0,5987.0
59,49,737.0,7627.0
59,50,485.0,4838.0
59,51,385.0,2870.0
59,52,368.0,3415.0
59,53,321.0,2418.0
59,54,301.0,2556.0
59,55,335.0,1862.0
59,56,108.0,611.0
59,57,182.0,1227.0
59,58,96.0,719.0
59,59,0.0,0.0
59,60,204.0,1096.0
59,61,251.0,1602.0
59,62,500.0,4664.0
59,63,485.0,4560.0
59,64,1006.0,10723.0
59,65,900.0,9446.0
59,66,973.0,14318.0
60,1,899.0,9472.0
60,2,444.0,4002.0
60,3,587.0,5995.0
60,4,766.0,8568.0
60,5,797.0,8064.0
60,6,838.0,8429.0
60,7,656.0,7177.0
60,8,880.0,9208.0
60,9,636.0,6648.0
60,10,734.0,8768.0
60,11,546.0,6159.0
60,12,642.0,7517.0
60,13,446.0,4594.0
60,14,868.0,9657.0
60,15,1180.0,19130.0
60,16,563.0,5394.0
60,17,848.0,8785.0
60,18,762.0,7683.0
60,19,892.0,9686.0
60,20,747.0,7806.0
60,21,831.0,8597.0
60,22,1004.0,10557.0
60,23,991.0,11215.0
60,24,547.0,5259.0
60,25,538.0,5518.0
60,26,493.0,5252.0
60,27,878.0,9434.0
60,28,564.0,6012.0
60,29,756.0,8028.0
60,30,1087.0,11333.0
60,31,803.0,8161.0
60,32,586.0,6036.0
60,33,1011.0,12207.0
60,34,864.0,8701.0
60,35,526.0,5279.0
60,36,983.0,10945.0
60,37,719.0,7750.0
60,38,629.0,6393.0
60,39,761.0,9534.0
60,40,725.0,7299.0
60,41,655.0,7157.0
60,42,723.0,7196.0
60,43,537.0,5465.0
60,44,590.0,5619.0
60,45,493.0,5059.0
60,46,567.0,6543.0
60,47,480.0,4621.0
60,48,614.0,6006.0
60,49,734.0,7646.0
60,50,482.0,4857.0
60,51,382.0,2889.0
60,52,365.0,3434.0
60,53,318.0,2437.0
60,54,298.0,2576.0
60,55,407.0,3578.0
60,56,184.0,1191.0
60,57,316.0,1878.0
60,58,201.0,1168.0
60,59,199.0,1096.0
60,60,0.0,0.0
60,61,220.0,1474.0
60,62,497.0,4684.0
60,63,482.0,4580.0
60,64,1003.0,10742.0
60,65,897.0,9465.0
60,66,970.0,14338.0
61,1,972.0,10461.0
61,2,517.0,4991.0
61,3,660.0,6984.0
61,4,839.0,9557.0
61,5,870.0,9053.0
61,6,911.0,9418.0
61,7,729.0,8166.0
61,8,953.0,10197.0
61,9,709.0,7637.0
61,10,807.0,9757.0
61,11,619.0,7148.0
61,12,715.0,8506.0
61,13,519.0,5583.0
61,14,941.0,10646.0
61,15,1253.0,20119.0
61,16,636.0,6383.0
61,17,921.0,9774.0
61,18,835.0,8672.0
61,19,965.0,10675.0
61,20,820.0,8795.0
61,21,904.0,9586.0
61,22,1077.0,11546.0
61,23,1064.0,12204.0
61,24,620.0,6248.0
61,25,611.0,6507.0
61,26,566.0,6241.0
61,27,951.0,10423.0
61,28,637.0,7001.0
61,29,829.0,9017.0
61,30,1160.0,12322.0
61,31,876.0,9150.0
61,32,659.0,7025.0
61,33,1084.0,13196.0
61,34,937.0,9690.0
61,35,599.0,6268.0
61,36,1056.0,11934.0
61,37,792.0,8739.0
61,38,702.0,7382.0
61,39,834.0,10523.0
61,40,798.0,8288.0
61,41,728.0,8146.0
61,42,796.0,8185.0
61,43,610.0,6454.0
61,44,663.0,6608.0
61,45,566.0,6048.0
61,46,640.0,7532.0
61,47,553.0,5610.0
61,48,687.0,6995.0
61,49,807.0,8635.0
61,50,555.0,5846.0
61,51,455.0,3878.0
61,52,438.0,4423.0
61,53,391.0,3426.0
61,54,333.0,2962.0
61,55,287.0,2103.0
61,56,149.0,1197.0
61,57,299.0,2158.0
61,58,273.0,2156.0
61,59,215.0,1602.0
61,60,212.0,1474.0
61,61,0.0,0.0
61,62,570.0,5673.0
61,63,555.0,5569.0
61,64,1076.0,11731.0
61,65,970.0,10454.0
61,66,1043.0,15327.0
62,1,650.0,6963.0
62,2,414.0,4324.0
62,3,245.0,1848.0
62,4,512.0,6247.0
62,5,749.0,7303.0
62,6,790.0,7668.0
62,7,442.0,6353.0
62,8,832.0,8447.0
62,9,550.0,7303.0
62,10,428.0,4546.0
62,11,250.0,1983.0
62,12,336.0,3294.0
62,13,306.0,2857.0
62,14,655.0,8834.0
62,15,874.0,14907.0
62,16,429.0,5487.0
62,17,635.0,7962.0
62,18,714.0,6922.0
62,19,679.0,8863.0
62,20,698.0,7045.0
62,21,783.0,7836.0
62,22,901.0,11477.0
62,23,735.0,10721.0
62,24,319.0,4653.0
62,25,346.0,3265.0
62,26,290.0,2621.0
62,27,665.0,8611.0
62,28,516.0,5251.0
62,29,543.0,7205.0
62,30,936.0,12405.0
62,31,546.0,6903.0
62,32,394.0,3783.0
62,33,798.0,11384.0
62,34,651.0,7882.0
62,35,303.0,2282.0
62,36,770.0,10122.0
62,37,447.0,6078.0
62,38,415.0,5569.0
62,39,455.0,5312.0
62,40,676.0,6538.0
62,41,607.0,6396.0
62,42,675.0,6435.0
62,43,483.0,4722.0
62,44,541.0,5128.0
62,45,238.0,2395.0
62,46,271.0,2367.0
62,47,425.0,3878.0
62,48,565.0,5246.0
62,49,498.0,6514.0
62,50,428.0,4114.0
62,51,278.0,2410.0
62,52,335.0,3756.0
62,53,240.0,2502.0
62,54,220.0,2168.0
62,55,392.0,3970.0
62,56,481.0,4525.0
62,57,360.0,3904.0
62,58,391.0,3812.0
62,59,458.0,4378.0
62,60,429.0,4412.0
62,61,494.0,5442.0
62,62,0.0,0.0
62,63,154.0,1167.0
62,64,823.0,10367.0
62,65,726.0,9610.0
62,66,664.0,10115.0
63,1,636.0,6681.0
63,2,411.0,4024.0
63,3,222.0,1944.0
63,4,503.0,5777.0
63,5,678.0,6765.0
63,6,719.0,7130.0
63,7,451.0,5098.0
63,8,761.0,7909.0
63,9,517.0,5349.0
63,10,405.0,4642.0
63,11,227.0,2079.0
63,12,313.0,3390.0
63,13,235.0,2319.0
63,14,657.0,8574.0
63,15,851.0,15003.0
63,16,438.0,4232.0
63,17,644.0,7287.0
63,18,643.0,6384.0
63,19,677.0,8472.0
63,20,627.0,6507.0
63,21,712.0,7298.0
63,22,885.0,9258.0
63,23,737.0,10461.0
63,24,300.0,2797.0
63,25,275.0,2727.0
63,26,219.0,2083.0
63,27,668.0,8352.0
63,28,445.0,4713.0
63,29,551.0,6530.0
63,30,967.0,10035.0
63,31,579.0,5925.0
63,32,323.0,3245.0
63,33,800.0,11124.0
63,34,682.0,6977.0
63,35,232.0,1744.0
63,36,772.0,9862.0
63,37,473.0,4837.0
63,38,440.0,4328.0
63,39,432.0,5408.0
63,40,605.0,6000.0
63,41,536.0,5858.0
63,42,604.0,5897.0
63,43,411.0,4184.0
63,44,469.0,4590.0
63,45,360.0,4369.0
63,46,248.0,2463.0
63,47,354.0,3341.0
63,48,494.0,4708.0
63,49,507.0,5259.0
63,50,357.0,3576.0
63,51,402.0,4168.0
63,52,332.0,3409.0
63,53,362.0,4477.0
63,54,342.0,4142.0
63,55,513.0,5945.0
63,56,603.0,6499.0
63,57,481.0,5879.0
63,58,513.0,5786.0
63,59,580.0,6352.0
63,60,551.0,6386.0
63,61,615.0,7417.0
63,62,138.0,1043.0
63,63,0.0,0.0
63,64,819.0,10134.0
63,65,722.0,9376.0
63,66,641.0,10211.0
64,1,440.0,4357.0
64,2,817.0,8686.0
64,3,726.0,9651.0
64,4,354.0,3695.0
64,5,545.0,5404.0
64,6,451.0,3978.0
64,7,494.0,4945.0
64,8,366.0,3404.0
64,9,500.0,4937.0
64,10,701.0,8267.0
64,11,703.0,9280.0
64,12,638.0,8300.0
64,13,698.0,7415.0
64,14,435.0,4260.0
64,15,791.0,12055.0
64,16,710.0,6352.0
64,17,295.0,2565.0
64,18,511.0,5023.0
64,19,358.0,3302.0
64,20,379.0,3372.0
64,21,352.0,3106.0
64,22,359.0,2200.0
64,23,175.0,1502.0
64,24,684.0,6579.0
64,25,691.0,7128.0
64,26,679.0,7195.0
64,27,323.0,3555.0
64,28,585.0,5544.0
64,29,370.0,3488.0
64,30,330.0,2157.0
64,31,422.0,3833.0
64,32,637.0,6493.0
64,33,308.0,2359.0
64,34,379.0,3390.0
64,35,790.0,8070.0
64,36,369.0,3313.0
64,37,542.0,5243.0
64,38,487.0,5060.0
64,39,619.0,6600.0
64,40,393.0,4105.0
64,41,533.0,5644.0
64,42,641.0,6102.0
64,43,692.0,6620.0
64,44,649.0,6219.0
64,45,829.0,11578.0
64,46,725.0,9663.0
64,47,727.0,7212.0
64,48,626.0,6027.0
64,49,457.0,4030.0
64,50,665.0,6761.0
64,51,799.0,8685.0
64,52,729.0,7926.0
64,53,836.0,10784.0
64,54,816.0,10449.0
64,55,969.0,10782.0
64,56,1030.0,11485.0
64,57,937.0,10716.0
64,58,970.0,10696.0
64,59,1029.0,11374.0
64,60,1007.0,11204.0
64,61,1070.0,12254.0
64,62,761.0,9795.0
64,63,792.0,10234.0
64,64,0.0,0.0
64,65,231.0,1899.0
64,66,574.0,7263.0
65,1,338.0,3416.0
65,2,663.0,6927.0
65,3,624.0,8710.0
65,4,252.0,2754.0
65,5,391.0,3645.0
65,6,297.0,2219.0
65,7,392.0,4004.0
65,8,212.0,1645.0
65,9,346.0,3178.0
65,10,599.0,7326.0
65,11,601.0,8339.0
65,12,536.0,7359.0
65,13,596.0,6474.0
65,14,333.0,3319.0
65,15,723.0,12300.0
65,16,608.0,5411.0
65,17,197.0,1624.0
65,18,357.0,3264.0
65,19,256.0,2361.0
65,20,281.0,2431.0
65,21,254.0,2165.0
65,22,280.0,1914.0
65,23,243.0,2572.0
65,24,582.0,5638.0
65,25,589.0,6187.0
65,26,577.0,6254.0
65,27,344.0,3097.0
65,28,431.0,3785.0
65,29,268.0,2547.0
65,30,339.0,2691.0
65,31,353.0,3711.0
65,32,535.0,5552.0
65,33,336.0,3108.0
65,34,281.0,2449.0
65,35,688.0,7129.0
65,36,426.0,3559.0
65,37,440.0,4302.0
65,38,385.0,4119.0
65,39,517.0,5659.0
65,40,239.0,2346.0
65,41,379.0,3885.0
65,42,487.0,4343.0
65,43,538.0,4861.0
65,44,495.0,4460.0
65,45,727.0,10637.0
65,46,623.0,8722.0
65,47,573.0,5453.0
65,48,472.0,4268.0
65,49,373.0,3851.0
65,50,511.0,5002.0
65,51,697.0,7744.0
65,52,633.0,6503.0
65,53,738.0,7882.0
65,54,719.0,8021.0
65,55,815.0,9023.0
65,56,876.0,9726.0
65,57,783.0,8957.0
65,58,816.0,8937.0
65,59,875.0,9615.0
65,60,853.0,9445.0
65,61,916.0,10495.0
65,62,659.0,8854.0
65,63,690.0,9293.0
65,64,235.0,1726.0
65,65,0.0,0.0
65,66,512.0,7509.0
66,1,441.0,5187.0
66,2,875.0,12683.0
66,3,648.0,9968.0
66,4,357.0,5339.0
66,5,805.0,10338.0
66,6,711.0,8912.0
66,7,581.0,7488.0
66,8,626.0,8338.0
66,9,742.0,9452.0
66,10,623.0,8584.0
66,11,625.0,9598.0
66,12,560.0,8617.0
66,13,644.0,9780.0
66,14,471.0,6702.0
66,15,415.0,4790.0
66,16,772.0,10472.0
66,17,477.0,6615.0
66,18,771.0,9957.0
66,19,490.0,6599.0
66,20,638.0,8306.0
66,21,610.0,8040.0
66,22,709.0,9371.0
66,23,460.0,6315.0
66,24,663.0,9563.0
66,25,638.0,9493.0
66,26,625.0,9560.0
66,27,468.0,5914.0
66,28,797.0,10719.0
66,29,515.0,6967.0
66,30,661.0,7999.0
66,31,599.0,7969.0
66,32,597.0,8876.0
66,33,522.0,6978.0
66,34,638.0,8324.0
66,35,696.0,10403.0
66,36,510.0,5723.0
66,37,652.0,9469.0
66,38,620.0,8960.0
66,39,525.0,6875.0
66,40,653.0,9039.0
66,41,781.0,10186.0
66,42,868.0,11299.0
66,43,876.0,12842.0
66,44,883.0,11416.0
66,45,751.0,11895.0
66,46,647.0,9981.0
66,47,818.0,11999.0
66,48,860.0,11224.0
66,49,618.0,8109.0
66,50,821.0,12234.0
66,51,790.0,11910.0
66,52,796.0,12068.0
66,53,753.0,12003.0
66,54,733.0,11668.0
66,55,904.0,13471.0
66,56,994.0,14025.0
66,57,872.0,13405.0
66,58,904.0,13312.0
66,59,971.0,13878.0
66,60,942.0,13912.0
66,61,1006.0,14943.0
66,62,683.0,10112.0
66,63,714.0,10550.0
66,64,570.0,7268.0
66,65,535.0,7503.0
66,66,0.0,0.0
