0,1,1695.0,5240.0
0,2,2065.0,4825.0
0,3,1497.0,3701.0
0,4,1503.0,4709.0
0,5,1795.0,3240.0
0,6,1859.0,3414.0
0,7,893.0,2816.0
0,8,1991.0,4289.0
0,9,893.0,2623.0
0,10,1345.0,4111.0
0,11,2087.0,4871.0
0,12,1258.0,3110.0
0,13,1625.0,4147.0
0,14,2128.0,5520.0
0,15,3200.0,15393.0
0,16,784.0,1759.0
0,17,1330.0,3113.0
0,18,1357.0,2694.0
0,19,1427.0,3860.0
0,20,1540.0,2729.0
0,21,1776.0,3559.0
0,22,2199.0,5255.0
0,23,2046.0,6226.0
0,24,1148.0,1776.0
0,25,1275.0,1969.0
0,26,1432.0,3630.0
0,27,1367.0,4714.0
0,28,711.0,1426.0
0,29,1362.0,3332.0
0,30,2454.0,6414.0
0,31,1257.0,4402.0
0,32,836.0,1196.0
0,33,2096.0,6990.0
0,34,1693.0,4528.0
0,35,1693.0,4233.0
0,36,1616.0,5011.0
0,37,399.0,541.0
0,38,593.0,1036.0
0,39,2730.0,7731.0
0,40,1285.0,2221.0
0,41,935.0,2272.0
0,42,1070.0,2168.0
0,43,1456.0,3124.0
0,44,1059.0,2691.0
0,45,2466.0,7784.0
0,46,2315.0,8322.0
0,47,1443.0,2599.0
0,48,967.0,2623.0
0,49,888.0,1169.0
0,50,1106.0,2383.0
0,51,1861.0,5759.0
0,52,1638.0,4461.0
0,53,1856.0,5226.0
0,54,1936.0,6024.0
0,55,2117.0,6814.0
0,56,2489.0,9957.0
0,57,2129.0,6798.0
0,58,2677.0,9187.0
0,59,2612.0,10380.0
0,60,2488.0,10282.0
0,61,2470.0,9620.0
0,62,2370.0,6783.0
0,63,2531.0,6451.0
0,64,1882.0,5174.0
0,65,1853.0,4622.0
0,66,1870.0,9731.0
0,0,0.0,0.0
1,0,1598.0,5235.0
2,0,1618.0,4173.0
3,0,1240.0,3201.0
4,0,1431.0,4586.0
5,0,1736.0,3577.0
6,0,1728.0,3961.0
7,0,954.0,2539.0
8,0,1819.0,4870.0
9,0,628.0,1462.0
10,0,1228.0,4145.0
11,0,1703.0,5880.0
12,0,1207.0,3299.0
13,0,1377.0,2699.0
14,0,1855.0,5252.0
15,0,3567.0,15226.0
16,0,729.0,1526.0
17,0,1418.0,3060.0
18,0,1674.0,2810.0
19,0,1585.0,4086.0
20,0,1218.0,2310.0
21,0,1729.0,4077.0
22,0,1989.0,5792.0
23,0,1636.0,5458.0
24,0,1140.0,2023.0
25,0,1240.0,2401.0
26,0,1047.0,2453.0
27,0,1440.0,4864.0
28,0,890.0,1283.0
29,0,1359.0,3475.0
30,0,2213.0,6966.0
31,0,1053.0,1388.0
32,0,893.0,1196.0
33,0,1690.0,6276.0
34,0,1219.0,2328.0
35,0,1389.0,4256.0
36,0,1711.0,4938.0
37,0,389.0,540.0
38,0,717.0,927.0
39,0,1796.0,4780.0
40,0,1204.0,2770.0
41,0,1375.0,2388.0
42,0,1569.0,2769.0
43,0,1116.0,2689.0
44,0,926.0,2354.0
45,0,2055.0,7622.0
46,0,1775.0,6291.0
47,0,1401.0,3308.0
48,0,914.0,1357.0
49,0,891.0,1169.0
50,0,1152.0,2507.0
51,0,1391.0,4503.0
52,0,1372.0,3647.0
53,0,1607.0,4974.0
54,0,1432.0,5214.0
55,0,2474.0,10079.0
56,0,2169.0,7327.0
57,0,2446.0,10433.0
58,0,1829.0,5981.0
59,0,2258.0,7233.0
60,0,1799.0,6623.0
61,0,2201.0,7708.0
62,0,2106.0,7012.0
63,0,1795.0,5332.0
64,0,1607.0,4873.0
65,0,1568.0,4143.0
66,0,2625.0,12155.0
1,1,0.0,0.0
1,2,2346.0,6911.0
1,3,1952.0,5517.0
1,4,669.0,904.0
1,5,2637.0,7285.0
1,6,1932.0,5801.0
1,7,928.0,2286.0
1,8,1816.0,5008.0
1,9,1397.0,5436.0
1,10,1725.0,5812.0
1,11,1709.0,6711.0
1,12,1736.0,4484.0
1,13,1610.0,5292.0
1,14,1504.0,2047.0
1,15,2337.0,10188.0
1,16,1829.0,5802.0
1,17,1480.0,2081.0
1,18,2566.0,7229.0
1,19,1410.0,3763.0
1,20,1813.0,6177.0
1,21,1802.0,5685.0
1,22,2680.0,6347.0
1,23,2400.0,6420.0
1,24,1597.0,4797.0
1,25,1552.0,4727.0
1,26,1417.0,4775.0
1,27,1324.0,2584.0
1,28,1894.0,6034.0
1,29,1005.0,2762.0
1,30,2935.0,7506.0
1,31,1612.0,5219.0
1,32,1340.0,3884.0
1,33,2461.0,7031.0
1,34,1830.0,3780.0
1,35,1678.0,5378.0
1,36,1986.0,4156.0
1,37,1326.0,4867.0
1,38,997.0,3819.0
1,39,1526.0,2824.0
1,40,1642.0,6064.0
1,41,1853.0,5565.0
1,42,2250.0,6101.0
1,43,2508.0,7167.0
1,44,2111.0,6734.0
1,45,2663.0,9478.0
1,46,2343.0,8295.0
1,47,2039.0,6583.0
1,48,2019.0,6666.0
1,49,1476.0,5056.0
1,50,2158.0,6426.0
1,51,2452.0,8244.0
1,52,1934.0,6335.0
1,53,2512.0,10897.0
1,54,2441.0,10560.0
1,55,2838.0,12344.0
1,56,3115.0,13843.0
1,57,2850.0,12328.0
1,58,3381.0,15036.0
1,59,3395.0,14441.0
1,60,3461.0,13281.0
1,61,3443.0,12619.0
1,62,2460.0,7588.0
1,63,2861.0,7919.0
1,64,2363.0,6267.0
1,65,1549.0,4409.0
1,66,1666.0,7741.0
2,1,2362.0,6763.0
2,2,0.0,0.0
2,3,1912.0,3359.0
2,4,2072.0,7461.0
2,5,2186.0,5662.0
2,6,2096.0,6047.0
2,7,1604.0,4801.0
2,8,2228.0,6923.0
2,9,1428.0,4265.0
2,10,2393.0,7255.0
2,11,2050.0,6010.0
2,12,2376.0,5450.0
2,13,1277.0,2414.0
2,14,2847.0,8104.0
2,15,4552.0,18704.0
2,16,1051.0,2693.0
2,17,2537.0,7098.0
2,18,2002.0,5280.0
2,19,2674.0,8151.0
2,20,1777.0,5363.0
2,21,2013.0,6192.0
2,22,2436.0,7889.0
2,23,2283.0,8859.0
2,24,1538.0,2835.0
2,25,1572.0,2873.0
2,26,1299.0,2887.0
2,27,2577.0,9297.0
2,28,1152.0,3541.0
2,29,2324.0,6829.0
2,30,2691.0,9048.0
2,31,2115.0,5477.0
2,32,1500.0,3663.0
2,33,2333.0,9624.0
2,34,2439.0,6193.0
2,35,1551.0,2791.0
2,36,2807.0,9244.0
2,37,1939.0,4771.0
2,38,2006.0,5239.0
2,39,2907.0,9227.0
2,40,1522.0,4855.0
2,41,1840.0,4863.0
2,42,1979.0,4706.0
2,43,1718.0,3709.0
2,44,1357.0,3311.0
2,45,1509.0,5031.0
2,46,1918.0,5106.0
2,47,923.0,1307.0
2,48,1250.0,3465.0
2,49,2186.0,5264.0
2,50,1083.0,2643.0
2,51,1446.0,2115.0
2,52,804.0,1195.0
2,53,926.0,2473.0
2,54,922.0,2675.0
2,55,1219.0,3561.0
2,56,1591.0,6705.0
2,57,1231.0,3545.0
2,58,1925.0,8155.0
2,59,1714.0,7128.0
2,60,1590.0,7029.0
2,61,1572.0,6367.0
2,62,1540.0,4404.0
2,63,2007.0,2912.0
2,64,2119.0,7808.0
2,65,2090.0,7256.0
2,66,2464.0,13228.0
3,1,2061.0,5147.0
3,2,2528.0,5903.0
3,3,0.0,0.0
3,4,1771.0,5846.0
3,5,3175.0,7075.0
3,6,3085.0,7461.0
3,7,1303.0,3186.0
3,8,3217.0,8336.0
3,9,2059.0,5907.0
3,10,1223.0,1723.0
3,11,1024.0,2133.0
3,12,992.0,1381.0
3,13,673.0,1501.0
3,14,2546.0,6489.0
3,15,4130.0,15393.0
3,16,1365.0,4275.0
3,17,2213.0,5420.0
3,18,2692.0,6810.0
3,19,2884.0,9238.0
3,20,2686.0,7548.0
3,21,2897.0,8292.0
3,22,3425.0,9302.0
3,23,3145.0,10997.0
3,24,468.0,1463.0
3,25,430.0,1470.0
3,26,269.0,760.0
3,27,2453.0,6009.0
3,28,1717.0,4954.0
3,29,2023.0,5214.0
3,30,3680.0,10461.0
3,31,2407.0,6949.0
3,32,1171.0,2909.0
3,33,3206.0,11608.0
3,34,2746.0,7566.0
3,35,893.0,1596.0
3,36,3073.0,10389.0
3,37,1923.0,4193.0
3,38,1661.0,3509.0
3,39,2707.0,5362.0
3,40,2511.0,6268.0
3,41,2409.0,6582.0
3,42,2552.0,6535.0
3,43,2084.0,4808.0
3,44,1780.0,4694.0
3,45,2924.0,9362.0
3,46,1428.0,2633.0
3,47,1621.0,4355.0
3,48,1816.0,4878.0
3,49,2385.0,6622.0
3,50,1391.0,4045.0
3,51,1498.0,1967.0
3,52,2101.0,5539.0
3,53,2315.0,6804.0
3,54,2316.0,7006.0
3,55,2683.0,7892.0
3,56,3055.0,11035.0
3,57,2695.0,7876.0
3,58,3389.0,12486.0
3,59,3178.0,11459.0
3,60,3054.0,11360.0
3,61,3036.0,10698.0
3,62,1092.0,2213.0
3,63,1142.0,1481.0
3,64,3108.0,9221.0
3,65,3079.0,8669.0
3,66,1823.0,10328.0
4,1,643.0,904.0
4,2,1770.0,6006.0
4,3,1376.0,4612.0
4,4,0.0,0.0
4,5,2101.0,6786.0
4,6,1500.0,4509.0
4,7,352.0,1380.0
4,8,1384.0,3716.0
4,9,1230.0,4787.0
4,10,1608.0,6100.0
4,11,1592.0,6999.0
4,12,1160.0,3579.0
4,13,1034.0,4387.0
4,14,1030.0,1407.0
4,15,2174.0,10274.0
4,16,1662.0,5153.0
4,17,1137.0,1456.0
4,18,2030.0,6730.0
4,19,1296.0,1652.0
4,20,1381.0,4884.0
4,21,1370.0,4393.0
4,22,2248.0,5055.0
4,23,2088.0,4527.0
4,24,1021.0,3891.0
4,25,976.0,3821.0
4,26,841.0,3870.0
4,27,731.0,1782.0
4,28,1688.0,5050.0
4,29,947.0,1249.0
4,30,2503.0,6214.0
4,31,1419.0,3127.0
4,32,764.0,2979.0
4,33,2149.0,5138.0
4,34,1651.0,2879.0
4,35,1102.0,4473.0
4,36,1393.0,3354.0
4,37,1185.0,3433.0
4,38,971.0,2785.0
4,39,1409.0,3112.0
4,40,1210.0,4772.0
4,41,1317.0,5066.0
4,42,1714.0,5602.0
4,43,2566.0,6735.0
4,44,2115.0,5884.0
4,45,2546.0,9766.0
4,46,2226.0,8583.0
4,47,1463.0,5678.0
4,48,2023.0,5824.0
4,49,1266.0,3541.0
4,50,1706.0,6219.0
4,51,1876.0,7338.0
4,52,1358.0,5430.0
4,53,2395.0,11185.0
4,54,2324.0,10848.0
4,55,2721.0,12632.0
4,56,2998.0,14131.0
4,57,2733.0,12616.0
4,58,2677.0,10766.0
4,59,3278.0,14729.0
4,60,2885.0,12376.0
4,61,2867.0,11714.0
4,62,1884.0,6683.0
4,63,2285.0,7014.0
4,64,2091.0,3640.0
4,65,1117.0,3117.0
4,66,1073.0,6939.0
5,1,2140.0,6776.0
5,2,2084.0,5697.0
5,3,2452.0,6414.0
5,4,1641.0,5667.0
5,5,0.0,0.0
5,6,660.0,935.0
5,7,1608.0,4170.0
5,8,1308.0,1703.0
5,9,922.0,1712.0
5,10,2533.0,6472.0
5,11,2583.0,7499.0
5,12,2575.0,6362.0
5,13,1995.0,5113.0
5,14,2336.0,7598.0
5,15,4094.0,16244.0
5,16,1470.0,3626.0
5,17,1770.0,3345.0
5,18,425.0,575.0
5,19,1408.0,4085.0
5,20,1000.0,1475.0
5,21,1246.0,2440.0
5,22,1669.0,4136.0
5,23,1516.0,5107.0
5,24,2256.0,5534.0
5,25,2290.0,5572.0
5,26,2379.0,5685.0
5,27,1967.0,7441.0
5,28,1021.0,2238.0
5,29,1698.0,4834.0
5,30,1924.0,5295.0
5,31,1447.0,3079.0
5,32,2183.0,5359.0
5,33,1566.0,5871.0
5,34,1662.0,2305.0
5,35,2184.0,5391.0
5,36,2040.0,5491.0
5,37,1692.0,3040.0
5,38,1953.0,5706.0
5,39,2558.0,8071.0
5,40,532.0,807.0
5,41,792.0,1119.0
5,42,1292.0,1726.0
5,43,1777.0,3602.0
5,44,1463.0,3262.0
5,45,2977.0,9170.0
5,46,2718.0,7940.0
5,47,1680.0,4115.0
5,48,1292.0,2847.0
5,49,1523.0,3146.0
5,50,1480.0,3834.0
5,51,2282.0,7138.0
5,52,1657.0,5333.0
5,53,2036.0,6766.0
5,54,1955.0,6896.0
5,55,2136.0,7685.0
5,56,2508.0,10829.0
5,57,2148.0,7669.0
5,58,2842.0,12279.0
5,59,2631.0,11252.0
5,60,2507.0,11153.0
5,61,2489.0,10491.0
5,62,2706.0,7623.0
5,63,2714.0,6942.0
5,64,1352.0,4055.0
5,65,1323.0,3503.0
5,66,2309.0,12598.0
6,1,1873.0,5875.0
6,2,2076.0,6080.0
6,3,2444.0,6798.0
6,4,1374.0,4766.0
6,5,728.0,935.0
6,6,0.0,0.0
6,7,1810.0,4662.0
6,8,977.0,1194.0
6,9,914.0,2096.0
6,10,2573.0,11298.0
6,11,2575.0,7883.0
6,12,2855.0,6474.0
6,13,1987.0,5496.0
6,14,2045.0,5149.0
6,15,4175.0,16708.0
6,16,1462.0,4010.0
6,17,1609.0,2276.0
6,18,863.0,1114.0
6,19,1141.0,3184.0
6,20,921.0,1629.0
6,21,945.0,1314.0
6,22,1404.0,3235.0
6,23,1251.0,4206.0
6,24,2248.0,5917.0
6,25,2282.0,5955.0
6,26,2371.0,6069.0
6,27,2055.0,5028.0
6,28,1013.0,2621.0
6,29,1431.0,3933.0
6,30,1659.0,4394.0
6,31,1377.0,2767.0
6,32,2463.0,5637.0
6,33,1301.0,4970.0
6,34,1550.0,2293.0
6,35,2176.0,5775.0
6,36,1775.0,4590.0
6,37,1684.0,3424.0
6,38,2155.0,6198.0
6,39,2291.0,7170.0
6,40,747.0,1517.0
6,41,1412.0,2887.0
6,42,1750.0,3565.0
6,43,1769.0,3986.0
6,44,1455.0,3646.0
6,45,2969.0,9554.0
6,46,2710.0,8324.0
6,47,1672.0,4499.0
6,48,1284.0,3231.0
6,49,1475.0,3179.0
6,50,1472.0,4218.0
6,51,2274.0,7522.0
6,52,1649.0,5716.0
6,53,2028.0,7150.0
6,54,1947.0,7280.0
6,55,2128.0,8069.0
6,56,2500.0,11212.0
6,57,2140.0,8053.0
6,58,2834.0,12663.0
6,59,2623.0,11636.0
6,60,2499.0,11537.0
6,61,2481.0,10875.0
6,62,3244.0,8553.0
6,63,2766.0,7103.0
6,64,1087.0,3154.0
6,65,1058.0,2602.0
6,66,2397.0,10185.0
7,1,925.0,2177.0
7,2,1562.0,4652.0
7,3,1168.0,3258.0
7,4,635.0,2875.0
7,5,1629.0,3791.0
7,6,1918.0,4276.0
7,7,0.0,0.0
7,8,2050.0,5151.0
7,9,646.0,2335.0
7,10,1014.0,5417.0
7,11,998.0,6316.0
7,12,952.0,2225.0
7,13,826.0,3033.0
7,14,1410.0,3519.0
7,15,2599.0,12325.0
7,16,1002.0,3523.0
7,17,1077.0,2449.0
7,18,1303.0,3799.0
7,19,1338.0,3146.0
7,20,1156.0,2629.0
7,21,1835.0,4420.0
7,22,2258.0,6117.0
7,23,1798.0,6062.0
7,24,813.0,2537.0
7,25,768.0,2467.0
7,26,633.0,2516.0
7,27,984.0,3076.0
7,28,1443.0,4639.0
7,29,887.0,2243.0
7,30,2633.0,7276.0
7,31,537.0,1863.0
7,32,556.0,1625.0
7,33,1859.0,6674.0
7,34,973.0,1991.0
7,35,894.0,3119.0
7,36,1726.0,5454.0
7,37,846.0,2230.0
7,38,527.0,1557.0
7,39,919.0,2250.0
7,40,1047.0,3099.0
7,41,1020.0,3471.0
7,42,1307.0,4016.0
7,43,1681.0,4889.0
7,44,1284.0,4456.0
7,45,1952.0,9082.0
7,46,1632.0,7900.0
7,47,1255.0,4324.0
7,48,1192.0,4388.0
7,49,525.0,1498.0
7,50,1331.0,4148.0
7,51,1668.0,5984.0
7,52,1150.0,4076.0
7,53,1801.0,10502.0
7,54,1730.0,10164.0
7,55,2006.0,7554.0
7,56,2378.0,10697.0
7,57,2018.0,7538.0
7,58,2469.0,9412.0
7,59,2501.0,11121.0
7,60,2377.0,11022.0
7,61,2359.0,10360.0
7,62,1645.0,8304.0
7,63,1863.0,4366.0
7,64,1801.0,5176.0
7,65,1691.0,4432.0
7,66,1326.0,8234.0
8,1,1691.0,4944.0
8,2,2167.0,6989.0
8,3,2955.0,7707.0
8,4,1192.0,3835.0
8,5,1211.0,1703.0
8,6,815.0,1194.0
8,7,1562.0,4593.0
8,8,0.0,0.0
8,9,1005.0,3005.0
8,10,2391.0,10367.0
8,11,2314.0,11069.0
8,12,2946.0,7383.0
8,13,2078.0,6405.0
8,14,1863.0,4217.0
8,15,3848.0,13345.0
8,16,1553.0,4919.0
8,17,1406.0,2107.0
8,18,1407.0,3207.0
8,19,1474.0,2188.0
8,20,1012.0,2538.0
8,21,1003.0,2047.0
8,22,1227.0,1502.0
8,23,1042.0,3269.0
8,24,2339.0,6826.0
8,25,2373.0,6864.0
8,26,2334.0,7090.0
8,27,1873.0,4096.0
8,28,1104.0,3531.0
8,29,1249.0,3002.0
8,30,1450.0,3457.0
8,31,1360.0,3434.0
8,32,2535.0,7866.0
8,33,1092.0,4033.0
8,34,1536.0,3156.0
8,35,2352.0,6782.0
8,36,1566.0,3653.0
8,37,1718.0,4153.0
8,38,1984.0,5289.0
8,39,2109.0,6239.0
8,40,838.0,2426.0
8,41,1503.0,3796.0
8,42,1841.0,4475.0
8,43,1860.0,4895.0
8,44,1546.0,4555.0
8,45,3431.0,10463.0
8,46,3245.0,9574.0
8,47,1763.0,5408.0
8,48,1375.0,4140.0
8,49,1458.0,3847.0
8,50,1563.0,5127.0
8,51,2181.0,7321.0
8,52,1740.0,6625.0
8,53,2119.0,8059.0
8,54,2038.0,8189.0
8,55,2219.0,8978.0
8,56,2591.0,12121.0
8,57,2231.0,8962.0
8,58,2925.0,13572.0
8,59,2714.0,12545.0
8,60,2590.0,12446.0
8,61,2572.0,11784.0
8,62,3335.0,9462.0
8,63,2857.0,8012.0
8,64,878.0,2217.0
8,65,966.0,1409.0
8,66,2215.0,9253.0
9,1,1563.0,5660.0
9,2,1467.0,4247.0
9,3,1471.0,5156.0
9,4,1263.0,4431.0
9,5,1117.0,1829.0
9,6,1027.0,2214.0
9,7,846.0,3119.0
9,8,1159.0,3090.0
9,9,0.0,0.0
9,10,1460.0,4905.0
9,11,1646.0,9225.0
9,12,1373.0,3904.0
9,13,1378.0,3663.0
9,14,1596.0,5374.0
9,15,3022.0,14676.0
9,16,884.0,2222.0
9,17,959.0,3021.0
9,18,976.0,1173.0
9,19,1056.0,3768.0
9,20,858.0,2077.0
9,21,1069.0,2822.0
9,22,1367.0,4055.0
9,23,1317.0,5526.0
9,24,1512.0,3209.0
9,25,1562.0,4860.0
9,26,1427.0,4909.0
9,27,1227.0,5218.0
9,28,404.0,789.0
9,29,1203.0,3835.0
9,30,1622.0,5214.0
9,31,579.0,1478.0
9,32,984.0,2726.0
9,33,1378.0,6138.0
9,34,918.0,2095.0
9,35,1203.0,4133.0
9,36,1245.0,4918.0
9,37,610.0,1619.0
9,38,620.0,1888.0
9,39,1567.0,5159.0
9,40,453.0,1022.0
9,41,304.0,1179.0
9,42,701.0,1715.0
9,43,1160.0,2153.0
9,44,846.0,1813.0
9,45,1936.0,7912.0
9,46,2280.0,10809.0
9,47,1063.0,2666.0
9,48,675.0,1398.0
9,49,557.0,1151.0
9,50,863.0,2385.0
9,51,1133.0,4910.0
9,52,1040.0,3883.0
9,53,1353.0,5354.0
9,54,1349.0,5556.0
9,55,1519.0,6236.0
9,56,1891.0,9379.0
9,57,1531.0,6220.0
9,58,2225.0,10830.0
9,59,2014.0,9803.0
9,60,1890.0,9704.0
9,61,1872.0,9042.0
9,62,1967.0,7285.0
9,63,1733.0,5684.0
9,64,1050.0,3975.0
9,65,1021.0,3423.0
9,66,1569.0,10375.0
10,1,2520.0,7117.0
10,2,2388.0,6074.0
10,3,1287.0,1723.0
10,4,2520.0,5997.0
10,5,2510.0,6643.0
10,6,2934.0,7743.0
10,7,1407.0,3317.0
10,8,3066.0,8618.0
10,9,1608.0,6025.0
10,10,0.0,0.0
10,11,925.0,1249.0
10,12,978.0,2287.0
10,13,1652.0,4455.0
10,14,3273.0,10960.0
10,15,3979.0,16133.0
10,16,1535.0,3753.0
10,17,2636.0,8659.0
10,18,2072.0,6097.0
10,19,2733.0,9406.0
10,20,2320.0,6950.0
10,21,2746.0,8460.0
10,22,3274.0,9584.0
10,23,2994.0,11164.0
10,24,1432.0,3169.0
10,25,1594.0,3889.0
10,26,1459.0,3938.0
10,27,2904.0,10803.0
10,28,1426.0,4828.0
10,29,2880.0,9421.0
10,30,3529.0,10743.0
10,31,1777.0,4800.0
10,32,1101.0,3159.0
10,33,3055.0,11776.0
10,34,2595.0,7733.0
10,35,1720.0,4541.0
10,36,2922.0,10556.0
10,37,1079.0,3752.0
10,38,1002.0,3304.0
10,39,1899.0,2590.0
10,40,2171.0,6441.0
10,41,1650.0,5675.0
10,42,1785.0,5571.0
10,43,2633.0,6218.0
10,44,2236.0,5785.0
10,45,1297.0,4004.0
10,46,977.0,2822.0
10,47,2081.0,5746.0
10,48,1803.0,5387.0
10,49,1533.0,4333.0
10,50,1776.0,4387.0
10,51,1445.0,5868.0
10,52,1976.0,5498.0
10,53,1146.0,5424.0
10,54,1075.0,5086.0
10,55,1472.0,6871.0
10,56,1749.0,8369.0
10,57,1484.0,6855.0
10,58,2015.0,9563.0
10,59,2029.0,8968.0
10,60,2323.0,10350.0
10,61,2090.0,8395.0
10,62,990.0,3226.0
10,63,2124.0,2782.0
10,64,2957.0,9503.0
10,65,2887.0,9534.0
10,66,3246.0,15960.0
11,1,2670.0,6323.0
11,2,1771.0,6020.0
11,3,1334.0,1768.0
11,4,2380.0,7021.0
11,5,2553.0,7256.0
11,6,2724.0,7767.0
11,7,1154.0,7535.0
11,8,2856.0,8642.0
11,9,1398.0,6256.0
11,10,890.0,1252.0
11,11,0.0,0.0
11,12,1488.0,2020.0
11,13,902.0,2880.0
11,14,3155.0,7664.0
11,15,3992.0,20965.0
11,16,1616.0,3894.0
11,17,2822.0,6595.0
11,18,2823.0,6879.0
11,19,2746.0,12379.0
11,20,2110.0,7181.0
11,21,2641.0,7911.0
11,22,3064.0,9608.0
11,23,2911.0,10579.0
11,24,1513.0,3310.0
11,25,1554.0,2985.0
11,26,1015.0,2923.0
11,27,2764.0,7319.0
11,28,1162.0,5249.0
11,29,2632.0,6389.0
11,30,3319.0,10767.0
11,31,1969.0,9649.0
11,32,1597.0,3399.0
11,33,2961.0,11343.0
11,34,2872.0,11742.0
11,35,831.0,2512.0
11,36,2935.0,13895.0
11,37,1830.0,4534.0
11,38,1753.0,4086.0
11,39,1404.0,6788.0
11,40,2150.0,6574.0
11,41,2401.0,6457.0
11,42,2536.0,6353.0
11,43,1806.0,5417.0
11,44,1445.0,5019.0
11,45,1201.0,2590.0
11,46,948.0,1250.0
11,47,1327.0,3903.0
11,48,1285.0,5173.0
11,49,1733.0,9349.0
11,50,1177.0,4351.0
11,51,1102.0,4639.0
11,52,1344.0,5494.0
11,53,803.0,4195.0
11,54,732.0,3857.0
11,55,1129.0,5642.0
11,56,1406.0,7140.0
11,57,1141.0,5626.0
11,58,1672.0,8334.0
11,59,1686.0,7739.0
11,60,1980.0,9121.0
11,61,1747.0,7166.0
11,62,1181.0,1546.0
11,63,1563.0,1990.0
11,64,2747.0,9527.0
11,65,2718.0,8975.0
11,66,2613.0,12491.0
12,1,1705.0,4231.0
12,2,1802.0,3772.0
12,3,1052.0,1381.0
12,4,1415.0,4929.0
12,5,2488.0,5773.0
12,6,2787.0,7093.0
12,7,947.0,2270.0
12,8,2919.0,7968.0
12,9,1586.0,5156.0
12,10,1043.0,2270.0
12,11,1237.0,2241.0
12,12,0.0,0.0
12,13,1182.0,2200.0
12,14,2190.0,5572.0
12,15,3774.0,14476.0
12,16,1009.0,2823.0
12,17,1857.0,4503.0
12,18,2050.0,5227.0
12,19,2118.0,5200.0
12,20,2298.0,6081.0
12,21,2724.0,7591.0
12,22,3127.0,8934.0
12,23,2972.0,10295.0
12,24,906.0,2239.0
12,25,947.0,1914.0
12,26,987.0,1293.0
12,27,2097.0,5092.0
12,28,1404.0,3959.0
12,29,1667.0,4297.0
12,30,3382.0,10093.0
12,31,1755.0,3930.0
12,32,828.0,1114.0
12,33,3033.0,10907.0
12,34,2573.0,6864.0
12,35,1134.0,2239.0
12,36,2900.0,9687.0
12,37,1057.0,2882.0
12,38,980.0,2435.0
12,39,2023.0,2802.0
12,40,2149.0,5572.0
12,41,1628.0,4805.0
12,42,1763.0,4701.0
12,43,1878.0,4152.0
12,44,1614.0,3729.0
12,45,2191.0,5007.0
12,46,1871.0,3825.0
12,47,1614.0,3967.0
12,48,1577.0,3999.0
12,49,1511.0,3463.0
12,50,1250.0,3458.0
12,51,1908.0,5105.0
12,52,1390.0,3196.0
12,53,2040.0,6427.0
12,54,1969.0,6089.0
12,55,2385.0,7679.0
12,56,2757.0,10823.0
12,57,2397.0,7663.0
12,58,2909.0,10565.0
12,59,2880.0,11246.0
12,60,2756.0,11147.0
12,61,2738.0,10485.0
12,62,1188.0,3050.0
12,63,1889.0,2440.0
12,64,2810.0,8853.0
12,65,2865.0,8665.0
12,66,1225.0,7877.0
13,1,1484.0,5091.0
13,2,1290.0,2390.0
13,3,979.0,1386.0
13,4,1194.0,5789.0
13,5,2325.0,5013.0
13,6,2235.0,5399.0
13,7,726.0,3129.0
13,8,2367.0,6274.0
13,9,1230.0,4146.0
13,10,1846.0,4695.0
13,11,884.0,2993.0
13,12,976.0,2234.0
13,13,0.0,0.0
13,14,1969.0,6432.0
13,15,3553.0,15336.0
13,16,797.0,2291.0
13,17,1636.0,5363.0
13,18,2008.0,4747.0
13,19,1897.0,6060.0
13,20,1942.0,5071.0
13,21,2152.0,5544.0
13,22,2575.0,7240.0
13,23,2422.0,8211.0
13,24,693.0,972.0
13,25,641.0,890.0
13,26,444.0,643.0
13,27,1876.0,5952.0
13,28,882.0,3139.0
13,29,1446.0,5157.0
13,30,2830.0,8399.0
13,31,1715.0,5015.0
13,32,622.0,1991.0
13,33,2472.0,8975.0
13,34,2054.0,5632.0
13,35,616.0,840.0
13,36,2381.0,8455.0
13,37,1553.0,3729.0
13,38,1186.0,3144.0
13,39,2130.0,5305.0
13,40,1661.0,4206.0
13,41,1979.0,4214.0
13,42,1850.0,4185.0
13,43,1595.0,3188.0
13,44,1234.0,2790.0
13,45,1950.0,5967.0
13,46,1019.0,3434.0
13,47,983.0,2062.0
13,48,1124.0,2944.0
13,49,1693.0,4688.0
13,50,1362.0,3033.0
13,51,817.0,2034.0
13,52,870.0,1275.0
13,53,1254.0,4142.0
13,54,1185.0,3805.0
13,55,1598.0,4497.0
13,56,1970.0,7640.0
13,57,1610.0,4481.0
13,58,1633.0,5462.0
13,59,2089.0,6042.0
13,60,1969.0,7965.0
13,61,1951.0,7303.0
13,62,811.0,3495.0
13,63,1487.0,2726.0
13,64,2258.0,7159.0
13,65,2229.0,6607.0
13,66,1920.0,11244.0
14,1,1452.0,2047.0
14,2,2696.0,7665.0
14,3,2302.0,6271.0
14,4,1004.0,1407.0
14,5,2451.0,7537.0
14,6,2034.0,4697.0
14,7,1408.0,3315.0
14,8,1918.0,3904.0
14,9,1735.0,5219.0
14,10,2830.0,9566.0
14,11,2753.0,10268.0
14,12,2086.0,5238.0
14,13,1960.0,6046.0
14,14,0.0,0.0
14,15,2773.0,11085.0
14,16,2111.0,5653.0
14,17,1503.0,2615.0
14,18,2246.0,6834.0
14,19,1358.0,1779.0
14,20,1915.0,5073.0
14,21,1904.0,4581.0
14,22,2782.0,5243.0
14,23,2113.0,3850.0
14,24,1947.0,5550.0
14,25,1902.0,5480.0
14,26,1767.0,5529.0
14,27,972.0,1687.0
14,28,2038.0,5939.0
14,29,1274.0,2684.0
14,30,3037.0,6402.0
14,31,1852.0,4730.0
14,32,1690.0,4638.0
14,33,2349.0,5071.0
14,34,2001.0,3845.0
14,35,2028.0,6132.0
14,36,1634.0,3259.0
14,37,1535.0,4322.0
14,38,1321.0,3670.0
14,39,2642.0,5205.0
14,40,1744.0,4960.0
14,41,1667.0,5945.0
14,42,2064.0,6481.0
14,43,2790.0,7018.0
14,44,2393.0,6585.0
14,45,3152.0,9922.0
14,46,2966.0,9033.0
14,47,2389.0,7337.0
14,48,2301.0,6517.0
14,49,1616.0,4430.0
14,50,2440.0,6277.0
14,51,2802.0,8998.0
14,52,2284.0,7089.0
14,53,3224.0,11106.0
14,54,3155.0,10768.0
14,55,3171.0,10567.0
14,56,3512.0,13710.0
14,57,3183.0,10551.0
14,58,3603.0,12426.0
14,59,3635.0,14134.0
14,60,3511.0,14035.0
14,61,3493.0,13373.0
14,62,3378.0,12256.0
14,63,2938.0,7695.0
14,64,2396.0,4218.0
14,65,1651.0,3305.0
14,66,1314.0,6845.0
15,1,2354.0,10153.0
15,2,4662.0,19407.0
15,3,4416.0,16833.0
15,4,2302.0,11852.0
15,5,3636.0,17594.0
15,6,4048.0,14961.0
15,7,2593.0,13164.0
15,8,3932.0,14169.0
15,9,2920.0,15142.0
15,10,4944.0,22116.0
15,11,4867.0,22818.0
15,12,4200.0,15800.0
15,13,4074.0,16608.0
15,14,2508.0,11664.0
15,15,0.0,0.0
15,16,3296.0,15576.0
15,17,2688.0,12458.0
15,18,3565.0,17532.0
15,19,2559.0,11674.0
15,20,3630.0,16064.0
15,21,3918.0,14845.0
15,22,4796.0,19284.0
15,23,2987.0,11046.0
15,24,3684.0,15774.0
15,25,4016.0,16042.0
15,26,3881.0,16091.0
15,27,2013.0,10692.0
15,28,3223.0,15858.0
15,29,2459.0,12535.0
15,30,5051.0,20443.0
15,31,3037.0,14649.0
15,32,3129.0,14364.0
15,33,3479.0,11663.0
15,34,3186.0,13687.0
15,35,4142.0,16694.0
15,36,2508.0,10455.0
15,37,2720.0,14241.0
15,38,2506.0,13593.0
15,39,4756.0,17755.0
15,40,3758.0,15224.0
15,41,2852.0,15874.0
15,42,3249.0,16410.0
15,43,3975.0,16941.0
15,44,3578.0,16508.0
15,45,5195.0,22568.0
15,46,5373.0,24770.0
15,47,4019.0,17468.0
15,48,3486.0,16440.0
15,49,2801.0,14349.0
15,50,3625.0,16200.0
15,51,4016.0,19365.0
15,52,4086.0,18606.0
15,53,4438.0,21473.0
15,54,4369.0,21135.0
15,55,4685.0,21396.0
15,56,5026.0,24539.0
15,57,4697.0,21380.0
15,58,4817.0,22793.0
15,59,5149.0,24963.0
15,60,5025.0,24864.0
15,61,5007.0,24202.0
15,62,4894.0,20877.0
15,63,4692.0,20057.0
15,64,3270.0,11414.0
15,65,3665.0,13570.0
15,66,1284.0,5156.0
16,1,1934.0,5326.0
16,2,1311.0,3059.0
16,3,1250.0,3351.0
16,4,1644.0,6024.0
16,5,1776.0,3764.0
16,6,1709.0,4276.0
16,7,944.0,3522.0
16,8,1841.0,5151.0
16,9,1026.0,3366.0
16,10,1603.0,3813.0
16,11,1496.0,4906.0
16,12,883.0,2668.0
16,13,900.0,2304.0
16,14,2248.0,5486.0
16,15,3749.0,17734.0
16,16,0.0,0.0
16,17,1822.0,5306.0
16,18,1338.0,3218.0
16,19,1919.0,6053.0
16,20,1390.0,3591.0
16,21,1626.0,4420.0
16,22,2049.0,6117.0
16,23,1896.0,7088.0
16,24,660.0,1534.0
16,25,787.0,1727.0
16,26,903.0,2246.0
16,27,1879.0,5330.0
16,28,752.0,1769.0
16,29,1874.0,3948.0
16,30,2304.0,7276.0
16,31,1270.0,4319.0
16,32,744.0,1733.0
16,33,1946.0,7852.0
16,34,1781.0,4381.0
16,35,1051.0,2739.0
16,36,2108.0,7204.0
16,37,843.0,2026.0
16,38,644.0,1742.0
16,39,2153.0,5575.0
16,40,1135.0,3083.0
16,41,1055.0,2990.0
16,42,1198.0,2944.0
16,43,1010.0,1848.0
16,44,613.0,1415.0
16,45,1795.0,6518.0
16,46,1609.0,5629.0
16,47,895.0,1130.0
16,48,521.0,1347.0
16,49,1346.0,4386.0
16,50,596.0,716.0
16,51,905.0,3376.0
16,52,884.0,2695.0
16,53,1115.0,3960.0
16,54,1182.0,4259.0
16,55,1363.0,5048.0
16,56,1735.0,8192.0
16,57,1375.0,5032.0
16,58,2069.0,9642.0
16,59,1858.0,8615.0
16,60,1734.0,8516.0
16,61,1716.0,7854.0
16,62,1699.0,5517.0
16,63,1581.0,4291.0
16,64,1732.0,6036.0
16,65,1703.0,5484.0
16,66,1779.0,10369.0
17,1,1497.0,2073.0
17,2,2711.0,7163.0
17,3,2268.0,6737.0
17,4,1052.0,1456.0
17,5,2046.0,3407.0
17,6,1677.0,2337.0
17,7,1244.0,3505.0
17,8,1690.0,2107.0
17,9,1231.0,3185.0
17,10,2022.0,7679.0
17,11,2006.0,8578.0
17,12,2052.0,5704.0
17,13,1926.0,6512.0
17,14,1385.0,2700.0
17,15,2722.0,11629.0
17,16,1699.0,4990.0
17,17,0.0,0.0
17,18,1658.0,4676.0
17,19,789.0,1705.0
17,20,885.0,1715.0
17,21,1058.0,1402.0
17,22,1908.0,3558.0
17,23,1050.0,3464.0
17,24,1913.0,6016.0
17,25,1868.0,5946.0
17,26,1733.0,5995.0
17,27,1016.0,2544.0
17,28,1286.0,3601.0
17,29,531.0,769.0
17,30,2053.0,5430.0
17,31,769.0,2012.0
17,32,1656.0,5104.0
17,33,1111.0,4075.0
17,34,945.0,1733.0
17,35,1994.0,6598.0
17,36,978.0,2856.0
17,37,1127.0,2730.0
17,38,1132.0,2823.0
17,39,1883.0,4690.0
17,40,1087.0,3895.0
17,41,1603.0,3941.0
17,42,2023.0,4545.0
17,43,2019.0,4965.0
17,44,1705.0,4625.0
17,45,3157.0,10519.0
17,46,2971.0,9629.0
17,47,1910.0,5479.0
17,48,1543.0,4210.0
17,49,867.0,2424.0
17,50,1710.0,5198.0
17,51,1907.0,7376.0
17,52,1977.0,6617.0
17,53,2329.0,9484.0
17,54,2260.0,9146.0
17,55,2644.0,9352.0
17,56,3075.0,12295.0
17,57,2746.0,9136.0
17,58,2708.0,10804.0
17,59,3164.0,11384.0
17,60,3074.0,12620.0
17,61,3056.0,11958.0
17,62,2656.0,8808.0
17,63,2583.0,8068.0
17,64,1053.0,2577.0
17,65,943.0,1833.0
17,66,1358.0,7701.0
18,1,2105.0,6778.0
18,2,1972.0,5387.0
18,3,2237.0,5875.0
18,4,1606.0,5670.0
18,5,453.0,574.0
18,6,822.0,1113.0
18,7,1196.0,3622.0
18,8,1424.0,3172.0
18,9,805.0,1173.0
18,10,2267.0,6076.0
18,11,2368.0,6960.0
18,12,2180.0,5075.0
18,13,1818.0,4417.0
18,14,2343.0,6545.0
18,15,3731.0,16863.0
18,16,1199.0,3327.0
18,17,1766.0,4191.0
18,18,0.0,0.0
18,19,1373.0,4088.0
18,20,1092.0,1559.0
18,21,1209.0,2442.0
18,22,1632.0,4138.0
18,23,1479.0,5109.0
18,24,1846.0,4644.0
18,25,1932.0,4754.0
18,26,2301.0,6138.0
18,27,1974.0,6389.0
18,28,909.0,1928.0
18,29,1865.0,4054.0
18,30,1887.0,5297.0
18,31,1035.0,2531.0
18,32,1757.0,4811.0
18,33,1529.0,5873.0
18,34,1596.0,3418.0
18,35,1969.0,4852.0
18,36,2052.0,6088.0
18,37,1346.0,2799.0
18,38,1541.0,5158.0
18,39,2523.0,8073.0
18,40,619.0,875.0
18,41,545.0,796.0
18,42,957.0,1280.0
18,43,1484.0,3181.0
18,44,1033.0,2330.0
18,45,2681.0,8631.0
18,46,2520.0,7401.0
18,47,1568.0,3806.0
18,48,941.0,2270.0
18,49,1111.0,2598.0
18,50,1368.0,3525.0
18,51,1721.0,5489.0
18,52,1545.0,5023.0
18,53,1924.0,6457.0
18,54,1835.0,6587.0
18,55,1995.0,7376.0
18,56,2336.0,10519.0
18,57,2007.0,7360.0
18,58,2670.0,11970.0
18,59,2459.0,10943.0
18,60,2335.0,10844.0
18,61,2317.0,10182.0
18,62,2666.0,8695.0
18,63,2499.0,6403.0
18,64,1315.0,4057.0
18,65,1286.0,3505.0
18,66,2104.0,11930.0
19,1,1357.0,2522.0
19,2,2843.0,8093.0
19,3,2361.0,6718.0
19,4,1190.0,1628.0
19,5,1589.0,4112.0
19,6,1215.0,3042.0
19,7,1337.0,3486.0
19,8,1099.0,2249.0
19,9,1384.0,4211.0
19,10,1982.0,7902.0
19,11,1966.0,8801.0
19,12,2145.0,5685.0
19,13,2244.0,7657.0
19,14,1293.0,1779.0
19,15,2816.0,11538.0
19,16,1852.0,6015.0
19,17,897.0,1240.0
19,18,1496.0,4086.0
19,19,0.0,0.0
19,20,1038.0,2741.0
19,21,1118.0,2475.0
19,22,1840.0,2603.0
19,23,920.0,2669.0
19,24,2006.0,5997.0
19,25,1961.0,5927.0
19,26,1826.0,5976.0
19,27,1002.0,1375.0
19,28,1439.0,4627.0
19,29,1045.0,1459.0
19,30,1923.0,4635.0
19,31,922.0,3037.0
19,32,1749.0,5085.0
19,33,981.0,3280.0
19,34,1098.0,2759.0
19,35,2437.0,8678.0
19,36,848.0,2061.0
19,37,1280.0,3756.0
19,38,1324.0,3778.0
19,39,1843.0,4913.0
19,40,925.0,3305.0
19,41,1756.0,4967.0
19,42,2176.0,5571.0
19,43,2172.0,5991.0
19,44,1858.0,5651.0
19,45,3310.0,11545.0
19,46,3124.0,10655.0
19,47,2063.0,6504.0
19,48,1696.0,5236.0
19,49,1020.0,3450.0
19,50,1863.0,6223.0
19,51,2060.0,8402.0
19,52,2130.0,7643.0
19,53,2482.0,10510.0
19,54,2413.0,10172.0
19,55,2797.0,10378.0
19,56,3302.0,12963.0
19,57,2872.0,10486.0
19,58,2861.0,11830.0
19,59,3317.0,12410.0
19,60,3301.0,13288.0
19,61,3283.0,12626.0
19,62,2749.0,8789.0
19,63,2736.0,9094.0
19,64,923.0,1782.0
19,65,783.0,980.0
19,66,1299.0,6874.0
20,1,1829.0,6140.0
20,2,1861.0,5447.0
20,3,2289.0,6164.0
20,4,1330.0,5031.0
20,5,1183.0,1475.0
20,6,1020.0,1658.0
20,7,1153.0,2500.0
20,8,1152.0,2534.0
20,9,699.0,1463.0
20,10,2162.0,5830.0
20,11,2420.0,7249.0
20,12,2075.0,4829.0
20,13,1772.0,4863.0
20,14,2230.0,6299.0
20,15,3618.0,16617.0
20,16,1247.0,3377.0
20,17,901.0,2026.0
20,18,1101.0,1664.0
20,19,998.0,2773.0
20,20,0.0,0.0
20,21,885.0,1153.0
20,22,1360.0,3500.0
20,23,1259.0,4531.0
20,24,2033.0,5284.0
20,25,2067.0,5322.0
20,26,2216.0,5435.0
20,27,1725.0,4226.0
20,28,798.0,1988.0
20,29,1244.0,1741.0
20,30,1615.0,4658.0
20,31,747.0,1041.0
20,32,1686.0,3651.0
20,33,1320.0,5143.0
20,34,663.0,830.0
20,35,2021.0,5141.0
20,36,1187.0,3923.0
20,37,1312.0,2544.0
20,38,1314.0,2813.0
20,39,2247.0,7434.0
20,40,523.0,677.0
20,41,1197.0,2253.0
20,42,1535.0,2932.0
20,43,1554.0,3352.0
20,44,1240.0,3012.0
20,45,2694.0,8920.0
20,46,2572.0,7690.0
20,47,1457.0,3866.0
20,48,1069.0,2597.0
20,49,687.0,1674.0
20,50,1257.0,3585.0
20,51,1727.0,6626.0
20,52,1434.0,5083.0
20,53,1813.0,6517.0
20,54,1724.0,6646.0
20,55,1884.0,7435.0
20,56,2225.0,10579.0
20,57,1896.0,7419.0
20,58,2559.0,12029.0
20,59,2348.0,11002.0
20,60,2224.0,10903.0
20,61,2206.0,10241.0
20,62,2603.0,8726.0
20,63,2551.0,6692.0
20,64,1043.0,3419.0
20,65,1014.0,2867.0
20,66,2383.0,11300.0
21,1,1806.0,5616.0
21,2,2077.0,6196.0
21,3,2541.0,7378.0
21,4,1307.0,4507.0
21,5,1412.0,2440.0
21,6,1000.0,1314.0
21,7,1667.0,3242.0
21,8,1128.0,2010.0
21,9,915.0,2212.0
21,10,2363.0,9899.0
21,11,2347.0,10798.0
21,12,2480.0,6204.0
21,13,1988.0,5612.0
21,14,2235.0,4038.0
21,15,3725.0,14548.0
21,16,1463.0,4126.0
21,17,837.0,1500.0
21,18,1317.0,2413.0
21,19,934.0,2247.0
21,20,821.0,1153.0
21,21,0.0,0.0
21,22,1336.0,2976.0
21,23,1195.0,4006.0
21,24,2299.0,6102.0
21,25,2276.0,6109.0
21,26,2184.0,6297.0
21,27,1661.0,3700.0
21,28,1014.0,2737.0
21,29,1368.0,2269.0
21,30,1591.0,4135.0
21,31,751.0,1892.0
21,32,2091.0,5026.0
21,33,1256.0,4617.0
21,34,1172.0,1572.0
21,35,2266.0,7532.0
21,36,1123.0,3398.0
21,37,1109.0,2610.0
21,38,1479.0,3134.0
21,39,2224.0,6911.0
21,40,748.0,1633.0
21,41,1413.0,3003.0
21,42,1751.0,3681.0
21,43,1770.0,4102.0
21,44,1456.0,3762.0
21,45,3139.0,10399.0
21,46,2953.0,9509.0
21,47,1673.0,4615.0
21,48,1285.0,3347.0
21,49,849.0,2304.0
21,50,1473.0,4334.0
21,51,1889.0,7256.0
21,52,1650.0,5832.0
21,53,2029.0,7266.0
21,54,1940.0,7396.0
21,55,2100.0,8185.0
21,56,2441.0,11328.0
21,57,2112.0,8169.0
21,58,2775.0,12779.0
21,59,2564.0,11752.0
21,60,2440.0,11653.0
21,61,2422.0,10991.0
21,62,2819.0,9475.0
21,63,2565.0,7948.0
21,64,1019.0,2895.0
21,65,990.0,2343.0
21,66,2450.0,9925.0
22,1,2278.0,5841.0
22,2,2337.0,7911.0
22,3,2801.0,9093.0
22,4,1779.0,4732.0
22,5,1672.0,4155.0
22,6,1303.0,3085.0
22,7,2351.0,7034.0
22,8,1010.0,1502.0
22,9,1175.0,3927.0
22,10,3076.0,12241.0
22,11,3060.0,13140.0
22,12,3056.0,8305.0
22,13,2248.0,7327.0
22,14,2450.0,5114.0
22,15,4676.0,18539.0
22,16,1723.0,5841.0
22,17,1602.0,3237.0
22,18,1577.0,4129.0
22,19,1506.0,2340.0
22,20,1182.0,3460.0
22,21,1173.0,2969.0
22,22,0.0,0.0
22,23,1023.0,2567.0
22,24,2559.0,7817.0
22,25,2536.0,7824.0
22,26,2444.0,8012.0
22,27,1924.0,2901.0
22,28,1274.0,4452.0
22,29,1836.0,3899.0
22,30,1155.0,1563.0
22,31,1809.0,4858.0
22,32,2645.0,8788.0
22,33,1073.0,3331.0
22,34,1811.0,4124.0
22,35,2522.0,7704.0
22,36,1584.0,2404.0
22,37,1945.0,5255.0
22,38,2143.0,6211.0
22,39,2696.0,7136.0
22,40,1008.0,3348.0
22,41,1673.0,4718.0
22,42,2011.0,5396.0
22,43,2030.0,5817.0
22,44,1716.0,5477.0
22,45,3541.0,11385.0
22,46,3355.0,10496.0
22,47,1933.0,6330.0
22,48,1545.0,5062.0
22,49,2031.0,5464.0
22,50,1733.0,6049.0
22,51,2291.0,8243.0
22,52,1910.0,7547.0
22,53,2289.0,8981.0
22,54,2200.0,9111.0
22,55,2360.0,9900.0
22,56,2701.0,13043.0
22,57,2372.0,9884.0
22,58,3035.0,14494.0
22,59,2824.0,13467.0
22,60,2700.0,13368.0
22,61,2682.0,12706.0
22,62,3079.0,11190.0
22,63,2967.0,8934.0
22,64,815.0,1275.0
22,65,993.0,1543.0
22,66,3163.0,14698.0
23,1,2339.0,6017.0
23,2,2424.0,8894.0
23,3,2888.0,10076.0
23,4,1840.0,4908.0
23,5,1759.0,5138.0
23,6,1390.0,4068.0
23,7,1891.0,5793.0
23,8,1244.0,3274.0
23,9,1262.0,4910.0
23,10,2896.0,12507.0
23,11,2880.0,13406.0
23,12,2702.0,8722.0
23,13,2295.0,9029.0
23,14,2173.0,4305.0
23,15,3036.0,11534.0
23,16,1810.0,6824.0
23,17,1040.0,3496.0
23,18,1664.0,5111.0
23,19,872.0,2514.0
23,20,1089.0,4113.0
23,21,1260.0,3952.0
23,22,1263.0,2560.0
23,23,0.0,0.0
23,24,2646.0,8800.0
23,25,2623.0,8807.0
23,26,2531.0,8995.0
23,27,1415.0,3073.0
23,28,1361.0,5435.0
23,29,1536.0,4265.0
23,30,1227.0,1483.0
23,31,973.0,4409.0
23,32,2313.0,7544.0
23,33,670.0,1512.0
23,34,1149.0,4131.0
23,35,2488.0,10050.0
23,36,853.0,1228.0
23,37,1331.0,5128.0
23,38,1701.0,5652.0
23,39,2855.0,9340.0
23,40,1095.0,4331.0
23,41,1760.0,5701.0
23,42,2098.0,6379.0
23,43,2117.0,6800.0
23,44,1803.0,6460.0
23,45,3361.0,12917.0
23,46,3175.0,12027.0
23,47,2020.0,7313.0
23,48,1632.0,6045.0
23,49,1071.0,4822.0
23,50,1820.0,7032.0
23,51,2111.0,9774.0
23,52,1997.0,8530.0
23,53,2376.0,9964.0
23,54,2287.0,10094.0
23,55,2447.0,10883.0
23,56,2788.0,14026.0
23,57,2459.0,10867.0
23,58,2912.0,13202.0
23,59,2911.0,14450.0
23,60,2787.0,14351.0
23,61,2769.0,13689.0
23,62,3166.0,12173.0
23,63,2787.0,10466.0
23,64,899.0,2081.0
23,65,1009.0,2763.0
23,66,1621.0,6217.0
24,1,1476.0,4404.0
24,2,1446.0,3027.0
24,3,1052.0,1633.0
24,4,1186.0,5102.0
24,5,2605.0,5439.0
24,6,2515.0,5825.0
24,7,718.0,2443.0
24,8,2647.0,6700.0
24,9,1606.0,4071.0
24,10,1705.0,4108.0
24,11,1483.0,3537.0
24,12,1047.0,1485.0
24,13,710.0,1408.0
24,14,1961.0,5746.0
24,15,3653.0,16992.0
24,16,912.0,2427.0
24,17,1628.0,4677.0
24,18,2072.0,4496.0
24,19,1889.0,5373.0
24,20,2413.0,5699.0
24,21,2624.0,6443.0
24,22,2855.0,7666.0
24,23,2872.0,9148.0
24,24,0.0,0.0
24,25,187.0,246.0
24,26,517.0,891.0
24,27,1868.0,5265.0
24,28,1299.0,3105.0
24,29,1438.0,4471.0
24,30,3110.0,8825.0
24,31,1479.0,4206.0
24,32,707.0,980.0
24,33,2933.0,9759.0
24,34,1915.0,4334.0
24,35,778.0,1494.0
24,36,2800.0,8540.0
24,37,1369.0,2339.0
24,38,1170.0,2055.0
24,39,2122.0,4619.0
24,40,1941.0,4632.0
24,41,1789.0,4268.0
24,42,2030.0,3935.0
24,43,1631.0,2959.0
24,44,1327.0,2846.0
24,45,1782.0,5148.0
24,46,1596.0,4259.0
24,47,1139.0,2699.0
24,48,1255.0,2630.0
24,49,1467.0,3841.0
24,50,938.0,2196.0
24,51,1299.0,2990.0
24,52,1034.0,2451.0
24,53,1721.0,5098.0
24,54,1681.0,5254.0
24,55,1841.0,6043.0
24,56,2182.0,9186.0
24,57,1853.0,6027.0
24,58,2100.0,6418.0
24,59,2305.0,9610.0
24,60,2181.0,9511.0
24,61,2163.0,8849.0
24,62,1686.0,4147.0
24,63,1568.0,2921.0
24,64,2538.0,7585.0
24,65,2509.0,7033.0
24,66,1683.0,9627.0
25,1,1418.0,4334.0
25,2,1388.0,2957.0
25,3,377.0,1429.0
25,4,1128.0,5032.0
25,5,2950.0,5703.0
25,6,2860.0,6089.0
25,7,660.0,2373.0
25,8,2992.0,6964.0
25,9,1654.0,4548.0
25,10,1368.0,3147.0
25,11,1147.0,3194.0
25,12,931.0,1588.0
25,13,530.0,1012.0
25,14,1903.0,5676.0
25,15,3640.0,16769.0
25,16,960.0,2903.0
25,17,1570.0,4607.0
25,18,2187.0,6157.0
25,19,1831.0,5303.0
25,20,2461.0,6176.0
25,21,2672.0,6920.0
25,22,3200.0,7930.0
25,23,2920.0,9625.0
25,24,175.0,246.0
25,25,0.0,0.0
25,26,459.0,821.0
25,27,1810.0,5195.0
25,28,1347.0,3582.0
25,29,1380.0,4401.0
25,30,3455.0,9089.0
25,31,1421.0,4136.0
25,32,766.0,1537.0
25,33,2981.0,10236.0
25,34,2521.0,6194.0
25,35,720.0,1424.0
25,36,2848.0,9017.0
25,37,1518.0,2821.0
25,38,1256.0,2137.0
25,39,2064.0,4549.0
25,40,2286.0,4896.0
25,41,1904.0,5829.0
25,42,2161.0,4747.0
25,43,1679.0,3436.0
25,44,1375.0,3322.0
25,45,1718.0,5066.0
25,46,1532.0,4177.0
25,47,1081.0,2629.0
25,48,1481.0,3516.0
25,49,1409.0,3771.0
25,50,986.0,2673.0
25,51,1494.0,4289.0
25,52,976.0,2381.0
25,53,1916.0,6397.0
25,54,1703.0,5070.0
25,55,1863.0,5859.0
25,56,2204.0,9002.0
25,57,1875.0,5843.0
25,58,2295.0,7717.0
25,59,2327.0,9426.0
25,60,2203.0,9327.0
25,61,2185.0,8665.0
25,62,1622.0,4065.0
25,63,1504.0,2839.0
25,64,2883.0,7849.0
25,65,2854.0,7297.0
25,66,1670.0,9404.0
26,1,1425.0,4389.0
26,2,1260.0,2700.0
26,3,200.0,676.0
26,4,1135.0,5088.0
26,5,2757.0,5754.0
26,6,2667.0,6140.0
26,7,667.0,2428.0
26,8,2799.0,7015.0
26,9,1461.0,4599.0
26,10,1191.0,2395.0
26,11,970.0,2442.0
26,12,738.0,1640.0
26,13,418.0,753.0
26,14,1910.0,5731.0
26,15,3600.0,16945.0
26,16,767.0,2955.0
26,17,1577.0,4662.0
26,18,2394.0,5745.0
26,19,1838.0,5359.0
26,20,2268.0,6227.0
26,21,2479.0,6971.0
26,22,3007.0,7981.0
26,23,2727.0,9676.0
26,24,364.0,827.0
26,25,319.0,757.0
26,26,0.0,0.0
26,27,1817.0,5251.0
26,28,1154.0,3633.0
26,29,1387.0,4456.0
26,30,3262.0,9140.0
26,31,1428.0,4191.0
26,32,573.0,1589.0
26,33,2788.0,10287.0
26,34,2328.0,6245.0
26,35,592.0,1167.0
26,36,2655.0,9068.0
26,37,1325.0,2873.0
26,38,1063.0,2189.0
26,39,2071.0,4604.0
26,40,2093.0,4947.0
26,41,1923.0,5512.0
26,42,1968.0,4798.0
26,43,1486.0,3487.0
26,44,1182.0,3374.0
26,45,1519.0,4203.0
26,46,1282.0,3673.0
26,47,1023.0,3034.0
26,48,1288.0,3568.0
26,49,1416.0,3826.0
26,50,793.0,2724.0
26,51,1327.0,4899.0
26,52,848.0,2124.0
26,53,1581.0,5453.0
26,54,1516.0,5116.0
26,55,1696.0,6571.0
26,56,2037.0,9714.0
26,57,1708.0,6555.0
26,58,2128.0,8326.0
26,59,2160.0,10138.0
26,60,2036.0,10039.0
26,61,2018.0,9377.0
26,62,478.0,2774.0
26,63,879.0,3105.0
26,64,2690.0,7900.0
26,65,2661.0,7348.0
26,66,1630.0,9580.0
27,1,1278.0,2410.0
27,2,2719.0,8005.0
27,3,2325.0,6611.0
27,4,1010.0,1408.0
27,5,2087.0,5411.0
27,6,1713.0,4341.0
27,7,975.0,3020.0
27,8,1597.0,3548.0
27,9,1302.0,4998.0
27,10,2283.0,10778.0
27,11,2267.0,11677.0
27,12,2109.0,5578.0
27,13,1983.0,6386.0
27,14,968.0,1316.0
27,15,2233.0,11057.0
27,16,2098.0,5432.0
27,17,1070.0,2314.0
27,18,1994.0,5385.0
27,19,992.0,1376.0
27,20,1594.0,4717.0
27,21,1583.0,4225.0
27,22,2423.0,2902.0
27,23,1593.0,3122.0
27,24,1970.0,5890.0
27,25,1925.0,5820.0
27,26,1790.0,5869.0
27,27,0.0,0.0
27,28,1621.0,5378.0
27,29,841.0,2391.0
27,30,2596.0,5088.0
27,31,1419.0,4505.0
27,32,1713.0,4978.0
27,33,1654.0,3733.0
27,34,1568.0,3543.0
27,35,2051.0,6472.0
27,36,943.0,1227.0
27,37,1102.0,4097.0
27,38,888.0,3449.0
27,39,2242.0,7611.0
27,40,1423.0,4604.0
27,41,1234.0,5730.0
27,42,1631.0,6266.0
27,43,2510.0,6810.0
27,44,2380.0,6364.0
27,45,3221.0,14443.0
27,46,2901.0,13261.0
27,47,2412.0,7677.0
27,48,2034.0,6055.0
27,49,1183.0,4205.0
27,50,2201.0,7043.0
27,51,2398.0,9221.0
27,52,2307.0,7429.0
27,53,2820.0,11329.0
27,54,2751.0,10991.0
27,55,3396.0,17310.0
27,56,3613.0,18808.0
27,57,3408.0,17294.0
27,58,3199.0,12649.0
27,59,3658.0,14474.0
27,60,3534.0,14375.0
27,61,3516.0,13713.0
27,62,2713.0,8682.0
27,63,3114.0,9013.0
27,64,1603.0,2031.0
27,65,1330.0,2949.0
27,66,818.0,5740.0
28,1,1960.0,6071.0
28,2,1321.0,3831.0
28,3,1378.0,4534.0
28,4,1523.0,4725.0
28,5,1202.0,2233.0
28,6,1112.0,2619.0
28,7,1124.0,3167.0
28,8,1244.0,3494.0
28,9,488.0,1079.0
28,10,1645.0,4788.0
28,11,1509.0,5619.0
28,12,1558.0,3787.0
28,13,959.0,3076.0
28,14,1856.0,5669.0
28,15,3244.0,15986.0
28,16,707.0,1761.0
28,17,1240.0,3649.0
28,18,1018.0,1851.0
28,19,1337.0,4396.0
28,20,793.0,1934.0
28,21,1029.0,2764.0
28,22,1452.0,4460.0
28,23,1299.0,5431.0
28,24,1455.0,3040.0
28,25,1432.0,3047.0
28,26,1305.0,3805.0
28,27,1487.0,5512.0
28,28,0.0,0.0
28,29,1482.0,4130.0
28,30,1707.0,5619.0
28,31,860.0,2107.0
28,32,1169.0,2609.0
28,33,1349.0,6195.0
28,34,1199.0,2724.0
28,35,1110.0,3511.0
28,36,1526.0,5547.0
28,37,905.0,1286.0
28,38,940.0,2182.0
28,39,1854.0,5402.0
28,40,538.0,1426.0
28,41,882.0,1285.0
28,42,936.0,1207.0
28,43,1014.0,1737.0
28,44,700.0,1397.0
28,45,1816.0,7290.0
28,46,1661.0,6060.0
28,47,917.0,2250.0
28,48,553.0,594.0
28,49,838.0,1780.0
28,50,717.0,1969.0
28,51,879.0,4147.0
28,52,894.0,3467.0
28,53,1301.0,6255.0
28,54,1184.0,5030.0
28,55,1344.0,5820.0
28,56,1685.0,8963.0
28,57,1356.0,5804.0
28,58,1680.0,7575.0
28,59,1808.0,9386.0
28,60,1684.0,9288.0
28,61,1666.0,8626.0
28,62,1847.0,6662.0
28,63,1555.0,4839.0
28,64,1135.0,4379.0
28,65,1106.0,3827.0
28,66,1997.0,11078.0
29,1,1009.0,2664.0
29,2,2301.0,6199.0
29,3,1907.0,4805.0
29,4,889.0,1644.0
29,5,1933.0,4862.0
29,6,1559.0,3792.0
29,7,1055.0,1455.0
29,8,1443.0,2999.0
29,9,1192.0,3609.0
29,10,1841.0,6990.0
29,11,1825.0,7889.0
29,12,1691.0,3772.0
29,13,1565.0,4580.0
29,14,1222.0,2587.0
29,15,2468.0,11679.0
29,16,1925.0,5271.0
29,17,601.0,769.0
29,18,1840.0,4836.0
29,19,1122.0,1459.0
29,20,1329.0,1741.0
29,21,1558.0,2021.0
29,22,2307.0,4338.0
29,23,1651.0,4233.0
29,24,1552.0,4084.0
29,25,1507.0,4014.0
29,26,1372.0,4063.0
29,27,853.0,2430.0
29,28,1511.0,3989.0
29,29,0.0,0.0
29,30,2654.0,6199.0
29,31,1074.0,1452.0
29,32,1295.0,3172.0
29,33,1712.0,4844.0
29,34,1102.0,1396.0
29,35,1633.0,4666.0
29,36,1515.0,4002.0
29,37,992.0,2708.0
29,38,778.0,2060.0
29,39,2085.0,2958.0
29,40,1269.0,4055.0
29,41,1124.0,4341.0
29,42,2017.0,4512.0
29,43,2394.0,5966.0
29,44,1943.0,5115.0
29,45,2757.0,8456.0
29,46,2571.0,7567.0
29,47,1994.0,5871.0
29,48,1851.0,5055.0
29,49,1271.0,1698.0
29,50,2254.0,5896.0
29,51,2288.0,7832.0
29,52,1889.0,5623.0
29,53,2479.0,8013.0
29,54,2477.0,8215.0
29,55,2776.0,9101.0
29,56,3117.0,12244.0
29,57,2788.0,9085.0
29,58,3089.0,11260.0
29,59,3240.0,12668.0
29,60,3116.0,12569.0
29,61,3098.0,11907.0
29,62,2295.0,6876.0
29,63,2696.0,7207.0
29,64,1654.0,3346.0
29,65,1176.0,2400.0
29,66,1195.0,7588.0
30,1,3741.0,10697.0
30,2,2561.0,9086.0
30,3,3206.0,9696.0
30,4,2244.0,6337.0
30,5,1896.0,5329.0
30,6,1527.0,4259.0
30,7,2595.0,7667.0
30,8,1381.0,3465.0
30,9,1399.0,5102.0
30,10,3493.0,10033.0
30,11,3120.0,10888.0
30,12,3280.0,9480.0
30,13,2472.0,8502.0
30,14,3028.0,6619.0
30,15,5102.0,20802.0
30,16,1947.0,7016.0
30,17,1895.0,5811.0
30,18,1801.0,5303.0
30,19,1727.0,4828.0
30,20,1406.0,4635.0
30,21,1397.0,4143.0
30,22,1196.0,1563.0
30,23,971.0,1483.0
30,24,2733.0,8923.0
30,25,2767.0,8961.0
30,26,3007.0,9031.0
30,27,2270.0,5387.0
30,28,1498.0,5627.0
30,29,2391.0,6580.0
30,30,0.0,0.0
30,31,1828.0,6724.0
30,32,2769.0,8642.0
30,33,1073.0,2540.0
30,34,2004.0,6445.0
30,35,2746.0,8879.0
30,36,1674.0,4069.0
30,37,2186.0,7442.0
30,38,2590.0,8704.0
30,39,3161.0,8740.0
30,40,1232.0,4522.0
30,41,1897.0,5892.0
30,42,2235.0,6571.0
30,43,2254.0,6991.0
30,44,1940.0,6651.0
30,45,3394.0,12559.0
30,46,3272.0,11315.0
30,47,2157.0,7505.0
30,48,1769.0,6236.0
30,49,1926.0,7136.0
30,50,1957.0,7224.0
30,51,2815.0,9417.0
30,52,2134.0,8722.0
30,53,2513.0,10156.0
30,54,2424.0,10285.0
30,55,2584.0,11074.0
30,56,2925.0,14218.0
30,57,2596.0,11058.0
30,58,3259.0,15668.0
30,59,3048.0,14641.0
30,60,2924.0,14542.0
30,61,2906.0,13881.0
30,62,3543.0,11793.0
30,63,3491.0,10108.0
30,64,1036.0,2273.0
30,65,1146.0,2955.0
30,66,3387.0,15872.0
31,1,1422.0,3788.0
31,2,2218.0,5419.0
31,3,2344.0,7345.0
31,4,1360.0,3885.0
31,5,1525.0,2640.0
31,6,1662.0,2918.0
31,7,594.0,1671.0
31,8,1834.0,3881.0
31,9,542.0,1184.0
31,10,1833.0,4586.0
31,11,1669.0,8628.0
31,12,1746.0,3585.0
31,13,1661.0,5080.0
31,14,1693.0,4829.0
31,15,3081.0,15146.0
31,16,1414.0,5174.0
31,17,719.0,1993.0
31,18,1199.0,2648.0
31,19,816.0,2740.0
31,20,807.0,1041.0
31,21,829.0,1794.0
31,22,2154.0,4966.0
31,23,1077.0,4499.0
31,24,1802.0,5371.0
31,25,1888.0,5481.0
31,26,1699.0,4187.0
31,27,1324.0,4672.0
31,28,856.0,2049.0
31,29,1053.0,1452.0
31,30,2080.0,6465.0
31,31,0.0,0.0
31,32,1512.0,4638.0
31,33,1138.0,5110.0
31,34,726.0,886.0
31,35,1854.0,6100.0
31,36,1005.0,3891.0
31,37,765.0,998.0
31,38,939.0,3207.0
31,39,2172.0,4045.0
31,40,943.0,1948.0
31,41,916.0,2320.0
31,42,1203.0,2865.0
31,43,1580.0,4320.0
31,44,1129.0,3469.0
31,45,2727.0,8967.0
31,46,2541.0,8077.0
31,47,1480.0,3927.0
31,48,1037.0,3409.0
31,49,322.0,445.0
31,50,1743.0,5798.0
31,51,1477.0,5824.0
31,52,1547.0,5065.0
31,53,1899.0,7932.0
31,54,1830.0,7595.0
31,55,2241.0,7408.0
31,56,2582.0,10551.0
31,57,2253.0,7392.0
31,58,2278.0,9252.0
31,59,2705.0,10974.0
31,60,2581.0,10875.0
31,61,2563.0,10214.0
31,62,2622.0,9442.0
31,63,2153.0,6516.0
31,64,1080.0,3612.0
31,65,970.0,2868.0
31,66,1647.0,8712.0
32,1,1251.0,3642.0
32,2,1395.0,3551.0
32,3,1025.0,2666.0
32,4,961.0,4340.0
32,5,2170.0,4495.0
32,6,2594.0,5453.0
32,7,493.0,1681.0
32,8,2726.0,6470.0
32,9,1268.0,3877.0
32,10,1086.0,3025.0
32,11,1259.0,4165.0
32,12,781.0,1114.0
32,13,659.0,1932.0
32,14,1736.0,4983.0
32,15,3296.0,16074.0
32,16,889.0,1645.0
32,17,1403.0,3914.0
32,18,1732.0,3949.0
32,19,1664.0,4611.0
32,20,1980.0,4802.0
32,21,2406.0,6312.0
32,22,2934.0,7436.0
32,23,2335.0,7642.0
32,24,598.0,1348.0
32,25,676.0,1457.0
32,26,466.0,1415.0
32,27,1314.0,4115.0
32,28,1086.0,2680.0
32,29,1213.0,3708.0
32,30,3189.0,8595.0
32,31,1297.0,3564.0
32,32,0.0,0.0
32,33,2396.0,8254.0
32,34,1733.0,3691.0
32,35,727.0,2018.0
32,36,1976.0,5687.0
32,37,739.0,1604.0
32,38,662.0,1156.0
32,39,1897.0,3856.0
32,40,1831.0,4293.0
32,41,1310.0,3527.0
32,42,1445.0,3423.0
32,43,1758.0,2973.0
32,44,1208.0,2864.0
32,45,2191.0,6931.0
32,46,1871.0,5749.0
32,47,1088.0,3223.0
32,48,1116.0,2796.0
32,49,1193.0,2185.0
32,50,1130.0,2279.0
32,51,1501.0,4884.0
32,52,983.0,2975.0
32,53,1769.0,6145.0
32,54,1690.0,5808.0
32,55,2106.0,7592.0
32,56,2292.0,9091.0
32,57,2118.0,7576.0
32,58,2513.0,10284.0
32,59,2563.0,9689.0
32,60,2636.0,10180.0
32,61,2618.0,9518.0
32,62,1884.0,6153.0
32,63,1637.0,3581.0
32,64,2617.0,7355.0
32,65,2547.0,7386.0
32,66,1326.0,8709.0
33,1,2393.0,6834.0
33,2,2468.0,9531.0
33,3,2939.0,10978.0
33,4,1894.0,5725.0
33,5,1803.0,5774.0
33,6,1434.0,4704.0
33,7,1945.0,6610.0
33,8,1288.0,3910.0
33,9,1489.0,6401.0
33,10,2950.0,13324.0
33,11,2934.0,14223.0
33,12,2756.0,9540.0
33,13,2349.0,9847.0
33,14,2227.0,5122.0
33,15,3431.0,12151.0
33,16,1957.0,8205.0
33,17,1094.0,4314.0
33,18,1708.0,5748.0
33,19,926.0,3331.0
33,20,1143.0,4931.0
33,21,1223.0,4665.0
33,22,1307.0,3196.0
33,23,663.0,1551.0
33,24,2650.0,10016.0
33,25,2684.0,10054.0
33,26,2744.0,10141.0
33,27,1469.0,3890.0
33,28,1544.0,6816.0
33,29,1590.0,5083.0
33,30,1334.0,2373.0
33,31,1027.0,5227.0
33,32,2367.0,8362.0
33,33,0.0,0.0
33,34,1203.0,4949.0
33,35,2542.0,10867.0
33,36,873.0,2573.0
33,37,1385.0,5946.0
33,38,1755.0,6470.0
33,39,2909.0,10157.0
33,40,1139.0,4967.0
33,41,1861.0,7157.0
33,42,2281.0,7760.0
33,43,2277.0,8181.0
33,44,1963.0,7841.0
33,45,3415.0,13734.0
33,46,3229.0,12844.0
33,47,2168.0,8694.0
33,48,1801.0,7426.0
33,49,1125.0,5640.0
33,50,1968.0,8413.0
33,51,2165.0,10592.0
33,52,2235.0,9833.0
33,53,2587.0,12699.0
33,54,2518.0,12362.0
33,55,2491.0,11519.0
33,56,2832.0,14663.0
33,57,2503.0,11503.0
33,58,2966.0,14019.0
33,59,2955.0,15086.0
33,60,2831.0,14987.0
33,61,2813.0,14325.0
33,62,3281.0,12880.0
33,63,2841.0,11283.0
33,64,882.0,2508.0
33,65,1032.0,3388.0
33,66,2016.0,6834.0
34,1,1719.0,4176.0
34,2,2474.0,6290.0
34,3,2686.0,7614.0
34,4,1427.0,2787.0
34,5,1791.0,2305.0
34,6,1576.0,2292.0
34,7,936.0,1940.0
34,8,1748.0,3256.0
34,9,1009.0,2066.0
34,10,1941.0,7341.0
34,11,1925.0,8240.0
34,12,2360.0,4165.0
34,13,1912.0,5899.0
34,14,1760.0,3730.0
34,15,3148.0,14048.0
34,16,1756.0,5442.0
34,17,902.0,2044.0
34,18,1666.0,3523.0
34,19,999.0,2791.0
34,20,608.0,830.0
34,21,1179.0,1572.0
34,22,1917.0,4133.0
34,23,1260.0,4549.0
34,24,2144.0,5640.0
34,25,2421.0,6345.0
34,26,2041.0,4456.0
34,27,1391.0,3574.0
34,28,1107.0,2868.0
34,29,1008.0,1396.0
34,30,2263.0,6515.0
34,31,653.0,885.0
34,32,1854.0,4907.0
34,33,1321.0,5161.0
34,34,0.0,0.0
34,35,2105.0,6919.0
34,36,1188.0,3941.0
34,37,948.0,1998.0
34,38,1281.0,3476.0
34,39,1900.0,4174.0
34,40,1131.0,1507.0
34,41,1424.0,3209.0
34,42,1844.0,3812.0
34,43,1840.0,4233.0
34,44,1596.0,4351.0
34,45,2978.0,9786.0
34,46,2792.0,8896.0
34,47,1731.0,4746.0
34,48,1504.0,4291.0
34,49,688.0,1692.0
34,50,1531.0,4465.0
34,51,1728.0,6644.0
34,52,1798.0,5885.0
34,53,2150.0,8751.0
34,54,2081.0,8414.0
34,55,2465.0,8620.0
34,56,2838.0,11422.0
34,57,2509.0,8262.0
34,58,2529.0,10071.0
34,59,2985.0,10651.0
34,60,2837.0,11746.0
34,61,2819.0,11084.0
34,62,2964.0,9711.0
34,63,2404.0,7335.0
34,64,1263.0,3663.0
34,65,1153.0,2919.0
34,66,1797.0,8731.0
35,1,1608.0,4993.0
35,2,1370.0,2476.0
35,3,899.0,1305.0
35,4,1318.0,5691.0
35,5,2610.0,5385.0
35,6,2520.0,5771.0
35,7,850.0,3032.0
35,8,2652.0,6646.0
35,9,1560.0,5099.0
35,10,1511.0,3921.0
35,11,906.0,2538.0
35,12,1331.0,1890.0
35,13,627.0,841.0
35,14,2093.0,6335.0
35,15,3677.0,15238.0
35,16,1130.0,3298.0
35,17,2288.0,7683.0
35,18,2350.0,5754.0
35,19,2385.0,8430.0
35,20,2187.0,6739.0
35,21,2398.0,7484.0
35,22,2860.0,7612.0
35,23,2646.0,10189.0
35,24,999.0,1343.0
35,25,947.0,1261.0
35,26,589.0,834.0
35,27,1822.0,5989.0
35,28,1218.0,4146.0
35,29,1570.0,5060.0
35,30,3115.0,8771.0
35,31,1908.0,6140.0
35,32,746.0,1894.0
35,33,2707.0,10800.0
35,34,2247.0,6757.0
35,35,0.0,0.0
35,36,2574.0,9581.0
35,37,2100.0,5946.0
35,38,1310.0,3046.0
35,39,2498.0,8499.0
35,40,1946.0,4578.0
35,41,1842.0,6053.0
35,42,2043.0,5311.0
35,43,1788.0,4314.0
35,44,1427.0,3916.0
35,45,1205.0,4150.0
35,46,1019.0,3260.0
35,47,1324.0,2800.0
35,48,1317.0,4070.0
35,49,1886.0,5813.0
35,50,1162.0,3248.0
35,51,747.0,994.0
35,52,960.0,1894.0
35,53,1070.0,1402.0
35,54,1033.0,2922.0
35,55,1973.0,7168.0
35,56,2159.0,8666.0
35,57,1985.0,7152.0
35,58,1481.0,4579.0
35,59,1937.0,5159.0
35,60,2194.0,8337.0
35,61,2176.0,7675.0
35,62,1109.0,3148.0
35,63,980.0,1352.0
35,64,2649.0,9302.0
35,65,2539.0,8558.0
35,66,2164.0,11146.0
36,1,2052.0,3544.0
36,2,3024.0,9386.0
36,3,2960.0,9640.0
36,4,1366.0,3381.0
36,5,2359.0,5629.0
36,6,1990.0,4559.0
36,7,1657.0,4693.0
36,8,1844.0,3765.0
36,9,1510.0,5063.0
36,10,2893.0,8973.0
36,11,2877.0,9872.0
36,12,2777.0,8202.0
36,13,2370.0,8509.0
36,14,1574.0,2279.0
36,15,2667.0,10943.0
36,16,1978.0,6867.0
36,17,1115.0,2976.0
36,18,2264.0,5603.0
36,19,1279.0,1819.0
36,20,1164.0,3593.0
36,21,1244.0,3327.0
36,22,1971.0,2405.0
36,23,776.0,1584.0
36,24,2671.0,8678.0
36,25,2705.0,8716.0
36,26,2524.0,6628.0
36,27,845.0,1227.0
36,28,1565.0,5478.0
36,29,1523.0,4064.0
36,30,1779.0,3550.0
36,31,1048.0,3889.0
36,32,2388.0,7024.0
36,33,837.0,2195.0
36,34,1224.0,3611.0
36,35,2563.0,9529.0
36,36,0.0,0.0
36,37,1406.0,4608.0
36,38,1570.0,5122.0
36,39,2754.0,5984.0
36,40,1695.0,4822.0
36,41,1916.0,7403.0
36,42,2313.0,7939.0
36,43,2298.0,6843.0
36,44,1984.0,6503.0
36,45,3365.0,12404.0
36,46,3243.0,11166.0
36,47,2189.0,7356.0
36,48,1822.0,6088.0
36,49,1146.0,4302.0
36,50,1989.0,7075.0
36,51,2186.0,9254.0
36,52,2256.0,8494.0
36,53,2608.0,11361.0
36,54,2539.0,11024.0
36,55,3047.0,11374.0
36,56,3388.0,14518.0
36,57,3059.0,11358.0
36,58,2987.0,12681.0
36,59,3511.0,14941.0
36,60,3387.0,14842.0
36,61,3369.0,14180.0
36,62,3302.0,11542.0
36,63,2862.0,9945.0
36,64,898.0,1150.0
36,65,1348.0,1824.0
36,66,1252.0,5626.0
37,1,1425.0,4851.0
37,2,2097.0,4805.0
37,3,1808.0,4121.0
37,4,1055.0,3455.0
37,5,1748.0,3310.0
37,6,1822.0,3419.0
37,7,814.0,2480.0
37,8,1954.0,4294.0
37,9,846.0,2693.0
37,10,1183.0,3792.0
37,11,1364.0,8198.0
37,12,1096.0,2791.0
37,13,1463.0,3828.0
37,14,1388.0,4399.0
37,15,2776.0,14716.0
37,16,869.0,2255.0
37,17,1084.0,2784.0
37,18,1310.0,2764.0
37,19,1181.0,3531.0
37,20,983.0,1841.0
37,21,1194.0,2585.0
37,22,2162.0,5260.0
37,23,1442.0,5290.0
37,24,1257.0,2452.0
37,25,1543.0,2852.0
37,26,1640.0,3457.0
37,27,1019.0,4242.0
37,28,664.0,1496.0
37,29,1014.0,2860.0
37,30,2417.0,6419.0
37,31,776.0,998.0
37,32,707.0,1613.0
37,33,1503.0,5901.0
37,34,1043.0,1859.0
37,35,1531.0,3914.0
37,36,1370.0,4682.0
37,37,0.0,0.0
37,38,495.0,694.0
37,39,1339.0,4132.0
37,40,1248.0,2226.0
37,41,888.0,2342.0
37,42,1023.0,2238.0
37,43,1548.0,3620.0
37,44,1151.0,3187.0
37,45,2539.0,8397.0
37,46,1998.0,9782.0
37,47,1514.0,3554.0
37,48,1059.0,3119.0
37,49,540.0,698.0
37,50,1198.0,2879.0
37,51,1511.0,5451.0
37,52,1670.0,4441.0
37,53,1933.0,7559.0
37,54,1864.0,7221.0
37,55,2120.0,6794.0
37,56,2461.0,9937.0
37,57,2132.0,6778.0
37,58,2312.0,8879.0
37,59,2584.0,10360.0
37,60,2460.0,10262.0
37,61,2442.0,9600.0
37,62,2077.0,6523.0
37,63,2187.0,6143.0
37,64,1445.0,4403.0
37,65,1335.0,3659.0
37,66,1505.0,9399.0
38,1,1106.0,4004.0
38,2,1920.0,4747.0
38,3,1767.0,4235.0
38,4,911.0,3473.0
38,5,1895.0,3878.0
38,6,2319.0,4836.0
38,7,531.0,1793.0
38,8,2451.0,5853.0
38,9,1004.0,3849.0
38,10,1185.0,3283.0
38,11,1185.0,7727.0
38,12,1098.0,2282.0
38,13,1210.0,3013.0
38,14,1536.0,4284.0
38,15,2565.0,13020.0
38,16,717.0,2064.0
38,17,1171.0,3057.0
38,18,1457.0,3332.0
38,19,1589.0,3913.0
38,20,1514.0,4144.0
38,21,1728.0,4873.0
38,22,2659.0,6819.0
38,23,1976.0,7577.0
38,24,749.0,1810.0
38,25,827.0,1919.0
38,26,1017.0,2496.0
38,27,863.0,3771.0
38,28,811.0,2063.0
38,29,858.0,2389.0
38,30,2914.0,7978.0
38,31,895.0,3378.0
38,32,569.0,1171.0
38,33,2037.0,8189.0
38,34,1331.0,3505.0
38,35,1278.0,3099.0
38,36,1525.0,5343.0
38,37,464.0,987.0
38,38,0.0,0.0
38,39,1160.0,3660.0
38,40,1405.0,4605.0
38,41,1035.0,2910.0
38,42,1170.0,2806.0
38,43,1396.0,3429.0
38,44,999.0,2996.0
38,45,2316.0,8206.0
38,46,2194.0,6976.0
38,47,1383.0,2904.0
38,48,907.0,2928.0
38,49,883.0,3012.0
38,50,1046.0,2688.0
38,51,1557.0,5064.0
38,52,1493.0,4383.0
38,53,1707.0,5648.0
38,54,1708.0,5850.0
38,55,2106.0,6736.0
38,56,2447.0,9880.0
38,57,2118.0,6720.0
38,58,2781.0,11330.0
38,59,2570.0,10303.0
38,60,2446.0,10204.0
38,61,2428.0,9542.0
38,62,1842.0,5955.0
38,63,2173.0,5979.0
38,64,1979.0,6691.0
38,65,1869.0,5947.0
38,66,1711.0,7657.0
39,1,1878.0,2498.0
39,2,3344.0,11104.0
39,3,2941.0,10584.0
39,4,2049.0,4537.0
39,5,2779.0,8474.0
39,6,2405.0,7404.0
39,7,1618.0,2107.0
39,8,2289.0,6611.0
39,9,1577.0,4891.0
39,10,1719.0,6172.0
39,11,1191.0,5704.0
39,12,1985.0,7317.0
39,13,2550.0,9680.0
39,14,2824.0,5180.0
39,15,4408.0,14084.0
39,16,2325.0,5804.0
39,17,1939.0,5069.0
39,18,2860.0,5783.0
39,19,1883.0,5366.0
39,20,2286.0,7779.0
39,21,2275.0,7288.0
39,22,3153.0,7950.0
39,23,2723.0,8910.0
39,24,2160.0,9231.0
39,25,2238.0,9340.0
39,26,2415.0,8968.0
39,27,2553.0,4835.0
39,28,2509.0,6010.0
39,29,2301.0,3905.0
39,30,3408.0,9109.0
39,31,2094.0,3847.0
39,32,1980.0,8592.0
39,33,2784.0,9521.0
39,34,2530.0,3975.0
39,35,2676.0,9571.0
39,36,2651.0,8302.0
39,37,1428.0,4012.0
39,38,2076.0,8425.0
39,39,0.0,0.0
39,40,2115.0,7667.0
39,41,2733.0,6857.0
39,42,2868.0,6753.0
39,43,3241.0,7455.0
39,44,2790.0,6604.0
39,45,2145.0,8470.0
39,46,1825.0,7288.0
39,47,3037.0,10776.0
39,48,2698.0,6544.0
39,49,1509.0,4120.0
39,50,2566.0,6438.0
39,51,2293.0,10334.0
39,52,2932.0,10528.0
39,53,1994.0,9890.0
39,54,1923.0,9552.0
39,55,2320.0,11337.0
39,56,2537.0,12835.0
39,57,2332.0,11321.0
39,58,2803.0,14028.0
39,59,2817.0,13434.0
39,60,3231.0,14816.0
39,61,2878.0,12861.0
39,62,1838.0,7692.0
39,63,3679.0,13012.0
39,64,2836.0,7870.0
39,65,2022.0,6012.0
39,66,2673.0,13912.0
40,1,1608.0,5969.0
40,2,1552.0,4890.0
40,3,2016.0,6071.0
40,4,1109.0,4860.0
40,5,664.0,807.0
40,6,875.0,1149.0
40,7,1224.0,3410.0
40,8,929.0,2363.0
40,9,390.0,905.0
40,10,2165.0,10252.0
40,11,2149.0,11151.0
40,12,1991.0,4761.0
40,13,1463.0,4306.0
40,14,1780.0,5242.0
40,15,3765.0,14370.0
40,16,938.0,2819.0
40,17,1054.0,3820.0
40,18,718.0,876.0
40,19,876.0,3278.0
40,20,467.0,677.0
40,21,714.0,1633.0
40,22,1137.0,3329.0
40,23,984.0,4300.0
40,24,1940.0,5090.0
40,25,1751.0,4802.0
40,26,1659.0,4991.0
40,27,1608.0,4937.0
40,28,489.0,1431.0
40,29,1166.0,4027.0
40,30,1392.0,4488.0
40,31,1063.0,2319.0
40,32,1865.0,5262.0
40,33,1034.0,5064.0
40,34,1130.0,1507.0
40,35,1737.0,4683.0
40,36,1508.0,4684.0
40,37,1374.0,2587.0
40,38,1686.0,5324.0
40,39,2026.0,7264.0
40,40,0.0,0.0
40,41,914.0,1632.0
40,42,1201.0,2177.0
40,43,1245.0,2795.0
40,44,1127.0,2781.0
40,45,2558.0,8348.0
40,46,2372.0,7459.0
40,47,1148.0,3308.0
40,48,1035.0,2721.0
40,49,1139.0,2386.0
40,50,948.0,3027.0
40,51,1506.0,5221.0
40,52,1125.0,4526.0
40,53,1504.0,5959.0
40,54,1415.0,6089.0
40,55,1575.0,6878.0
40,56,1916.0,10022.0
40,57,1587.0,6862.0
40,58,2250.0,11472.0
40,59,2039.0,10445.0
40,60,1915.0,10346.0
40,61,1897.0,9684.0
40,62,2294.0,8168.0
40,63,2182.0,5912.0
40,64,820.0,3248.0
40,65,791.0,2696.0
40,66,2252.0,10278.0
41,1,1925.0,6389.0
41,2,1869.0,4828.0
41,3,2229.0,6270.0
41,4,1565.0,5354.0
41,5,960.0,1119.0
41,6,1391.0,2812.0
41,7,1037.0,3394.0
41,8,1523.0,3688.0
41,9,632.0,1350.0
41,10,2207.0,5831.0
41,11,2180.0,10050.0
41,12,2120.0,4831.0
41,13,1541.0,3981.0
41,14,1898.0,6298.0
41,15,3384.0,15405.0
41,16,1040.0,2999.0
41,17,1553.0,3845.0
41,18,674.0,796.0
41,19,1650.0,4592.0
41,20,1072.0,2127.0
41,21,1308.0,2957.0
41,22,1731.0,4653.0
41,23,1578.0,5624.0
41,24,1687.0,4311.0
41,25,1964.0,5001.0
41,26,2061.0,5606.0
41,27,1529.0,6141.0
41,28,806.0,1370.0
41,29,1486.0,4759.0
41,30,1986.0,5812.0
41,31,876.0,2303.0
41,32,1612.0,4483.0
41,33,1628.0,6388.0
41,34,1437.0,3190.0
41,35,1692.0,4416.0
41,36,1839.0,5742.0
41,37,791.0,2211.0
41,38,1382.0,4930.0
41,39,2155.0,5984.0
41,40,817.0,1620.0
41,41,0.0,0.0
41,42,505.0,628.0
41,43,1325.0,2853.0
41,44,874.0,2002.0
41,45,2436.0,8195.0
41,46,2250.0,7306.0
41,47,1465.0,3247.0
41,48,782.0,1942.0
41,49,952.0,2370.0
41,50,1265.0,2966.0
41,51,1444.0,5053.0
41,52,1442.0,4464.0
41,53,1821.0,5898.0
41,54,1732.0,6028.0
41,55,1892.0,6817.0
41,56,2233.0,9960.0
41,57,1904.0,6801.0
41,58,2567.0,11411.0
41,59,2356.0,10384.0
41,60,2232.0,10285.0
41,61,2214.0,9623.0
41,62,2507.0,8367.0
41,63,2120.0,5744.0
41,64,1414.0,4573.0
41,65,1385.0,4021.0
41,66,1871.0,11298.0
42,1,2295.0,6872.0
42,2,1996.0,4775.0
42,3,2317.0,6234.0
42,4,1935.0,5837.0
42,5,1415.0,1726.0
42,6,1746.0,3401.0
42,7,1822.0,6289.0
42,8,1878.0,4276.0
42,9,837.0,1719.0
42,10,2401.0,6212.0
42,11,2492.0,10544.0
42,12,2314.0,5211.0
42,13,1634.0,4020.0
42,14,2268.0,6781.0
42,15,3754.0,15888.0
42,16,1128.0,2963.0
42,17,1876.0,4431.0
42,18,1044.0,1280.0
42,19,1973.0,5178.0
42,20,1427.0,2716.0
42,21,1663.0,3546.0
42,22,2086.0,5242.0
42,23,1933.0,6213.0
42,24,1775.0,4275.0
42,25,2052.0,4965.0
42,26,2149.0,5570.0
42,27,1899.0,6624.0
42,28,873.0,1207.0
42,29,1856.0,5242.0
42,30,2341.0,6401.0
42,31,1496.0,2889.0
42,32,1700.0,4448.0
42,33,1983.0,6977.0
42,34,1835.0,3506.0
42,35,1785.0,4455.0
42,36,2162.0,6329.0
42,37,1551.0,2926.0
42,38,1521.0,4510.0
42,39,2467.0,6478.0
42,40,1172.0,2208.0
42,41,463.0,628.0
42,42,0.0,0.0
42,43,1413.0,2817.0
42,44,962.0,1966.0
42,45,2529.0,8234.0
42,46,2343.0,7344.0
42,47,1592.0,3194.0
42,48,870.0,1906.0
42,49,1474.0,2562.0
42,50,1392.0,2913.0
42,51,1554.0,5091.0
42,52,1569.0,4411.0
42,53,1948.0,5845.0
42,54,1859.0,5974.0
42,55,2019.0,6764.0
42,56,2360.0,9907.0
42,57,2031.0,6748.0
42,58,2694.0,11358.0
42,59,2483.0,10330.0
42,60,2359.0,10232.0
42,61,2341.0,9570.0
42,62,2595.0,8331.0
42,63,2230.0,5783.0
42,64,1769.0,5161.0
42,65,1740.0,4609.0
42,66,2241.0,11781.0
43,1,2242.0,6726.0
43,2,1592.0,3852.0
43,3,1636.0,4727.0
43,4,2362.0,6062.0
43,5,1840.0,3499.0
43,6,1750.0,3884.0
43,7,1331.0,5029.0
43,8,1882.0,4760.0
43,9,1082.0,2102.0
43,10,2581.0,9905.0
43,11,1701.0,5640.0
43,12,1471.0,3939.0
43,13,1151.0,3097.0
43,14,2695.0,7005.0
43,15,3701.0,15742.0
43,16,637.0,1359.0
43,17,1875.0,4915.0
43,18,1656.0,3116.0
43,19,1972.0,5662.0
43,20,1431.0,3199.0
43,21,1667.0,4029.0
43,22,2090.0,5725.0
43,23,1937.0,6696.0
43,24,1394.0,3451.0
43,25,1371.0,3458.0
43,26,1468.0,4063.0
43,27,2326.0,6849.0
43,28,806.0,1378.0
43,29,2283.0,5467.0
43,30,2345.0,6884.0
43,31,1695.0,6613.0
43,32,1195.0,2843.0
43,33,1987.0,7461.0
43,34,1834.0,3989.0
43,35,1302.0,3532.0
43,36,2161.0,6813.0
43,37,1265.0,3522.0
43,38,1066.0,3238.0
43,39,2540.0,6738.0
43,40,1176.0,2692.0
43,41,1099.0,2532.0
43,42,1340.0,2199.0
43,43,0.0,0.0
43,44,296.0,478.0
43,45,1988.0,7311.0
43,46,1853.0,6081.0
43,47,845.0,1261.0
43,48,545.0,852.0
43,49,1683.0,6248.0
43,50,450.0,722.0
43,51,1125.0,4168.0
43,52,1165.0,3488.0
43,53,1379.0,4753.0
43,54,1380.0,4955.0
43,55,1567.0,5841.0
43,56,1908.0,8984.0
43,57,1579.0,5825.0
43,58,2242.0,10435.0
43,59,2031.0,9407.0
43,60,1907.0,9309.0
43,61,1889.0,8647.0
43,62,1914.0,6824.0
43,63,1832.0,5083.0
43,64,1773.0,5645.0
43,65,1744.0,5093.0
43,66,2149.0,11637.0
44,1,2052.0,6391.0
44,2,1358.0,3517.0
44,3,1446.0,4328.0
44,4,2172.0,5727.0
44,5,1635.0,3156.0
44,6,1545.0,3541.0
44,7,1141.0,4694.0
44,8,1677.0,4417.0
44,9,877.0,1759.0
44,10,2391.0,9570.0
44,11,1515.0,5305.0
44,12,1281.0,3540.0
44,13,965.0,2762.0
44,14,2505.0,6670.0
44,15,3511.0,15407.0
44,16,447.0,1024.0
44,17,1670.0,4572.0
44,18,1451.0,2773.0
44,19,1767.0,5319.0
44,20,1226.0,2856.0
44,21,1462.0,3686.0
44,22,1885.0,5382.0
44,23,1732.0,6353.0
44,24,1204.0,3052.0
44,25,1181.0,3059.0
44,26,1278.0,3664.0
44,27,2136.0,6514.0
44,28,665.0,998.0
44,29,2093.0,5132.0
44,30,2140.0,6541.0
44,31,1505.0,6278.0
44,32,1005.0,2508.0
44,33,1782.0,7118.0
44,34,1629.0,3646.0
44,35,1116.0,3197.0
44,36,1956.0,6470.0
44,37,1075.0,3187.0
44,38,876.0,2903.0
44,39,2350.0,6403.0
44,40,971.0,2349.0
44,41,827.0,2099.0
44,42,1211.0,1749.0
44,43,420.0,478.0
44,44,0.0,0.0
44,45,1802.0,6976.0
44,46,1667.0,5746.0
44,47,942.0,1936.0
44,48,297.0,447.0
44,49,1493.0,5913.0
44,50,742.0,1655.0
44,51,939.0,3833.0
44,52,896.0,2821.0
44,53,1361.0,5941.0
44,54,1292.0,5604.0
44,55,1346.0,5174.0
44,56,1687.0,8318.0
44,57,1358.0,5158.0
44,58,1740.0,7261.0
44,59,1810.0,8741.0
44,60,1686.0,8642.0
44,61,1668.0,7980.0
44,62,1724.0,6425.0
44,63,1615.0,4525.0
44,64,1568.0,5302.0
44,65,1539.0,4750.0
44,66,1959.0,11238.0
45,1,2934.0,10478.0
45,2,1618.0,5006.0
45,3,1437.0,3916.0
45,4,2644.0,11176.0
45,5,2848.0,9127.0
45,6,2758.0,9513.0
45,7,2139.0,9395.0
45,8,2890.0,10388.0
45,9,1852.0,7956.0
45,10,1388.0,4069.0
45,11,1045.0,2824.0
45,12,2276.0,5141.0
45,13,1456.0,4635.0
45,14,3517.0,12902.0
45,15,4905.0,23220.0
45,16,1478.0,6142.0
45,17,2760.0,10594.0
45,18,2656.0,8598.0
45,19,2857.0,11341.0
45,20,2439.0,8828.0
45,21,2675.0,9658.0
45,22,3098.0,11354.0
45,23,2945.0,12325.0
45,24,2061.0,5895.0
45,25,2023.0,5903.0
45,26,1862.0,5192.0
45,27,3148.0,12746.0
45,28,1545.0,6990.0
45,29,3105.0,11363.0
45,30,3353.0,12513.0
45,31,2380.0,9051.0
45,32,2072.0,7378.0
45,33,2995.0,13089.0
45,34,2719.0,9668.0
45,35,1385.0,4268.0
45,36,3046.0,12491.0
45,37,2385.0,8722.0
45,38,2415.0,10453.0
45,39,2375.0,8648.0
45,40,2184.0,8320.0
45,41,2246.0,8162.0
45,42,2359.0,8155.0
45,43,2140.0,7157.0
45,44,1779.0,6759.0
45,45,0.0,0.0
45,46,1094.0,1519.0
45,47,1545.0,5324.0
45,48,1652.0,6914.0
45,49,2358.0,8724.0
45,50,1510.0,6092.0
45,51,1328.0,3634.0
45,52,1191.0,4480.0
45,53,1029.0,3190.0
45,54,964.0,2852.0
45,55,1604.0,4747.0
45,56,1790.0,6245.0
45,57,1616.0,4731.0
45,58,2011.0,7439.0
45,59,2061.0,6844.0
45,60,2127.0,9373.0
45,61,2109.0,8711.0
45,62,1065.0,1453.0
45,63,1664.0,3942.0
45,64,2781.0,11273.0
45,65,2752.0,10721.0
45,66,3490.0,17903.0
46,1,2912.0,9124.0
46,2,1978.0,5122.0
46,3,955.0,2570.0
46,4,2622.0,9822.0
46,5,2826.0,7791.0
46,6,2736.0,8177.0
46,7,1757.0,8185.0
46,8,2868.0,9052.0
46,9,1530.0,6666.0
46,10,1006.0,2859.0
46,11,681.0,1346.0
46,12,1773.0,3732.0
46,13,974.0,3289.0
46,14,3495.0,11604.0
46,15,4883.0,21922.0
46,16,1217.0,4811.0
46,17,2738.0,9209.0
46,18,2344.0,7267.0
46,19,2835.0,9956.0
46,20,2242.0,7591.0
46,21,2653.0,8321.0
46,22,3076.0,10018.0
46,23,2923.0,10989.0
46,24,1429.0,3921.0
46,25,1378.0,3839.0
46,26,1109.0,3136.0
46,27,3126.0,11448.0
46,28,1256.0,5658.0
46,29,2874.0,9190.0
46,30,3331.0,11177.0
46,31,2215.0,7615.0
46,32,1842.0,5068.0
46,33,2973.0,11753.0
46,34,2697.0,8283.0
46,35,903.0,2921.0
46,36,3024.0,11107.0
46,37,2063.0,7346.0
46,38,2033.0,9243.0
46,39,1993.0,7438.0
46,40,2162.0,6984.0
46,41,1934.0,6831.0
46,42,2058.0,6824.0
46,43,1878.0,5827.0
46,44,1517.0,5429.0
46,45,1002.0,2035.0
46,46,0.0,0.0
46,47,1399.0,4313.0
46,48,1372.0,5583.0
46,49,2053.0,7436.0
46,50,1249.0,4761.0
46,51,1696.0,5554.0
46,52,1633.0,4772.0
46,53,1219.0,4051.0
46,54,1140.0,3713.0
46,55,1556.0,5498.0
46,56,1742.0,6996.0
46,57,1568.0,5482.0
46,58,1963.0,8189.0
46,59,2013.0,7595.0
46,60,2347.0,8977.0
46,61,2106.0,7022.0
46,62,1038.0,1406.0
46,63,1182.0,2596.0
46,64,2759.0,9937.0
46,65,2730.0,9385.0
46,66,3634.0,17077.0
47,1,1872.0,6108.0
47,2,1013.0,1307.0
47,3,1187.0,2925.0
47,4,1582.0,6806.0
47,5,1956.0,4797.0
47,6,1866.0,5183.0
47,7,1114.0,4146.0
47,8,1998.0,6058.0
47,9,1198.0,3400.0
47,10,2341.0,9468.0
47,11,1318.0,4010.0
47,12,1364.0,3251.0
47,13,732.0,1466.0
47,14,2357.0,7449.0
47,15,3941.0,16353.0
47,16,804.0,1130.0
47,17,2024.0,6380.0
47,18,1772.0,4415.0
47,19,2090.0,6313.0
47,20,1547.0,4498.0
47,21,1783.0,5328.0
47,22,2206.0,7024.0
47,23,2053.0,7995.0
47,24,1011.0,2548.0
47,25,966.0,2478.0
47,26,809.0,2232.0
47,27,2086.0,7104.0
47,28,922.0,2676.0
47,29,1834.0,6174.0
47,30,2461.0,8183.0
47,31,1797.0,4936.0
47,32,1010.0,3008.0
47,33,2103.0,8759.0
47,34,1952.0,4641.0
47,35,965.0,2037.0
47,36,2279.0,7464.0
47,37,1497.0,3086.0
47,38,1298.0,2802.0
47,39,2300.0,6301.0
47,40,1292.0,3990.0
47,41,1582.0,3608.0
47,42,1725.0,3561.0
47,43,1068.0,1261.0
47,44,1140.0,2038.0
47,45,1581.0,5518.0
47,46,1470.0,4451.0
47,47,0.0,0.0
47,48,1048.0,1970.0
47,49,1873.0,5003.0
47,50,503.0,652.0
47,51,898.0,3116.0
47,52,750.0,1695.0
47,53,1320.0,5223.0
47,54,1040.0,3259.0
47,55,1200.0,4048.0
47,56,1541.0,7191.0
47,57,1212.0,4032.0
47,58,1699.0,6543.0
47,59,1664.0,7615.0
47,60,1540.0,7516.0
47,61,1522.0,6854.0
47,62,1980.0,6703.0
47,63,1574.0,3807.0
47,64,1889.0,6943.0
47,65,1860.0,6391.0
47,66,2034.0,12363.0
48,1,2155.0,6824.0
48,2,1374.0,3357.0
48,3,1505.0,4160.0
48,4,1885.0,5491.0
48,5,1480.0,2890.0
48,6,1390.0,3275.0
48,7,1244.0,5126.0
48,8,1522.0,4151.0
48,9,722.0,1493.0
48,10,1957.0,5324.0
48,11,1516.0,5384.0
48,12,1359.0,3369.0
48,13,966.0,2840.0
48,14,2218.0,6435.0
48,15,3614.0,15840.0
48,16,550.0,1456.0
48,17,1515.0,4306.0
48,18,1296.0,2507.0
48,19,1612.0,5053.0
48,20,1071.0,2590.0
48,21,1307.0,3420.0
48,22,1730.0,5116.0
48,23,1577.0,6087.0
48,24,1263.0,2884.0
48,25,1240.0,2891.0
48,26,1337.0,3496.0
48,27,1849.0,6278.0
48,28,398.0,594.0
48,29,1806.0,4896.0
48,30,1985.0,6275.0
48,31,1135.0,2763.0
48,32,1108.0,2940.0
48,33,1627.0,6852.0
48,34,1474.0,3380.0
48,35,1117.0,3275.0
48,36,1801.0,6204.0
48,37,1178.0,3620.0
48,38,979.0,3336.0
48,39,2254.0,6455.0
48,40,816.0,2083.0
48,41,915.0,1682.0
48,42,918.0,1306.0
48,43,761.0,852.0
48,44,385.0,447.0
48,45,1770.0,6816.0
48,46,1668.0,5825.0
48,47,956.0,1776.0
48,48,0.0,0.0
48,49,1113.0,2436.0
48,50,810.0,1561.0
48,51,920.0,3912.0
48,52,947.0,2993.0
48,53,1161.0,4258.0
48,54,1162.0,4460.0
48,55,1371.0,5584.0
48,56,1712.0,8728.0
48,57,1383.0,5568.0
48,58,2046.0,10178.0
48,59,1835.0,9151.0
48,60,1711.0,9052.0
48,61,1693.0,8390.0
48,62,1801.0,6188.0
48,63,1647.0,4827.0
48,64,1413.0,5036.0
48,65,1384.0,4484.0
48,66,2191.0,11435.0
49,1,1580.0,5084.0
49,2,2186.0,5223.0
49,3,2054.0,4719.0
49,4,1142.0,3585.0
49,5,1634.0,3021.0
49,6,1604.0,2943.0
49,7,578.0,1447.0
49,8,1766.0,3762.0
49,9,651.0,1573.0
49,10,1467.0,7429.0
49,11,1451.0,8328.0
49,12,1528.0,3285.0
49,13,1655.0,4808.0
49,14,1475.0,4529.0
49,15,2863.0,14846.0
49,16,1404.0,4855.0
49,17,833.0,2485.0
49,18,1308.0,3030.0
49,19,930.0,3232.0
49,20,732.0,1542.0
49,21,943.0,2286.0
49,22,2276.0,8829.0
49,23,1191.0,4991.0
49,24,1512.0,2745.0
49,25,1789.0,3450.0
49,26,1549.0,3473.0
49,27,1106.0,4372.0
49,28,850.0,1777.0
49,29,1101.0,2990.0
49,30,2194.0,6957.0
49,31,340.0,445.0
49,32,1147.0,2078.0
49,33,1252.0,5602.0
49,34,792.0,1560.0
49,35,1848.0,5828.0
49,36,1119.0,4383.0
49,37,546.0,698.0
49,38,559.0,1042.0
49,39,1426.0,4262.0
49,40,1337.0,2435.0
49,41,1025.0,2702.0
49,42,1312.0,3247.0
49,43,1689.0,4709.0
49,44,1238.0,3858.0
49,45,2653.0,8682.0
49,46,2467.0,7792.0
49,47,1474.0,3655.0
49,48,1146.0,3798.0
49,49,0.0,0.0
49,50,1274.0,3374.0
49,51,1471.0,5552.0
49,52,1541.0,4793.0
49,53,1893.0,7660.0
49,54,1824.0,7323.0
49,55,2208.0,7529.0
49,56,2595.0,10377.0
49,57,2283.0,7637.0
49,58,2272.0,8980.0
49,59,2728.0,9560.0
49,60,2594.0,10702.0
49,61,2576.0,10040.0
49,62,2332.0,6816.0
49,63,2147.0,6244.0
49,64,1194.0,4104.0
49,65,1084.0,3360.0
49,66,1592.0,9529.0
50,1,2034.0,6326.0
50,2,1083.0,2518.0
50,3,1317.0,4097.0
50,4,1744.0,7024.0
50,5,1717.0,3840.0
50,6,1627.0,4226.0
50,7,1214.0,4417.0
50,8,1759.0,5101.0
50,9,956.0,2685.0
50,10,1873.0,4543.0
50,11,1197.0,4306.0
50,12,1153.0,3398.0
50,13,647.0,1763.0
50,14,2621.0,7631.0
50,15,3584.0,15131.0
50,16,483.0,716.0
50,17,1740.0,5256.0
50,18,1468.0,3304.0
50,19,1837.0,6003.0
50,20,1639.0,4313.0
50,21,1850.0,5057.0
50,22,1967.0,6067.0
50,23,2098.0,7762.0
50,24,930.0,2264.0
50,25,1052.0,2828.0
50,26,1149.0,3433.0
50,27,2252.0,7475.0
50,28,649.0,1719.0
50,29,1996.0,6392.0
50,30,2222.0,7226.0
50,31,1360.0,3714.0
50,32,1014.0,2463.0
50,33,2159.0,8373.0
50,34,1699.0,4331.0
50,35,798.0,2198.0
50,36,2026.0,7154.0
50,37,1148.0,2911.0
50,38,949.0,2627.0
50,39,2466.0,7405.0
50,40,1053.0,3033.0
50,41,1294.0,3626.0
50,42,1463.0,2884.0
50,43,649.0,722.0
50,44,848.0,1084.0
50,45,1493.0,5977.0
50,46,1349.0,4747.0
50,47,474.0,652.0
50,48,756.0,1643.0
50,49,1338.0,3387.0
50,50,0.0,0.0
50,51,676.0,2835.0
50,52,656.0,2154.0
50,53,1098.0,4942.0
50,54,946.0,3718.0
50,55,1106.0,4507.0
50,56,1447.0,7650.0
50,57,1118.0,4491.0
50,58,1477.0,6262.0
50,59,1570.0,8074.0
50,60,1446.0,7975.0
50,61,1428.0,7313.0
50,62,1595.0,6194.0
50,63,1352.0,3526.0
50,64,1650.0,5986.0
50,65,1621.0,5434.0
50,66,1828.0,11406.0
51,1,2045.0,7337.0
51,2,1408.0,2822.0
51,3,1603.0,4154.0
51,4,1755.0,8035.0
51,5,2259.0,6003.0
51,6,2169.0,6389.0
51,7,1287.0,5375.0
51,8,2301.0,7264.0
51,9,1143.0,4824.0
51,10,2514.0,10697.0
51,11,1734.0,5239.0
51,12,1537.0,4480.0
51,13,704.0,2071.0
51,14,2530.0,8678.0
51,15,4114.0,19062.0
51,16,713.0,3023.0
51,17,1871.0,7408.0
51,18,1933.0,5480.0
51,19,1968.0,8155.0
51,20,1770.0,6465.0
51,21,1981.0,7209.0
51,22,2742.0,9062.0
51,23,2229.0,9914.0
51,24,1145.0,3082.0
51,25,1139.0,3707.0
51,26,982.0,3461.0
51,27,2259.0,8333.0
51,28,801.0,3871.0
51,29,2007.0,7403.0
51,30,2997.0,10221.0
51,31,1491.0,5866.0
51,32,1183.0,4237.0
51,33,2290.0,10525.0
51,34,1830.0,6483.0
51,35,704.0,994.0
51,36,2157.0,9306.0
51,37,1683.0,5672.0
51,38,1504.0,5237.0
51,39,2469.0,7530.0
51,40,1828.0,6028.0
51,41,1465.0,5005.0
51,42,1626.0,5037.0
51,43,1371.0,4040.0
51,44,1010.0,3642.0
51,45,1438.0,3649.0
51,46,1594.0,3611.0
51,47,907.0,2526.0
51,48,900.0,3795.0
51,49,1469.0,5539.0
51,50,745.0,2973.0
51,51,0.0,0.0
51,52,911.0,1227.0
51,53,376.0,480.0
51,54,517.0,1968.0
51,55,1166.0,2588.0
51,56,1352.0,4087.0
51,57,1178.0,2572.0
51,58,965.0,3626.0
51,59,1421.0,4206.0
51,60,1581.0,5858.0
51,61,1563.0,5196.0
51,62,1518.0,2154.0
51,63,1003.0,1410.0
51,64,2232.0,9028.0
51,65,2122.0,8283.0
51,66,2509.0,14401.0
52,1,2049.0,5916.0
52,2,985.0,1195.0
52,3,1328.0,2733.0
52,4,1759.0,6614.0
52,5,1940.0,5136.0
52,6,1850.0,5521.0
52,7,1291.0,3954.0
52,8,1982.0,6397.0
52,9,1182.0,3739.0
52,10,1932.0,7273.0
52,11,1459.0,3818.0
52,12,1541.0,3059.0
52,13,906.0,1265.0
52,14,2534.0,7257.0
52,15,3962.0,20067.0
52,16,805.0,2167.0
52,17,1921.0,6649.0
52,18,1756.0,4754.0
52,19,2018.0,7397.0
52,20,1531.0,4837.0
52,21,1767.0,5666.0
52,22,2190.0,7363.0
52,23,2037.0,8333.0
52,24,1292.0,2309.0
52,25,1470.0,2007.0
52,26,1362.0,1919.0
52,27,2451.0,8771.0
52,28,906.0,3015.0
52,29,2011.0,5982.0
52,30,2445.0,8522.0
52,31,1541.0,5107.0
52,32,1187.0,2816.0
52,33,2087.0,9098.0
52,34,1880.0,5724.0
52,35,900.0,1810.0
52,36,2207.0,8547.0
52,37,1693.0,4245.0
52,38,1594.0,4721.0
52,39,2695.0,6130.0
52,40,1276.0,4329.0
52,41,1594.0,4337.0
52,42,1733.0,4180.0
52,43,1472.0,3183.0
52,44,1111.0,2785.0
52,45,1317.0,4667.0
52,46,1611.0,4259.0
52,47,867.0,1349.0
52,48,1004.0,2939.0
52,49,1519.0,4780.0
52,50,837.0,2117.0
52,51,523.0,1534.0
52,52,0.0,0.0
52,53,945.0,3642.0
52,54,784.0,2408.0
52,55,944.0,3197.0
52,56,1285.0,6341.0
52,57,956.0,3181.0
52,58,1324.0,4962.0
52,59,1408.0,6764.0
52,60,1284.0,6665.0
52,61,1266.0,6003.0
52,62,1348.0,4040.0
52,63,1199.0,2226.0
52,64,1873.0,7282.0
52,65,1844.0,6730.0
52,66,1992.0,12702.0
53,1,2383.0,7985.0
53,2,1067.0,2513.0
53,3,1632.0,2374.0
53,4,2093.0,8683.0
53,5,2196.0,6463.0
53,6,2106.0,6849.0
53,7,1625.0,6023.0
53,8,2238.0,7724.0
53,9,1301.0,5464.0
53,10,1319.0,5469.0
53,11,976.0,4224.0
53,12,1875.0,5128.0
53,13,1027.0,2551.0
53,14,2786.0,10410.0
53,15,4174.0,20728.0
53,16,927.0,3650.0
53,17,2194.0,7888.0
53,18,2012.0,6081.0
53,19,2291.0,8635.0
53,20,1787.0,6164.0
53,21,2023.0,6994.0
53,22,2446.0,8690.0
53,23,2293.0,9661.0
53,24,1418.0,3792.0
53,25,1477.0,4355.0
53,26,1320.0,4109.0
53,27,2417.0,10254.0
53,28,994.0,4497.0
53,29,2412.0,8871.0
53,30,2701.0,9849.0
53,31,1814.0,6346.0
53,32,1521.0,4885.0
53,33,2343.0,10425.0
53,34,2153.0,6963.0
53,35,971.0,1401.0
53,36,2480.0,9786.0
53,37,1834.0,6230.0
53,38,1870.0,6924.0
53,39,2380.0,11000.0
53,40,1532.0,5656.0
53,41,1695.0,5670.0
53,42,1808.0,5662.0
53,43,1589.0,4664.0
53,44,1228.0,4266.0
53,45,1061.0,3197.0
53,46,1314.0,4060.0
53,47,994.0,2832.0
53,48,1101.0,4421.0
53,49,1792.0,6019.0
53,50,959.0,3600.0
53,51,324.0,480.0
53,52,640.0,1987.0
53,53,0.0,0.0
53,54,533.0,703.0
53,55,941.0,2032.0
53,56,1282.0,5175.0
53,57,953.0,2016.0
53,58,857.0,2017.0
53,59,1405.0,5599.0
53,60,1281.0,5500.0
53,61,1263.0,4838.0
53,62,1158.0,3432.0
53,63,1271.0,1817.0
53,64,2129.0,8609.0
53,65,2100.0,8057.0
53,66,2213.0,14029.0
54,1,2311.0,8070.0
54,2,995.0,2598.0
54,3,1547.0,4563.0
54,4,2021.0,8768.0
54,5,2311.0,6635.0
54,6,2221.0,7021.0
54,7,1925.0,10461.0
54,8,2353.0,7896.0
54,9,1229.0,5549.0
54,10,1174.0,5135.0
54,11,831.0,3889.0
54,12,2062.0,6206.0
54,13,1053.0,3898.0
54,14,2894.0,10495.0
54,15,4298.0,21566.0
54,16,855.0,3735.0
54,17,2220.0,9236.0
54,18,2127.0,6253.0
54,19,2317.0,9983.0
54,20,2119.0,8292.0
54,21,2330.0,9037.0
54,22,2561.0,8862.0
54,23,2578.0,11741.0
54,24,1761.0,5668.0
54,25,1723.0,5676.0
54,26,1562.0,4965.0
54,27,2525.0,10339.0
54,28,922.0,4582.0
54,29,2482.0,8956.0
54,30,2816.0,10021.0
54,31,1840.0,7693.0
54,32,1449.0,4970.0
54,33,2639.0,12353.0
54,34,2179.0,8310.0
54,35,989.0,3041.0
54,36,2506.0,11133.0
54,37,2423.0,12167.0
54,38,2201.0,11519.0
54,39,2161.0,9713.0
54,40,1647.0,5828.0
54,41,1623.0,5755.0
54,42,1736.0,5747.0
54,43,1517.0,4749.0
54,44,1156.0,4351.0
54,45,949.0,2863.0
54,46,1169.0,3725.0
54,47,922.0,2917.0
54,48,1029.0,4506.0
54,49,1818.0,7366.0
54,50,887.0,3685.0
54,51,513.0,2096.0
54,52,568.0,2072.0
54,53,498.0,703.0
54,54,0.0,0.0
54,55,767.0,1582.0
54,56,1108.0,4726.0
54,57,779.0,1566.0
54,58,789.0,2102.0
54,59,1231.0,5149.0
54,60,1107.0,5050.0
54,61,1089.0,4389.0
54,62,1013.0,3097.0
54,63,1402.0,2787.0
54,64,2244.0,8781.0
54,65,2215.0,8229.0
54,66,2328.0,14201.0
55,1,2682.0,9191.0
55,2,1968.0,7463.0
55,3,2240.0,7367.0
55,4,2392.0,9889.0
55,5,2987.0,11568.0
55,6,2897.0,11954.0
55,7,1924.0,7229.0
55,8,3029.0,12829.0
55,9,1334.0,6665.0
55,10,1906.0,9261.0
55,11,1539.0,8015.0
55,12,2174.0,6334.0
55,13,1303.0,4577.0
55,14,3265.0,11644.0
55,15,4751.0,20897.0
55,16,1056.0,4856.0
55,17,2508.0,9258.0
55,18,2803.0,11186.0
55,19,2605.0,10005.0
55,20,2578.0,11269.0
55,21,2814.0,12099.0
55,22,3237.0,13795.0
55,23,3084.0,14766.0
55,24,1564.0,4998.0
55,25,1598.0,5036.0
55,26,1619.0,5315.0
55,27,2896.0,11488.0
55,28,1190.0,5705.0
55,29,2853.0,10105.0
55,30,3492.0,14954.0
55,31,1963.0,7539.0
55,32,1820.0,6091.0
55,33,3134.0,15530.0
55,34,2467.0,8333.0
55,35,1778.0,3891.0
55,36,2794.0,11156.0
55,37,1923.0,7454.0
55,38,2218.0,8158.0
55,39,3043.0,14792.0
55,40,2323.0,10761.0
55,41,1771.0,6877.0
55,42,1999.0,7188.0
55,43,1708.0,5872.0
55,44,1347.0,5474.0
55,45,1721.0,3440.0
55,46,1882.0,7851.0
55,47,1148.0,4038.0
55,48,1204.0,5628.0
55,49,1827.0,7375.0
55,50,1088.0,4806.0
55,51,930.0,2582.0
55,52,1541.0,6937.0
55,53,684.0,2210.0
55,54,983.0,1397.0
55,55,0.0,0.0
55,56,1067.0,3771.0
55,57,717.0,903.0
55,58,1401.0,5221.0
55,59,1190.0,4194.0
55,60,1066.0,4095.0
55,61,1048.0,3433.0
55,62,1752.0,2813.0
55,63,2174.0,3365.0
55,64,2920.0,13714.0
55,65,2891.0,13162.0
55,66,3238.0,16645.0
56,1,3088.0,10182.0
56,2,1683.0,4711.0
56,3,2346.0,6999.0
56,4,2673.0,9594.0
56,5,2702.0,8816.0
56,6,2612.0,9202.0
56,7,2732.0,9808.0
56,8,2744.0,10077.0
56,9,1944.0,7419.0
56,10,1492.0,7718.0
56,11,1125.0,6472.0
56,12,2937.0,8604.0
56,13,1793.0,5568.0
56,14,4271.0,12638.0
56,15,5157.0,21621.0
56,16,1567.0,5847.0
56,17,3053.0,10252.0
56,18,2518.0,8434.0
56,19,3190.0,11305.0
56,20,2293.0,8517.0
56,21,2529.0,9347.0
56,22,2952.0,11043.0
56,23,2799.0,12014.0
56,24,2054.0,5989.0
56,25,2088.0,6027.0
56,26,2148.0,6114.0
56,27,3902.0,12481.0
56,28,1668.0,6695.0
56,29,3050.0,10248.0
56,30,3207.0,12202.0
56,31,2571.0,8717.0
56,32,2226.0,7082.0
56,33,2849.0,12778.0
56,34,2955.0,9347.0
56,35,2078.0,5975.0
56,36,3323.0,12398.0
56,37,2455.0,7925.0
56,38,2762.0,8394.0
56,39,2629.0,13249.0
56,40,2038.0,8009.0
56,41,2356.0,8017.0
56,42,2495.0,7860.0
56,43,2234.0,6864.0
56,44,1873.0,6466.0
56,45,1481.0,5527.0
56,46,1468.0,6308.0
56,47,1629.0,5029.0
56,48,1766.0,6619.0
56,49,2647.0,8784.0
56,50,1599.0,5797.0
56,51,1366.0,3573.0
56,52,1256.0,4185.0
56,53,1120.0,3201.0
56,54,1272.0,3373.0
56,55,1356.0,1965.0
56,56,0.0,0.0
56,57,815.0,1179.0
56,58,778.0,1162.0
56,59,413.0,611.0
56,60,781.0,1343.0
56,61,997.0,1197.0
56,62,1325.0,5680.0
56,63,2201.0,4754.0
56,64,2635.0,10962.0
56,65,2606.0,10410.0
56,66,4244.0,17638.0
57,1,2774.0,9348.0
57,2,1929.0,7816.0
57,3,2332.0,7524.0
57,4,2484.0,10046.0
57,5,2948.0,11921.0
57,6,2858.0,12307.0
57,7,2016.0,7386.0
57,8,2990.0,13182.0
57,9,1426.0,6822.0
57,10,1492.0,7067.0
57,11,1125.0,5821.0
57,12,2266.0,6491.0
57,13,1395.0,4734.0
57,14,3357.0,11801.0
57,15,4843.0,21054.0
57,16,1148.0,5013.0
57,17,2600.0,9415.0
57,18,2764.0,11539.0
57,19,2697.0,10162.0
57,20,2539.0,11622.0
57,21,2775.0,12452.0
57,22,3198.0,14148.0
57,23,3045.0,15119.0
57,24,1656.0,5155.0
57,25,1690.0,5193.0
57,26,1711.0,5472.0
57,27,2988.0,11645.0
57,28,1914.0,9801.0
57,29,2945.0,10262.0
57,30,3453.0,15307.0
57,31,2055.0,7696.0
57,32,1912.0,6248.0
57,33,3095.0,15883.0
57,34,2559.0,8490.0
57,35,1935.0,4771.0
57,36,2886.0,11313.0
57,37,2015.0,7611.0
57,38,2310.0,8315.0
57,39,2629.0,12598.0
57,40,2284.0,11114.0
57,41,1863.0,7034.0
57,42,2741.0,10966.0
57,43,1800.0,6029.0
57,44,1439.0,5631.0
57,45,1846.0,4192.0
57,46,1468.0,5658.0
57,47,1240.0,4195.0
57,48,1296.0,5785.0
57,49,1919.0,7532.0
57,50,1180.0,4963.0
57,51,1459.0,3826.0
57,52,1502.0,7290.0
57,53,776.0,2367.0
57,54,897.0,1330.0
57,55,640.0,903.0
57,56,989.0,1180.0
57,57,0.0,0.0
57,58,844.0,1116.0
57,59,948.0,1185.0
57,60,1027.0,4448.0
57,61,1009.0,3786.0
57,62,1325.0,5029.0
57,63,2234.0,5187.0
57,64,2881.0,14067.0
57,65,2852.0,13515.0
57,66,3330.0,16802.0
58,1,2808.0,8836.0
58,2,1403.0,3364.0
58,3,2066.0,5653.0
58,4,2393.0,8248.0
58,5,2422.0,7470.0
58,6,2332.0,7855.0
58,7,2452.0,8462.0
58,8,2464.0,8730.0
58,9,1664.0,6073.0
58,10,1547.0,6982.0
58,11,1180.0,5737.0
58,12,2657.0,7258.0
58,13,1513.0,4222.0
58,14,3991.0,11291.0
58,15,4877.0,20274.0
58,16,1287.0,4501.0
58,17,2877.0,10801.0
58,18,2238.0,7087.0
58,19,2974.0,11548.0
58,20,2013.0,7170.0
58,21,2249.0,8000.0
58,22,2672.0,9696.0
58,23,2519.0,10667.0
58,24,1774.0,4643.0
58,25,1808.0,4681.0
58,26,1868.0,4768.0
58,27,3622.0,11134.0
58,28,1388.0,5349.0
58,29,2770.0,8902.0
58,30,2927.0,10855.0
58,31,2291.0,7371.0
58,32,1946.0,5736.0
58,33,2569.0,11431.0
58,34,2836.0,9875.0
58,35,1646.0,4607.0
58,36,3163.0,12699.0
58,37,2175.0,6579.0
58,38,2482.0,7047.0
58,39,2684.0,12514.0
58,40,1758.0,6663.0
58,41,2076.0,6671.0
58,42,2215.0,6514.0
58,43,1954.0,5517.0
58,44,1593.0,5119.0
58,45,1536.0,4792.0
58,46,1523.0,5573.0
58,47,1349.0,3683.0
58,48,1486.0,5273.0
58,49,2475.0,8931.0
58,50,1319.0,4451.0
58,51,1086.0,2227.0
58,52,976.0,2838.0
58,53,840.0,1855.0
58,54,965.0,1418.0
58,55,1228.0,1743.0
58,56,944.0,1162.0
58,57,793.0,1116.0
58,58,0.0,0.0
58,59,558.0,719.0
58,60,978.0,1168.0
58,61,1362.0,4644.0
58,62,1380.0,4945.0
58,63,1945.0,5023.0
58,64,2355.0,9615.0
58,65,2326.0,9063.0
58,66,3964.0,16291.0
59,1,3177.0,10088.0
59,2,1772.0,4616.0
59,3,2285.0,7035.0
59,4,2887.0,10786.0
59,5,2791.0,8722.0
59,6,2701.0,9107.0
59,7,2419.0,8126.0
59,8,2833.0,9983.0
59,9,2033.0,7325.0
59,10,1705.0,7607.0
59,11,1338.0,6362.0
59,12,2669.0,7231.0
59,13,2099.0,6043.0
59,14,3662.0,11429.0
59,15,5246.0,21526.0
59,16,1656.0,5753.0
59,17,3266.0,11381.0
59,18,2607.0,8339.0
59,19,3363.0,12128.0
59,20,2382.0,8422.0
59,21,2618.0,9252.0
59,22,3041.0,10948.0
59,23,2888.0,11919.0
59,24,2143.0,5895.0
59,25,2177.0,5933.0
59,26,2114.0,6212.0
59,27,3391.0,11084.0
59,28,1757.0,6601.0
59,29,3139.0,10154.0
59,30,3296.0,12107.0
59,31,2886.0,9839.0
59,32,2315.0,6988.0
59,33,2938.0,12684.0
59,34,3225.0,10455.0
59,35,2035.0,5187.0
59,36,3552.0,13279.0
59,37,2544.0,7831.0
59,38,2695.0,7966.0
59,39,2842.0,13138.0
59,40,2127.0,7915.0
59,41,2445.0,7923.0
59,42,2584.0,7766.0
59,43,2323.0,6769.0
59,44,1962.0,6371.0
59,45,1694.0,5416.0
59,46,1681.0,6198.0
59,47,1718.0,4935.0
59,48,1855.0,6525.0
59,49,2864.0,9511.0
59,50,1688.0,5703.0
59,51,1559.0,4241.0
59,52,1345.0,4090.0
59,53,1209.0,3107.0
59,54,1387.0,2652.0
59,55,1279.0,1854.0
59,56,513.0,611.0
59,57,822.0,1185.0
59,58,491.0,719.0
59,59,0.0,0.0
59,60,896.0,1096.0
59,61,1315.0,1554.0
59,62,1538.0,5570.0
59,63,2334.0,5603.0
59,64,2724.0,10868.0
59,65,2695.0,10316.0
59,66,3733.0,16241.0
60,1,2778.0,9478.0
60,2,1373.0,4006.0
60,3,2036.0,6295.0
60,4,2363.0,8890.0
60,5,2392.0,8111.0
60,6,2302.0,8497.0
60,7,2422.0,9104.0
60,8,2434.0,9372.0
60,9,1634.0,6715.0
60,10,2071.0,7355.0
60,11,1704.0,6110.0
60,12,2627.0,7900.0
60,13,1483.0,4864.0
60,14,3961.0,11933.0
60,15,4847.0,20916.0
60,16,1257.0,5143.0
60,17,2743.0,9547.0
60,18,2208.0,7729.0
60,19,2880.0,10600.0
60,20,1983.0,7812.0
60,21,2219.0,8642.0
60,22,2642.0,10338.0
60,23,2489.0,11309.0
60,24,1744.0,5285.0
60,25,1778.0,5323.0
60,26,1838.0,5410.0
60,27,3592.0,11776.0
60,28,1358.0,5991.0
60,29,2740.0,9544.0
60,30,2897.0,11497.0
60,31,2261.0,8013.0
60,32,1916.0,6378.0
60,33,2539.0,12073.0
60,34,2645.0,8642.0
60,35,1768.0,5271.0
60,36,3013.0,11693.0
60,37,2145.0,7221.0
60,38,2452.0,7689.0
60,39,3208.0,12887.0
60,40,1728.0,7304.0
60,41,2046.0,7313.0
60,42,2185.0,7156.0
60,43,1924.0,6159.0
60,44,1563.0,5761.0
60,45,1841.0,5157.0
60,46,2326.0,8161.0
60,47,1319.0,4325.0
60,48,1456.0,5915.0
60,49,2337.0,8080.0
60,50,1289.0,5093.0
60,51,1056.0,2869.0
60,52,946.0,3480.0
60,53,810.0,2497.0
60,54,962.0,2669.0
60,55,1480.0,3510.0
60,56,779.0,1087.0
60,57,1250.0,1878.0
60,58,751.0,1168.0
60,59,734.0,1096.0
60,60,0.0,0.0
60,61,1162.0,1474.0
60,62,2890.0,10154.0
60,63,1891.0,4050.0
60,64,2325.0,10257.0
60,65,2296.0,9705.0
60,66,3934.0,16933.0
61,1,3120.0,10563.0
61,2,1715.0,5091.0
61,3,2678.0,8739.0
61,4,2830.0,11261.0
61,5,2734.0,9197.0
61,6,2644.0,9582.0
61,7,2362.0,8601.0
61,8,2776.0,10457.0
61,9,1976.0,7800.0
61,10,1869.0,8715.0
61,11,1502.0,7470.0
61,12,2612.0,7706.0
61,13,1825.0,5949.0
61,14,3605.0,11904.0
61,15,5189.0,22001.0
61,16,1599.0,6228.0
61,17,3085.0,10632.0
61,18,2550.0,8814.0
61,19,3222.0,11686.0
61,20,2325.0,8897.0
61,21,2561.0,9727.0
61,22,2984.0,11423.0
61,23,2831.0,12394.0
61,24,2086.0,6370.0
61,25,2120.0,6408.0
61,26,2057.0,6687.0
61,27,3334.0,11559.0
61,28,1700.0,7076.0
61,29,3082.0,10629.0
61,30,3239.0,12582.0
61,31,2663.0,9012.0
61,32,2258.0,7463.0
61,33,2881.0,13158.0
61,34,2987.0,9727.0
61,35,1934.0,4719.0
61,36,3355.0,12778.0
61,37,2487.0,8306.0
61,38,2638.0,8441.0
61,39,3006.0,14246.0
61,40,2070.0,8390.0
61,41,2388.0,8398.0
61,42,2527.0,8241.0
61,43,2266.0,7244.0
61,44,1905.0,6846.0
61,45,1858.0,6524.0
61,46,1845.0,7306.0
61,47,1661.0,5410.0
61,48,1798.0,7000.0
61,49,2616.0,8715.0
61,50,1631.0,6178.0
61,51,1398.0,3954.0
61,52,1288.0,4565.0
61,53,1152.0,3582.0
61,54,1304.0,3754.0
61,55,1352.0,2092.0
61,56,844.0,1197.0
61,57,918.0,2391.0
61,58,1148.0,2850.0
61,59,1062.0,1554.0
61,60,813.0,1724.0
61,61,0.0,0.0
61,62,1702.0,6678.0
61,63,2233.0,5135.0
61,64,2667.0,11342.0
61,65,2638.0,10791.0
61,66,3676.0,16716.0
62,1,2985.0,9867.0
62,2,1669.0,4396.0
62,3,836.0,2353.0
62,4,2335.0,8090.0
62,5,2908.0,8020.0
62,6,3218.0,8531.0
62,7,1684.0,8187.0
62,8,3350.0,9406.0
62,9,1772.0,7020.0
62,10,933.0,2861.0
62,11,590.0,1615.0
62,12,1462.0,2890.0
62,13,1216.0,3644.0
62,14,3110.0,8733.0
62,15,4462.0,20221.0
62,16,1459.0,5165.0
62,17,2920.0,9563.0
62,18,2586.0,7621.0
62,19,3017.0,10310.0
62,20,2484.0,7945.0
62,21,3030.0,9364.0
62,22,3558.0,10372.0
62,23,3278.0,12069.0
62,24,1050.0,3458.0
62,25,1012.0,3465.0
62,26,851.0,2755.0
62,27,2839.0,8388.0
62,28,1498.0,6013.0
62,29,2665.0,9513.0
62,30,3813.0,11531.0
62,31,2499.0,10301.0
62,32,1555.0,4580.0
62,33,3339.0,12680.0
62,34,2981.0,10704.0
62,35,1145.0,3276.0
62,36,3206.0,11461.0
62,37,2182.0,9893.0
62,38,1960.0,9245.0
62,39,1920.0,7439.0
62,40,2326.0,7328.0
62,41,2176.0,7185.0
62,42,2300.0,7178.0
62,43,2120.0,6181.0
62,44,1759.0,5783.0
62,45,1057.0,1453.0
62,46,999.0,1406.0
62,47,1641.0,4667.0
62,48,1614.0,5937.0
62,49,2263.0,10001.0
62,50,1491.0,5115.0
62,51,1361.0,3865.0
62,52,1242.0,3870.0
62,53,1062.0,3421.0
62,54,983.0,3083.0
62,55,1399.0,4868.0
62,56,1585.0,6366.0
62,57,1411.0,4852.0
62,58,1806.0,7560.0
62,59,1856.0,6965.0
62,60,2190.0,8347.0
62,61,1949.0,6392.0
62,62,0.0,0.0
62,63,777.0,1043.0
62,64,3241.0,10291.0
62,65,3212.0,9739.0
62,66,3379.0,13296.0
63,1,2508.0,6240.0
63,2,2049.0,4948.0
63,3,1006.0,1948.0
63,4,2218.0,6938.0
63,5,2686.0,6708.0
63,6,2996.0,7219.0
63,7,1750.0,4279.0
63,8,3128.0,8094.0
63,9,1550.0,5708.0
63,10,1891.0,2827.0
63,11,1028.0,2160.0
63,12,1683.0,3978.0
63,13,994.0,2331.0
63,14,2993.0,7582.0
63,15,4479.0,17711.0
63,16,1712.0,5293.0
63,17,2587.0,8099.0
63,18,2364.0,6309.0
63,19,2684.0,8846.0
63,20,2262.0,6633.0
63,21,2697.0,7900.0
63,22,3336.0,9060.0
63,23,2945.0,10605.0
63,24,1309.0,3165.0
63,25,1279.0,3591.0
63,26,977.0,2350.0
63,27,2722.0,7236.0
63,28,1276.0,4700.0
63,29,2470.0,6307.0
63,30,3591.0,10219.0
63,31,2207.0,6556.0
63,32,1518.0,3927.0
63,33,3006.0,11216.0
63,34,2546.0,7173.0
63,35,979.0,1352.0
63,36,2873.0,9997.0
63,37,2083.0,6388.0
63,38,2008.0,4527.0
63,39,3296.0,10383.0
63,40,2104.0,6016.0
63,41,1954.0,5873.0
63,42,2078.0,5865.0
63,43,1898.0,4869.0
63,44,1537.0,4471.0
63,45,1790.0,2496.0
63,46,1180.0,2601.0
63,47,1419.0,3355.0
63,48,1392.0,4624.0
63,49,2073.0,6478.0
63,50,1269.0,3803.0
63,51,1045.0,1410.0
63,52,1515.0,2025.0
63,53,1369.0,1818.0
63,54,1332.0,3338.0
63,55,2056.0,4528.0
63,56,2366.0,9517.0
63,57,2131.0,4636.0
63,58,1780.0,4995.0
63,59,2236.0,5575.0
63,60,2365.0,9842.0
63,61,2347.0,9180.0
63,62,733.0,1043.0
63,63,0.0,0.0
63,64,2948.0,9718.0
63,65,2838.0,8974.0
63,66,3428.0,15647.0
64,1,3008.0,10022.0
64,2,2262.0,7841.0
64,3,2690.0,8558.0
64,4,1811.0,4322.0
64,5,1597.0,4084.0
64,6,1228.0,3014.0
64,7,1862.0,5207.0
64,8,1082.0,2220.0
64,9,1100.0,3857.0
64,10,2760.0,9138.0
64,11,2821.0,9643.0
64,12,2673.0,8137.0
64,13,2266.0,8444.0
64,14,2144.0,3719.0
64,15,3311.0,11901.0
64,16,1648.0,5771.0
64,17,1011.0,2911.0
64,18,1502.0,4058.0
64,19,843.0,1928.0
64,20,1060.0,3528.0
64,21,1140.0,3262.0
64,22,1087.0,1275.0
64,23,851.0,2046.0
64,24,2567.0,8613.0
64,25,2601.0,8651.0
64,26,2661.0,8738.0
64,27,1388.0,2031.0
64,28,1199.0,4382.0
64,29,1507.0,3680.0
64,30,1309.0,2246.0
64,31,944.0,3824.0
64,32,2284.0,6959.0
64,33,912.0,2658.0
64,34,1120.0,3546.0
64,35,2459.0,9464.0
64,36,783.0,1150.0
64,37,1302.0,4543.0
64,38,1672.0,5067.0
64,39,2822.0,8754.0
64,40,933.0,3277.0
64,41,1818.0,5775.0
64,42,1936.0,5326.0
64,43,1955.0,5746.0
64,44,1641.0,5406.0
64,45,3095.0,11314.0
64,46,2973.0,10070.0
64,47,1858.0,6260.0
64,48,1470.0,4991.0
64,49,1042.0,4237.0
64,50,1658.0,5979.0
64,51,2082.0,9189.0
64,52,1835.0,7477.0
64,53,2504.0,11296.0
64,54,2125.0,9040.0
64,55,2285.0,9829.0
64,56,2626.0,12973.0
64,57,2297.0,9813.0
64,58,2883.0,12616.0
64,59,2749.0,13396.0
64,60,2625.0,13297.0
64,61,2607.0,12635.0
64,62,3198.0,11477.0
64,63,2758.0,9880.0
64,64,0.0,0.0
64,65,847.0,1710.0
64,66,1896.0,6584.0
65,1,1523.0,4345.0
65,2,2258.0,7292.0
65,3,2586.0,7197.0
65,4,1024.0,3236.0
65,5,1495.0,3488.0
65,6,1121.0,2418.0
65,7,1394.0,3994.0
65,8,1117.0,1409.0
65,9,1003.0,3260.0
65,10,2080.0,8628.0
65,11,2064.0,9527.0
65,12,2379.0,6190.0
65,13,2227.0,7714.0
65,14,1695.0,3619.0
65,15,3680.0,12747.0
65,16,1644.0,5222.0
65,17,969.0,2196.0
65,18,1402.0,3462.0
65,19,660.0,980.0
65,20,1002.0,2794.0
65,21,991.0,2302.0
65,22,1189.0,1759.0
65,23,951.0,2797.0
65,24,2240.0,6502.0
65,25,2195.0,6432.0
65,26,2060.0,6481.0
65,27,1417.0,2491.0
65,28,1195.0,3833.0
65,29,1081.0,2403.0
65,30,1444.0,2918.0
65,31,905.0,3094.0
65,32,1983.0,5590.0
65,33,1012.0,3408.0
65,34,1081.0,2816.0
65,35,2321.0,7084.0
65,36,879.0,2189.0
65,37,1263.0,3813.0
65,38,1585.0,4451.0
65,39,1941.0,5640.0
65,40,831.0,2681.0
65,41,1725.0,4661.0
65,42,1932.0,4777.0
65,43,1951.0,5198.0
65,44,1637.0,4858.0
65,45,3018.0,12294.0
65,46,2698.0,11111.0
65,47,1854.0,5711.0
65,48,1466.0,4443.0
65,49,1003.0,3507.0
65,50,1654.0,5430.0
65,51,2043.0,8459.0
65,52,1831.0,6928.0
65,53,2465.0,10567.0
65,54,2121.0,8492.0
65,55,2281.0,9281.0
65,56,2622.0,12424.0
65,57,2293.0,9265.0
65,58,2844.0,11887.0
65,59,2745.0,12848.0
65,60,2621.0,12749.0
65,61,2603.0,12087.0
65,62,2711.0,11515.0
65,63,2719.0,9151.0
65,64,872.0,1678.0
65,65,0.0,0.0
65,66,2167.0,8655.0
66,1,1450.0,5442.0
66,2,3587.0,14583.0
66,3,3341.0,12008.0
66,4,1227.0,7027.0
66,5,2561.0,12770.0
66,6,2973.0,10136.0
66,7,1518.0,8339.0
66,8,2857.0,9344.0
66,9,1845.0,10318.0
66,10,3869.0,17292.0
66,11,3792.0,17994.0
66,12,3125.0,10975.0
66,13,2999.0,11783.0
66,14,1433.0,6840.0
66,15,2085.0,5078.0
66,16,2221.0,10752.0
66,17,1613.0,7634.0
66,18,2490.0,12708.0
66,19,1484.0,6850.0
66,20,2555.0,11240.0
66,21,2843.0,10020.0
66,22,3721.0,14460.0
66,23,1912.0,6222.0
66,24,2609.0,10950.0
66,25,2941.0,11217.0
66,26,2806.0,11266.0
66,27,938.0,5868.0
66,28,2148.0,11034.0
66,29,1384.0,7711.0
66,30,3976.0,15619.0
66,31,1962.0,9825.0
66,32,2054.0,9540.0
66,33,2404.0,6839.0
66,34,2111.0,8863.0
66,35,3067.0,11869.0
66,36,1433.0,5631.0
66,37,1645.0,9417.0
66,38,1431.0,8769.0
66,39,3681.0,12931.0
66,40,2683.0,10399.0
66,41,1777.0,11050.0
66,42,2174.0,11586.0
66,43,2900.0,12117.0
66,44,2503.0,11684.0
66,45,4120.0,17744.0
66,46,4298.0,19945.0
66,47,2944.0,12644.0
66,48,2411.0,11616.0
66,49,1726.0,9525.0
66,50,2550.0,11376.0
66,51,2941.0,14541.0
66,52,3011.0,13782.0
66,53,3363.0,16649.0
66,54,3294.0,16311.0
66,55,3610.0,16572.0
66,56,3951.0,19715.0
66,57,3622.0,16556.0
66,58,3742.0,17969.0
66,59,4074.0,20139.0
66,60,3950.0,20040.0
66,61,3932.0,19378.0
66,62,3819.0,16053.0
66,63,3617.0,15233.0
66,64,2195.0,6590.0
66,65,2590.0,8745.0
66,66,0.0,0.0
